site,event_index,onset_sample,peak_sample,onset_s_from_start,peak_s_from_start,peak_envelope,robust_z_peak
H1,0,128,130,1.0,1.015625,0.006991318316273193,6.322322360267839
H1,1,351,355,2.7421875,2.7734375,0.010243836898210316,10.101858796947157
H1,2,677,681,5.2890625,5.3203125,0.007168287455233866,6.527966476364254
H1,3,1164,1169,9.09375,9.1328125,0.007515730417672567,6.931706932605639
H1,4,1420,1423,11.09375,11.1171875,0.006834984966376768,6.140657727978553
H1,5,1644,1647,12.84375,12.8671875,0.008346528122660497,7.8971219236066466
H1,6,2182,2187,17.046875,17.0859375,0.011056052405695843,11.04568064689005
H1,7,2284,2289,17.84375,17.8828125,0.009044950567258176,8.708712391440168
H1,8,2474,2479,19.328125,19.3671875,0.010467237806815587,10.361458197470185
H1,9,3448,3451,26.9375,26.9609375,0.007630648673235513,7.065245826603625
H1,10,4871,4876,38.0546875,38.09375,0.01566067281496623,16.39640507028432
H1,11,4993,4997,39.0078125,39.0390625,0.013047875134775112,13.360245926168957
H1,12,5390,5393,42.109375,42.1328125,0.007588792913878265,7.016608020672511
H1,13,5728,5732,44.75,44.78125,0.0071277267954290265,6.480833619851304
H1,14,6211,6214,48.5234375,48.546875,0.007926866260092811,7.409460666429565
H1,15,7116,7120,55.59375,55.625,0.007559974064946075,6.9831195449395
H1,16,7821,7825,61.1015625,61.1328125,0.01039300234825855,10.275194087537626
H1,17,8143,8148,63.6171875,63.65625,0.009122669318302284,8.799024204880897
H1,18,8475,8488,66.2109375,66.3125,0.01330424346444907,13.65815458335371
H1,19,8832,8837,69.0,69.0390625,0.011790261010734418,11.898855841730624
H1,20,9131,9134,71.3359375,71.359375,0.009578975697479815,9.329267627921864
H1,21,9296,9300,72.625,72.65625,0.007909319193902819,7.389070382915058
H1,22,9710,9715,75.859375,75.8984375,0.014639909972225211,15.210244173687597
H1,23,9777,9783,76.3828125,76.4296875,0.04716478426606337,53.00524653729046
H1,24,9942,9947,77.671875,77.7109375,0.018461412918878983,19.650959657979495
H1,25,10126,10134,79.109375,79.171875,0.008670002857125865,8.273010489484994
H1,26,13331,13337,104.1484375,104.1953125,0.00920584664584807,8.895679068564313
H1,27,13625,13630,106.4453125,106.484375,0.014649280568706628,15.22113312326397
H1,28,14441,14446,112.8203125,112.859375,0.010646057179769713,10.56925234795333
H1,29,14514,14516,113.390625,113.40625,0.007187386761437312,6.55016051519684
H1,30,14635,14647,114.3359375,114.4296875,0.0067185454155021425,6.005351037451019
H1,31,14981,14985,117.0390625,117.0703125,0.007469055637540231,6.877469261785295
H1,32,15109,15112,118.0390625,118.0625,0.006932123235724452,6.2535356775264646
H1,33,15918,15926,124.359375,124.421875,0.008280437790837718,7.820322726017543
H1,34,16134,16138,126.046875,126.078125,0.010507414731939394,10.408145141324239
H1,35,17177,17181,134.1953125,134.2265625,0.009245139018764646,8.941338132880356
H1,36,18031,18035,140.8671875,140.8984375,0.007847134735989015,7.316809942717851
H1,37,18280,18286,142.8125,142.859375,0.03328712517832866,36.8789379992871
H1,38,19211,19215,150.0859375,150.1171875,0.008562020283602445,8.147531092249668
H1,39,19777,19782,154.5078125,154.546875,0.009425573940060923,9.151009605097583
H1,40,20618,20626,161.078125,161.140625,0.007521202729647968,6.938065943932667
H1,41,21034,21038,164.328125,164.359375,0.010614300278596887,10.532349756292428
H1,42,21176,21181,165.4375,165.4765625,0.010281110770319252,10.145172295155657
H1,43,21868,21872,170.84375,170.875,0.009359054584321382,9.073711867228152
H1,44,22384,22388,174.875,174.90625,0.010250474324815115,10.109571710821943
H1,45,23529,23533,183.8203125,183.8515625,0.0085356420506602,8.116878694721764
H1,46,23843,23847,186.2734375,186.3046875,0.007558860579013404,6.981825636680949
H1,47,24722,24727,193.140625,193.1796875,0.01400258063994216,14.46964596560798
H1,48,26302,26307,205.484375,205.5234375,0.008976453633230108,8.629116640812445
H1,49,27565,27568,215.3515625,215.375,0.006922996672321853,6.242930302629193
H1,50,27984,27992,218.625,218.6875,0.0084466136314301,8.013424664897368
H1,51,28742,28747,224.546875,224.5859375,0.02558309246582723,27.92659180579457
H1,52,29095,29099,227.3046875,227.3359375,0.006780978529893813,6.077900424873165
H1,53,29947,29950,233.9609375,233.984375,0.007334550905234088,6.721170220334748
H1,54,30510,30520,238.359375,238.4375,0.012623068327695773,12.866606069713619
H1,55,30911,30915,241.4921875,241.5234375,0.009931715815019278,9.739163557286524
H1,56,31032,31046,242.4375,242.546875,0.011729789059516169,11.828585392148643
H1,57,31185,31189,243.6328125,243.6640625,0.006951508337196408,6.276061820112973
H1,58,31456,31460,245.75,245.78125,0.009894028758930608,9.695369925339472
H1,59,31687,31690,247.5546875,247.578125,0.009614957449990467,9.371079639519532
H1,60,35427,35443,276.7734375,276.8984375,0.010755990410762934,10.696998475046415
H1,61,36033,36038,281.5078125,281.546875,0.014825403539205398,15.425793963030747
H1,62,36664,36669,286.4375,286.4765625,0.02589997058415932,28.294814880944294
H1,63,36916,36920,288.40625,288.4375,0.008074235822830974,7.580709075314798
H1,64,39935,39937,311.9921875,312.0078125,0.006886913902619227,6.201000905642886
H1,65,40797,40799,318.7265625,318.7421875,0.007383680141632415,6.77826005222838
H1,66,42203,42209,329.7109375,329.7578125,0.020654029205413038,22.19885383224625
H1,67,43954,43957,343.390625,343.4140625,0.007416808592605854,6.8167564310777475
H1,68,44359,44363,346.5546875,346.5859375,0.00942219007829562,9.147077443446095
H1,69,44453,44457,347.2890625,347.3203125,0.01441772201699796,14.95205426595384
H1,70,45017,45021,351.6953125,351.7265625,0.009674505713975459,9.440276733341586
H1,71,45365,45370,354.4140625,354.453125,0.009651425103967937,9.413456285031568
H1,72,45533,45537,355.7265625,355.7578125,0.008458987487941418,8.027803504054965
H1,73,45793,45797,357.7578125,357.7890625,0.008901470091855154,8.541983233381117
H1,74,45933,45937,358.8515625,358.8828125,0.009123826316357359,8.800368675695179
H1,75,46592,46595,364.0,364.0234375,0.008154237378288765,7.673673584579386
H1,76,46887,46890,366.3046875,366.328125,0.007059174830404374,6.401173921347037
H1,77,47075,47081,367.7734375,367.8203125,0.008169383112090303,7.691273438760408
H1,78,49416,49419,386.0625,386.0859375,0.00709112385433527,6.438299766141209
H1,79,49525,49530,386.9140625,386.953125,0.01076024094023496,10.701937733842328
H1,80,49965,49970,390.3515625,390.390625,0.015364205675057146,16.051900241384267
H1,81,50605,50609,395.3515625,395.3828125,0.010299693939390064,10.166766565209075
H1,82,50707,50711,396.1484375,396.1796875,0.009422144750122532,9.147024770578136
H1,83,51352,51357,401.1875,401.2265625,0.01006272460857992,9.891400199849514
H1,84,51470,51474,402.109375,402.140625,0.007661103290626953,7.100635120529662
H1,85,52494,52499,410.109375,410.1484375,0.010381366305252422,10.26167261259059
H1,86,52765,52769,412.2265625,412.2578125,0.009090788313994689,8.761977401186167
H1,87,53133,53136,415.1015625,415.125,0.008579355373606386,8.167675052277097
H1,88,53533,53542,418.2265625,418.296875,0.009256155410547659,8.95413955217919
H1,89,55309,55313,432.1015625,432.1328125,0.010744740775532627,10.683926018984696
H1,90,55661,55665,434.8515625,434.8828125,0.009558774663105058,9.305793343746512
H1,91,55911,55915,436.8046875,436.8359375,0.0077692341733911485,7.226286858111489
H1,92,57557,57560,449.6640625,449.6875,0.007582407624515596,7.0091880987882895
H1,93,58227,58231,454.8984375,454.9296875,0.01012867475550456,9.968036497852639
H1,94,58340,58344,455.78125,455.8125,0.009313774397778697,9.021094761257373
H1,95,58492,58495,456.96875,456.9921875,0.00821614070406326,7.745607339736286
H1,96,58944,58948,460.5,460.53125,0.011357114382246397,11.395524831144895
H1,97,59084,59089,461.59375,461.6328125,0.011048938229516483,11.037413733908778
H1,98,59419,59423,464.2109375,464.2421875,0.010287746181287088,10.15288286679222
H1,99,59523,59526,465.0234375,465.046875,0.007208070360453465,6.574195555782729
H1,100,59760,59765,466.875,466.9140625,0.007126792218283627,6.479747609645694
H1,101,59896,59900,467.9375,467.96875,0.01021169511308633,10.064508957136658
H1,102,60005,60011,468.7890625,468.8359375,0.010014297083651634,9.835125780382358
H1,103,60431,60435,472.1171875,472.1484375,0.010259816806640617,10.120427990218651
H1,104,60618,60621,473.578125,473.6015625,0.007087596755966779,6.434201158719412
H1,105,60727,60741,474.4296875,474.5390625,0.06019298682538213,68.1444579013213
H1,106,60938,60943,476.078125,476.1171875,0.011121437264886985,11.12166006145588
H1,107,61037,61043,476.8515625,476.8984375,0.008683346753185564,8.288516547358109
H1,108,61125,61128,477.5390625,477.5625,0.010212320142049121,10.065235261899979
H1,109,61263,61266,478.6171875,478.640625,0.007558025192783546,6.980854889669084
H1,110,61578,61581,481.078125,481.1015625,0.006777478359137204,6.073833108245777
H1,111,62408,62412,487.5625,487.59375,0.011126263747888323,11.12726859770403
H1,112,63600,63606,496.875,496.921875,0.007188664178257521,6.5516449166830055
H1,113,64010,64014,500.078125,500.109375,0.01091960151325565,10.887120101637771
H1,114,64376,64380,502.9375,502.96875,0.009578569940502655,9.328796124611127
H1,115,64757,64761,505.9140625,505.9453125,0.008433105096998664,7.997727291676109
H1,116,64933,64937,507.2890625,507.3203125,0.012522459490990026,12.7496952036872
H1,117,65160,65165,509.0625,509.1015625,0.009934561789786455,9.742470676080602
H1,118,66236,66241,517.46875,517.5078125,0.00860886825367936,8.201970015634606
H1,119,66510,66518,519.609375,519.671875,0.00880580503100602,8.430817201861906
H1,120,66901,66906,522.6640625,522.703125,0.009913396317656056,9.717875682662081
H1,121,67414,67418,526.671875,526.703125,0.010655596300859488,10.580337128816051
H1,122,68035,68039,531.5234375,531.5546875,0.01078554763239899,10.731344964797735
H1,123,68426,68433,534.578125,534.6328125,0.013205601262874306,13.543529013766943
H1,124,68706,68711,536.765625,536.8046875,0.011000755740895029,10.981424054905556
H1,125,69165,69169,540.3515625,540.3828125,0.00796064485459981,7.4487125340216584
H1,126,69717,69721,544.6640625,544.6953125,0.01795832456911554,19.06635400519108
H1,127,69934,69937,546.359375,546.3828125,0.006793096325144408,6.091981712198069
H1,128,70233,70236,548.6953125,548.71875,0.008621268162329603,8.21637912825747
H1,129,70373,70377,549.7890625,549.8203125,0.0079703812288275,7.4600265296922945
H1,130,70437,70442,550.2890625,550.328125,0.013994699153782458,14.46048741251586
H1,131,70728,70733,552.5625,552.6015625,0.010905780329900625,10.871059419808482
H1,132,71363,71367,557.5234375,557.5546875,0.009624327211599051,9.38196761894548
H1,133,72183,72191,563.9296875,563.9921875,0.010890767702050797,10.853614239238617
H1,134,74064,74069,578.625,578.6640625,0.010668839754897918,10.595726469668309
H1,135,74205,74220,579.7265625,579.84375,0.009388332607728245,9.107733919208032
H1,136,74600,74605,582.8125,582.8515625,0.011741303252628912,11.841965273404435
H1,137,75206,75211,587.546875,587.5859375,0.011182801266290215,11.19296710347924
H1,138,76004,76009,593.78125,593.8203125,0.010974975746016111,10.951466830211011
H1,139,76776,76779,599.8125,599.8359375,0.00687491223625039,6.187054564000503
H1,140,76934,76938,601.046875,601.078125,0.008761948568607805,8.379854511429192
H1,141,77357,77362,604.3515625,604.390625,0.015119521555919016,15.767569031442783
H1,142,78559,78562,613.7421875,613.765625,0.007255842359749382,6.629708232326578
H1,143,79458,79465,620.765625,620.8203125,0.010902000691500451,10.866667352341054
H1,144,79963,79968,624.7109375,624.75,0.010538580239370323,10.444360513484432
H1,145,80097,80102,625.7578125,625.796875,0.009677838946556234,9.444150062170797
H1,146,80346,80351,627.703125,627.7421875,0.008585704632055522,8.175053105022952
H1,147,81156,81165,634.03125,634.1015625,0.009634626916095772,9.39393622341359
H1,148,81514,81520,636.828125,636.875,0.010585922043573507,10.499373288801923
H1,149,81876,81879,639.65625,639.6796875,0.007097081946425557,6.445223270367562
H1,150,82392,82397,643.6875,643.7265625,0.01238034045536539,12.58454808462935
H1,151,82525,82529,644.7265625,644.7578125,0.016600491368338712,17.48850596897404
H1,152,83306,83312,650.828125,650.875,0.013482604465048528,13.86541608968052
H1,153,83658,83663,653.578125,653.6171875,0.016085248565662263,16.88977643141899
H1,154,84198,84202,657.796875,657.828125,0.006923075592848599,6.243022010946586
H1,155,84446,84449,659.734375,659.7578125,0.008970112268512688,8.621747760849432
H1,156,84696,84700,661.6875,661.71875,0.008416389533892205,7.978303242826295
H1,157,85474,85477,667.765625,667.7890625,0.008407185797098425,7.967608189842162
H1,158,87003,87006,679.7109375,679.734375,0.006955888168061098,6.281151331493945
H1,159,87147,87150,680.8359375,680.859375,0.007381290628242712,6.7754833569705974
H1,160,88345,88349,690.1953125,690.2265625,0.0070326215677217795,6.370318133349721
H1,161,88666,88675,692.703125,692.7734375,0.012951321313055054,13.248047124502389
H1,162,90359,90363,705.9296875,705.9609375,0.01445131269061043,14.991087763120005
H1,163,90733,90740,708.8515625,708.90625,0.012002754536409912,12.145780494923736
H1,164,90945,90950,710.5078125,710.546875,0.012588522706998808,12.826462891784681
H1,165,91292,91299,713.21875,713.2734375,0.015459336098188104,16.16244500581911
H1,166,91407,91411,714.1171875,714.1484375,0.006775093930192768,6.0710623212851065
H1,167,92028,92032,718.96875,719.0,0.0070157714519623595,6.350737729773036
H1,168,92105,92108,719.5703125,719.59375,0.007665292772435536,7.105503439878946
H1,169,92234,92237,720.578125,720.6015625,0.00700584724862036,6.339205470328185
H1,170,92928,92951,726.0,726.1796875,0.011054734658864404,11.044149380568806
H1,171,93823,93826,732.9921875,733.015625,0.007433252149861013,6.835864399942134
H1,172,94844,94847,740.96875,740.9921875,0.00829333323798424,7.835307671108471
H1,173,96232,96241,751.8125,751.8828125,0.009925909960999301,9.732416958839275
H1,174,96613,96619,754.7890625,754.8359375,0.013913511012631184,14.366144050601921
H1,175,97241,97246,759.6953125,759.734375,0.009692560158254298,9.461256607330569
H1,176,97762,97766,763.765625,763.796875,0.01061745730011955,10.536018321921091
H1,177,98263,98269,767.6796875,767.7265625,0.01110720294410983,11.105119299989548
H1,178,98585,98588,770.1953125,770.21875,0.008225799887716333,7.756831637352328
H1,179,98914,98920,772.765625,772.8125,0.0073765594535628014,6.769985572210713
H1,180,100813,100818,787.6015625,787.640625,0.016129321392624605,16.940990544782313
H1,181,101176,101180,790.4375,790.46875,0.00938158160695219,9.099889028310605
H1,182,101694,101697,794.484375,794.5078125,0.007131594850309317,6.48532843025464
H1,183,102828,102832,803.34375,803.375,0.007048219641119509,6.388443621417987
H1,184,103729,103734,810.3828125,810.421875,0.00904653796795041,8.71055700465444
H1,185,104223,104229,814.2421875,814.2890625,0.011463402503771057,11.519035217932414
H1,186,104447,104450,815.9921875,816.015625,0.0075352123892876675,6.954345641569993
H1,187,104910,104913,819.609375,819.6328125,0.007992237530589554,7.485424290473585
H1,188,105228,105233,822.09375,822.1328125,0.010689452148874857,10.619678767593886
H1,189,105618,105623,825.140625,825.1796875,0.01246019232338561,12.67733865203622
H1,190,106216,106220,829.8125,829.84375,0.010864384028890362,10.82295551999345
H1,191,107187,107192,837.3984375,837.4375,0.02148043556464719,23.159165931176283
H1,192,107265,107270,838.0078125,838.046875,0.009661666345227436,9.4253569532436
H1,193,107368,107371,838.8125,838.8359375,0.009009433433547308,8.667440282579014
H1,194,108654,108657,848.859375,848.8828125,0.008059138233697895,7.563165166864472
H1,195,108748,108755,849.59375,849.6484375,0.01376697194252689,14.195860702204746
H1,196,108822,108825,850.171875,850.1953125,0.007260693165979425,6.63534503298793
H1,197,109726,109729,857.234375,857.2578125,0.008076117132861268,7.582895221105838
H1,198,111047,111058,867.5546875,867.640625,0.008729771533963442,8.342463710485562
H1,199,112560,112565,879.375,879.4140625,0.010643500238479682,10.56628109582097
H1,200,112693,112697,880.4140625,880.4453125,0.007418426187314149,6.818636130758399
H1,201,112774,112777,881.046875,881.0703125,0.00741292329203819,6.812241580603259
H1,202,112867,112871,881.7734375,881.8046875,0.007241380674825293,6.612903266042938
H1,203,113179,113184,884.2109375,884.25,0.020149943331373436,21.61308902256042
H1,204,113318,113323,885.296875,885.3359375,0.008627635998894304,8.223778769401033
H1,205,113449,113452,886.3203125,886.34375,0.00891037312463382,8.552328858144275
H1,206,114243,114248,892.5234375,892.5625,0.01848914102005721,19.68318064798553
H1,207,116116,116120,907.15625,907.1875,0.007796752942425013,7.258264597096183
H1,208,118099,118105,922.6484375,922.6953125,0.03477502253571662,38.60792497802941
H1,209,118311,118317,924.3046875,924.3515625,0.01135288091265954,11.390605396511695
H1,210,118564,118568,926.28125,926.3125,0.00955386652882993,9.300089925960682
H1,211,118870,118875,928.671875,928.7109375,0.013059991724696348,13.37432581286044
H1,212,119239,119243,931.5546875,931.5859375,0.01366931216094217,14.082376737824822
H1,213,119467,119471,933.3359375,933.3671875,0.010901561080623757,10.866156509655742
H1,214,120786,120793,943.640625,943.6953125,0.007235122101890778,6.605630592927715
H1,215,120890,120894,944.453125,944.484375,0.007433303806046976,6.835924426174763
H1,216,120961,120964,945.0078125,945.03125,0.007967003481250592,7.4561014729342086
H1,217,121481,121489,949.0703125,949.1328125,0.008213508470976506,7.7425485959933695
H1,218,123839,123842,967.4921875,967.515625,0.008682211545009567,8.287197397119206
H1,219,124767,124775,974.7421875,974.8046875,0.015977357108881655,16.76440291491602
H1,220,125062,125065,977.046875,977.0703125,0.006714702063856513,6.00088493304064
H1,221,125449,125454,980.0703125,980.109375,0.015793874760601213,16.551190229625103
H1,222,126868,126871,991.15625,991.1796875,0.009289243632460004,8.992589183500947
H1,223,127550,127555,996.484375,996.5234375,0.009680802940325901,9.447594323031522
H1,224,127871,127875,998.9921875,999.0234375,0.008709280438259765,8.318652365250019
H1,225,127950,127956,999.609375,999.65625,0.0071400707262267325,6.495177684319029
H1,226,128088,128094,1000.6875,1000.734375,0.007384526303147679,6.77924332048579
H1,227,128300,128304,1002.34375,1002.375,0.008412652873271023,7.973961116989507
H1,228,128833,128838,1006.5078125,1006.546875,0.014894169176331915,15.505701955733544
H1,229,129123,129126,1008.7734375,1008.796875,0.007229095161620085,6.598627084790582
H1,230,129279,129286,1009.9921875,1010.046875,0.007934632994694464,7.418485874335828
H1,231,129538,129541,1012.015625,1012.0390625,0.009518923360327378,9.259484784055616
H1,232,129710,129714,1013.359375,1013.390625,0.009229971946414598,8.923713482585317
H1,233,130189,130193,1017.1015625,1017.1328125,0.0067746683647367445,6.070567799852956
H1,234,131161,131164,1024.6953125,1024.71875,0.006960553442308262,6.2865725377253785
H1,235,132436,132451,1034.65625,1034.7734375,0.009468945224443116,9.201408502290185
H1,236,132953,132960,1038.6953125,1038.75,0.011655891426293887,11.742713846664149
H1,237,133339,133344,1041.7109375,1041.75,0.012092704037323912,12.25030485277171
H1,238,134121,134125,1047.8203125,1047.8515625,0.01052120519072515,10.424170120166403
H1,239,134543,134548,1051.1171875,1051.15625,0.009792068855732857,9.576889074420954
H1,240,134837,134842,1053.4140625,1053.453125,0.012746143060316444,13.009623065514255
H1,241,135018,135023,1054.828125,1054.8671875,0.010700357383851595,10.632351018929828
H1,242,135250,135254,1056.640625,1056.671875,0.008869590188975705,8.504937709583091
H1,243,135664,135668,1059.875,1059.90625,0.009062560210936578,8.729175392109582
H1,244,135772,135780,1060.71875,1060.78125,0.012927632956667955,13.220520454374414
H1,245,135860,135864,1061.40625,1061.4375,0.010408835342989892,10.293592562129342
H1,246,136830,136835,1068.984375,1069.0234375,0.014163277000652662,14.656380563811375
H1,247,137520,137523,1074.375,1074.3984375,0.007129089035964155,6.482416589358884
H1,248,138349,138353,1080.8515625,1080.8828125,0.012834263549915757,13.112022050444962
H1,249,138880,138889,1085.0,1085.0703125,0.015324576501279373,16.005849803093035
H1,250,139559,139563,1090.3046875,1090.3359375,0.006997452028304646,6.329449940796885
H1,251,139742,139746,1091.734375,1091.765625,0.009171467290890885,8.855729097040147
H1,252,140611,140614,1098.5234375,1098.546875,0.006854397722515678,6.163216006222019
H1,253,141729,141733,1107.2578125,1107.2890625,0.007445235174803609,6.849789079617663
H1,254,141906,141910,1108.640625,1108.671875,0.012903362696568305,13.19231759248033
H1,255,142288,142292,1111.625,1111.65625,0.011237002842702713,11.255951165773048
H1,256,142558,142562,1113.734375,1113.765625,0.010908886574271085,10.874668980671434
H1,257,142676,142679,1114.65625,1114.6796875,0.006855534476665896,6.164536952935177
H1,258,143318,143322,1119.671875,1119.703125,0.008732461695537482,8.345589769087075
H1,259,143821,143825,1123.6015625,1123.6328125,0.008222513141854395,7.75301232766036
H1,260,145976,145979,1140.4375,1140.4609375,0.007159040405648598,6.517221092453648
H1,261,146171,146177,1141.9609375,1142.0078125,0.006744316433343061,6.035297830524236
H1,262,146256,146261,1142.625,1142.6640625,0.014163740167058975,14.656918778817625
H1,263,146829,146833,1147.1015625,1147.1328125,0.010304815223555952,10.172717670366492
H1,264,147069,147074,1148.9765625,1149.015625,0.00876941253324859,8.388527890415741
H1,265,147969,147974,1156.0078125,1156.046875,0.009387754297780432,9.107061903517916
H1,266,148210,148214,1157.890625,1157.921875,0.007178121205070805,6.53939362578142
H1,267,148967,148972,1163.8046875,1163.84375,0.011771528915585179,11.877088514544523
H1,268,149191,149196,1165.5546875,1165.59375,0.030021052735814974,33.083651518875136
H1,269,149422,149426,1167.359375,1167.390625,0.009385313661317266,9.104225801522235
H1,270,150313,150316,1174.3203125,1174.34375,0.01188106224729532,12.004369945165221
H1,271,150738,150743,1177.640625,1177.6796875,0.009281285287095332,8.983341317416953
H1,272,152192,152196,1189.0,1189.03125,0.008657197692000147,8.258130455151257
H1,273,152993,152996,1195.2578125,1195.28125,0.007879548542743838,7.3544758808501305
H1,274,153372,153379,1198.21875,1198.2734375,0.009638940812026344,9.398949116174354
H1,275,153701,153704,1200.7890625,1200.8125,0.006836523875207069,6.142445992011586
H1,276,154051,154057,1203.5234375,1203.5703125,0.007856229261226975,7.3273780881858155
H1,277,154501,154505,1207.0390625,1207.0703125,0.008402101703208348,7.961700301041231
H1,278,154718,154726,1208.734375,1208.796875,0.007900720321809794,7.379078203140769
H1,279,154794,154797,1209.328125,1209.3515625,0.007809296511681225,7.272840648194906
H1,280,155224,155227,1212.6875,1212.7109375,0.009471297567504682,9.204142004371352
H1,281,156051,156059,1219.1484375,1219.2109375,0.01064771860934841,10.571182985233786
H1,282,156146,156150,1219.890625,1219.921875,0.009025540929827398,8.686157737240876
H1,283,156291,156295,1221.0234375,1221.0546875,0.008640113336985871,8.238277857649672
H1,284,156991,156998,1226.4921875,1226.546875,0.00858466771273682,8.173848169755649
H1,285,157344,157347,1229.25,1229.2734375,0.007788313107474879,7.248457223852955
H1,286,157430,157433,1229.921875,1229.9453125,0.00856733479678004,8.153706736044445
H1,287,157522,157527,1230.640625,1230.6796875,0.009192217481050593,8.879841518783769
H1,288,157582,157596,1231.109375,1231.21875,0.008547838020599819,8.131050823675439
H1,289,158870,158873,1241.171875,1241.1953125,0.007075066185659217,6.419640212838022
H1,290,159450,159454,1245.703125,1245.734375,0.012095556292643677,12.253619269780005
H1,291,159788,159793,1248.34375,1248.3828125,0.012804109378712009,13.076981885135728
H1,292,160178,160180,1251.390625,1251.40625,0.007573529121525107,6.9988709784674175
H1,293,160451,160455,1253.5234375,1253.5546875,0.008337065726486638,7.886126299687383
H1,294,160922,160925,1257.203125,1257.2265625,0.007412989366345442,6.8123183611797575
H1,295,161684,161688,1263.15625,1263.1875,0.015138924792578208,15.790116247729323
H1,296,163263,163269,1275.4921875,1275.5390625,0.012351401267950314,12.55091977151514
H1,297,163768,163772,1279.4375,1279.46875,0.007810621345677198,7.274380150040688
H1,298,163836,163841,1279.96875,1280.0078125,0.009502508671563126,9.240410361352613
H1,299,163921,163926,1280.6328125,1280.671875,0.01601291665146399,16.805724304318055
H1,300,164100,164105,1282.03125,1282.0703125,0.01324702924841151,13.591669732072335
H1,301,164249,164255,1283.1953125,1283.2421875,0.008142439517030644,7.659964071358589
H1,302,165608,165612,1293.8125,1293.84375,0.009796782888954652,9.582366940227606
H1,303,165721,165726,1294.6953125,1294.734375,0.007095454476745163,6.4433320956358315
H1,304,166757,166760,1302.7890625,1302.8125,0.007619683721700595,7.0525041826103205
H1,305,168175,168178,1313.8671875,1313.890625,0.009249691814955437,8.946628635811663
H1,306,168346,168351,1315.203125,1315.2421875,0.01215038672882067,12.317334088358086
H1,307,168431,168436,1315.8671875,1315.90625,0.012162208282666644,12.33107113316612
H1,308,168675,168679,1317.7734375,1317.8046875,0.00795547268765594,7.442702301357806
H1,309,169034,169037,1320.578125,1320.6015625,0.008633745811451463,8.230878577933813
H1,310,169293,169297,1322.6015625,1322.6328125,0.00924104798113664,8.936584208993573
H1,311,169539,169543,1324.5234375,1324.5546875,0.008473429256686097,8.044585327065521
H1,312,170107,170114,1328.9609375,1329.015625,0.013520948142494885,13.909972737820706
H1,313,170246,170251,1330.046875,1330.0859375,0.01127016005065879,11.294480961207423
H1,314,170715,170720,1333.7109375,1333.75,0.01329683826417559,13.649549490546566
H1,315,170785,170789,1334.2578125,1334.2890625,0.006720546005496297,6.007675790588404
H1,316,171470,171473,1339.609375,1339.6328125,0.007107624957721185,6.457474605552992
H1,317,172797,172804,1349.9765625,1350.03125,0.006949514630372683,6.273745065452086
H1,318,173198,173201,1353.109375,1353.1328125,0.006772000957505077,6.0674681825657455
H1,319,173376,173381,1354.5,1354.5390625,0.024954401176167956,27.196031294968847
H1,320,173800,173803,1357.8125,1357.8359375,0.00764539365009256,7.082379987680734
H1,321,173983,173986,1359.2421875,1359.265625,0.007981631575514415,7.473099812490618
H1,322,174548,174552,1363.65625,1363.6875,0.008483986195191145,8.056852846138648
H1,323,174615,174618,1364.1796875,1364.203125,0.008075918308016797,7.582664179921826
H1,324,175168,175173,1368.5,1368.5390625,0.015269939130038618,15.942359332491074
H1,325,175520,175525,1371.25,1371.2890625,0.01002402209270892,9.846426569341157
H1,326,175641,175645,1372.1953125,1372.2265625,0.010257699019240474,10.117967049737503
H1,327,175830,175834,1373.671875,1373.703125,0.006777505078492201,6.073864157038652
H1,328,176196,176199,1376.53125,1376.5546875,0.007735458716450232,7.187038636477146
H1,329,177310,177316,1385.234375,1385.28125,0.007204729956572408,6.5703138936603995
H1,330,177890,177895,1389.765625,1389.8046875,0.012082599493346542,12.238563031418071
H1,331,178682,178686,1395.953125,1395.984375,0.012390931704993818,12.596855474386604
H1,332,178770,178775,1396.640625,1396.6796875,0.015193749016434801,15.853823847381298
H1,333,179170,179174,1399.765625,1399.796875,0.011750716585549383,11.85290388416629
H1,334,179587,179591,1403.0234375,1403.0546875,0.009436273694229768,9.16344308079523
H1,335,180236,180241,1408.09375,1408.1328125,0.009646882340493185,9.408177440455125
H1,336,180364,180370,1409.09375,1409.140625,0.010563030938055556,10.472773051108756
H1,337,180473,180481,1409.9453125,1410.0078125,0.00776469293656686,7.221009787554442
H1,338,181247,181252,1415.9921875,1416.03125,0.006975419426395446,6.303847313290579
H1,339,181916,181922,1421.21875,1421.265625,0.012361768912744198,12.562967324903042
H1,340,182052,182065,1422.28125,1422.3828125,0.014274104207448448,14.785165520978504
H1,341,183142,183152,1430.796875,1430.875,0.01785754474303896,18.949244443741076
H1,342,183557,183562,1434.0390625,1434.078125,0.009013218770683082,8.671838972169665
H1,343,183632,183637,1434.625,1434.6640625,0.009384348174297853,9.103103872999126
H1,344,183855,183860,1436.3671875,1436.40625,0.017119966320199714,18.092153406810212
H1,345,184092,184097,1438.21875,1438.2578125,0.00934256220787148,9.054547168810744
H1,346,184628,184631,1442.40625,1442.4296875,0.0070343492999731284,6.372325816574981
H1,347,184826,184830,1443.953125,1443.984375,0.008050387001387745,7.552995939372355
H1,348,185064,185067,1445.8125,1445.8359375,0.0069439040018971845,6.267225325680703
H1,349,185373,185386,1448.2265625,1448.328125,0.011893982401890914,12.019383601146394
H1,350,186958,186968,1460.609375,1460.6875,0.006990549256169695,6.321428686454779
H1,351,187639,187644,1465.9296875,1465.96875,0.009739601384716816,9.515920101162257
H1,352,188690,188695,1474.140625,1474.1796875,0.023522004168438918,25.53153759689503
H1,353,188850,188853,1475.390625,1475.4140625,0.006728173737979315,6.016539473338416
H1,354,189644,189648,1481.59375,1481.625,0.010159900579994734,10.00432196047271
H1,355,190084,190087,1485.03125,1485.0546875,0.009231345789237495,8.925309934343117
H1,356,190344,190348,1487.0625,1487.09375,0.010964394435184058,10.939170989670798
H1,357,190536,190542,1488.5625,1488.609375,0.008153128816254117,7.672385398056629
H1,358,190757,190761,1490.2890625,1490.3203125,0.008525600028745573,8.105209526116536
H1,359,190909,190913,1491.4765625,1491.5078125,0.00868320075609132,8.288346893803965
H1,360,190993,190997,1492.1328125,1492.1640625,0.009285097528672945,8.987771270877642
H1,361,191356,191361,1494.96875,1495.0078125,0.015237996662751283,15.90524110673815
H1,362,192463,192469,1503.6171875,1503.6640625,0.02706096712373393,29.643932069251775
H1,363,192627,192631,1504.8984375,1504.9296875,0.009286548059388751,8.989456836556917
H1,364,192904,192908,1507.0625,1507.09375,0.007195649684757259,6.5597623111511085
H1,365,194004,194008,1515.65625,1515.6875,0.009373929645991406,9.090997191251182
H1,366,194112,194117,1516.5,1516.5390625,0.01266382723729117,12.913969299178515
H1,367,195516,195519,1527.46875,1527.4921875,0.007608838879128171,7.039902109287772
H1,368,195705,195724,1528.9453125,1529.09375,0.017770148744329903,18.847687341692446
H1,369,196040,196044,1531.5625,1531.59375,0.010132656000648775,9.972662839165329
H1,370,196230,196235,1533.046875,1533.0859375,0.007389332594439266,6.7848283932852915
H1,371,196385,196390,1534.2578125,1534.296875,0.011213091359803922,11.228165215103033
H1,372,196494,196497,1535.109375,1535.1328125,0.007179734791110496,6.541268667253771
H1,373,196596,196608,1535.90625,1536.0,0.06907711639327138,78.46811649515456
H1,374,197070,197074,1539.609375,1539.640625,0.011905899498253372,12.033231669585254
H1,375,197166,197170,1540.359375,1540.390625,0.007554099453277134,6.976293047782062
H1,376,197491,197495,1542.8984375,1542.9296875,0.011548876044141253,11.618358358465784
H1,377,197814,197819,1545.421875,1545.4609375,0.010764177331887708,10.706511953883137
H1,378,198612,198618,1551.65625,1551.703125,0.007988340255675273,7.480895525403929
H1,379,198962,198967,1554.390625,1554.4296875,0.009262446280254069,8.961449755234087
H1,380,199234,199238,1556.515625,1556.546875,0.013404378825877552,13.774515255117679
H1,381,199342,199345,1557.359375,1557.3828125,0.007036553421406605,6.3748870801185475
H1,382,199884,199887,1561.59375,1561.6171875,0.007302043937301571,6.683396025767736
H1,383,200467,200471,1566.1484375,1566.1796875,0.007950127495322154,7.436491007347436
H1,384,200584,200588,1567.0625,1567.09375,0.008133898982048332,7.650039681277116
H1,385,200662,200665,1567.671875,1567.6953125,0.009148846209395245,8.829442636380191
H1,386,202067,202070,1578.6484375,1578.671875,0.00721085341437081,6.577429558424333
H1,387,203593,203596,1590.5703125,1590.59375,0.0069829166467793,6.312559336573691
H1,388,203726,203733,1591.609375,1591.6640625,0.009567356605266858,9.315765850368958
H1,389,203961,203967,1593.4453125,1593.4921875,0.013656262610588667,14.067212719602988
H1,390,204702,204705,1599.234375,1599.2578125,0.006777686396765149,6.074074854995321
H1,391,205541,205545,1605.7890625,1605.8203125,0.007456219933982538,6.8625537407622526
H1,392,206430,206434,1612.734375,1612.765625,0.014622974603010399,15.190564702716557
H1,393,206498,206503,1613.265625,1613.3046875,0.009395181001579147,9.115691984147603
H1,394,206562,206567,1613.765625,1613.8046875,0.0069359787177786635,6.258015877881285
H1,395,206691,206695,1614.7734375,1614.8046875,0.008443421575010115,8.009715387534815
H1,396,206970,206973,1616.953125,1616.9765625,0.00815569781202884,7.675370657907306
H1,397,207838,207843,1623.734375,1623.7734375,0.012994447383177605,13.298161074443879
H1,398,207943,207946,1624.5546875,1624.578125,0.009215215890339084,8.90656644708218
H1,399,208065,208069,1625.5078125,1625.5390625,0.008233922150528601,7.766269981046269
H1,400,208723,208727,1630.6484375,1630.6796875,0.011084982627640197,11.0792985418245
H1,401,208788,208799,1631.15625,1631.2421875,0.00894186379231618,8.588922077497983
H1,402,210205,210210,1642.2265625,1642.265625,0.033092647595995714,36.65294848069475
H1,403,210514,210518,1644.640625,1644.671875,0.009137374788643574,8.81611245805248
H1,404,210596,210602,1645.28125,1645.328125,0.014041912760290896,14.515351217782547
H1,405,210718,210721,1646.234375,1646.2578125,0.00917583220812478,8.860801278278467
H1,406,211060,211066,1648.90625,1648.953125,0.012354384756228931,12.554386685653636
H1,407,211388,211392,1651.46875,1651.5,0.009536570959358066,9.279991890126219
H1,408,211784,211788,1654.5625,1654.59375,0.011509755721770189,11.572899222694138
H1,409,212368,212372,1659.125,1659.15625,0.0091653187213423,8.848584251574424
H1,410,212681,212685,1661.5703125,1661.6015625,0.009286684380364169,8.989615246134202
H1,411,213453,213458,1667.6015625,1667.640625,0.008604025182111893,8.196342202912385
H1,412,215419,215423,1682.9609375,1682.9921875,0.006933110817508436,6.2546832809121895
H1,413,216189,216195,1688.9765625,1689.0234375,0.008090697021056567,7.599837543582602
H1,414,216491,216494,1691.3359375,1691.359375,0.009914196062164128,9.718805012789534
H1,415,216741,216746,1693.2890625,1693.328125,0.00790125846450346,7.37970354312503
H1,416,217643,217647,1700.3359375,1700.3671875,0.007268560594943688,6.644487251144208
H1,417,217854,217864,1701.984375,1702.0625,0.009646495642886856,9.40772808477697
H1,418,218159,218163,1704.3671875,1704.3984375,0.012698412236443812,12.954158236202844
H1,419,218481,218484,1706.8828125,1706.90625,0.007559208236079978,6.982229625933426
H1,420,218709,218713,1708.6640625,1708.6953125,0.011847182887303671,11.9650009846769
H1,421,219000,219003,1710.9375,1710.9609375,0.00721380265258962,6.580856672836635
H1,422,219446,219450,1714.421875,1714.453125,0.007583080038047954,7.009969466021726
H1,423,219516,219519,1714.96875,1714.9921875,0.007356915511654232,6.747158648295267
H1,424,219685,219688,1716.2890625,1716.3125,0.0069025771546687405,6.219202133505745
H1,425,219811,219814,1717.2734375,1717.296875,0.006736939159694319,6.026725189398181
H1,426,220311,220315,1721.1796875,1721.2109375,0.007375148764700123,6.768346304110318
H1,427,220496,220501,1722.625,1722.6640625,0.008002633386688671,7.497504626350923
H1,428,221891,221896,1733.5234375,1733.5625,0.012161924557133623,12.330741434514733
H1,429,222534,222541,1738.546875,1738.6015625,0.0074809350809844225,6.891273576261509
H1,430,223084,223089,1742.84375,1742.8828125,0.018556661915407016,19.76164220870621
H1,431,224040,224043,1750.3125,1750.3359375,0.0069662564705110465,6.293199649100403
H1,432,225273,225280,1759.9453125,1760.0,0.008004395212814151,7.499551927809345
H1,433,225701,225703,1763.2890625,1763.3046875,0.007062847414113679,6.40544158764821
H1,434,226110,226113,1766.484375,1766.5078125,0.007501569593967639,6.915251577219386
H1,435,226322,226326,1768.140625,1768.171875,0.007180885621218861,6.542605970705672
H1,436,226543,226547,1769.8671875,1769.8984375,0.006875061207574946,6.187227673710715
H1,437,226915,226931,1772.7734375,1772.8984375,0.013961369306786748,14.421757004687041
H1,438,227209,227215,1775.0703125,1775.1171875,0.016124736352122502,16.935662572872303
H1,439,227657,227661,1778.5703125,1778.6015625,0.009544056611886807,9.28869047117102
H1,440,227728,227731,1779.125,1779.1484375,0.006783646867653172,6.081001123464981
H1,441,227847,227853,1780.0546875,1780.1015625,0.011538269851865937,11.606033604848202
H1,442,228101,228105,1782.0390625,1782.0703125,0.0116781445552584,11.768572734056393
H1,443,228920,228924,1788.4375,1788.46875,0.008141774561470427,7.659191370540653
H1,444,229879,229883,1795.9296875,1795.9609375,0.014090270251074849,14.571544255208787
H1,445,230354,230357,1799.640625,1799.6640625,0.007360596224803906,6.751435761280698
H1,446,231569,231573,1809.1328125,1809.1640625,0.00810448107957475,7.615855085097696
H1,447,231985,231989,1812.3828125,1812.4140625,0.010412862577518639,10.298272344660019
H1,448,232701,232706,1817.9765625,1818.015625,0.010318683777753206,10.188833398714264
H1,449,233395,233399,1823.3984375,1823.4296875,0.008440912795819393,8.006800101388388
H1,450,234090,234095,1828.828125,1828.8671875,0.011810522802940308,11.922400728557673
H1,451,235124,235128,1836.90625,1836.9375,0.01024068383781828,10.098194834286057
H1,452,235977,235980,1843.5703125,1843.59375,0.006803189800053364,6.103710670920384
H1,453,236459,236464,1847.3359375,1847.375,0.01105637925874735,11.046060461174424
H1,454,236541,236549,1847.9765625,1848.0390625,0.008872787136243215,8.508652670275644
H1,455,236794,236801,1849.953125,1850.0078125,0.01837797323900903,19.5539999320352
H1,456,237011,237017,1851.6484375,1851.6953125,0.016840779592371805,17.767729000344744
H1,457,237836,237840,1858.09375,1858.125,0.010126380778709613,9.965370819344436
H1,458,238341,238348,1862.0390625,1862.09375,0.008571366609897506,8.158391839049841
H1,459,238451,238456,1862.8984375,1862.9375,0.017775213031390232,18.85357221428829
H1,460,238584,238588,1863.9375,1863.96875,0.010014097083489814,9.834893373439892
H1,461,238746,238751,1865.203125,1865.2421875,0.012147947798123697,12.314499968520328
H1,462,239367,239372,1870.0546875,1870.09375,0.011605581676715543,11.684252218586895
H1,463,239665,239668,1872.3828125,1872.40625,0.006952661029574509,6.277401287585198
H1,464,240203,240208,1876.5859375,1876.625,0.011783060403577692,11.890488493034693
H1,465,240324,240329,1877.53125,1877.5703125,0.01131525682740193,11.346884938796993
H1,466,242019,242024,1890.7734375,1890.8125,0.010193980837206722,10.043924370315791
H1,467,242823,242827,1897.0546875,1897.0859375,0.009109336831589402,8.783531405054104
H1,468,242985,242989,1898.3203125,1898.3515625,0.008654889180290963,8.255447886581836
H1,469,243068,243072,1898.96875,1899.0,0.016709124201361083,17.61474098970779
H1,470,243627,243630,1903.3359375,1903.359375,0.006799375085135264,6.099277843354518
H1,471,244492,244504,1910.09375,1910.1875,0.022046275063452234,23.81669053839077
H1,472,245033,245039,1914.3203125,1914.3671875,0.014908436972471462,15.52228161670151
H1,473,245922,245926,1921.265625,1921.296875,0.014671906774455689,15.247425538479458
H1,474,246308,246313,1924.28125,1924.3203125,0.011334724195229219,11.36950667766671
H1,475,246834,246839,1928.390625,1928.4296875,0.006837271224647047,6.14331443730042
H1,476,247247,247253,1931.6171875,1931.6640625,0.014565009032037148,15.123206751625053
H1,477,248401,248405,1940.6328125,1940.6640625,0.008241149391575065,7.774668279221558
H1,478,248774,248778,1943.546875,1943.578125,0.006846525311469847,6.154067998718704
H1,479,248844,248851,1944.09375,1944.1484375,0.008959982165244863,8.609976238737092
H1,480,249340,249345,1947.96875,1948.0078125,0.011210276746176903,11.224894539012949
H1,481,249804,249809,1951.59375,1951.6328125,0.009640927274122075,9.40125745221664
H1,482,251480,251483,1964.6875,1964.7109375,0.008321532411743365,7.868076063362632
H1,483,252183,252187,1970.1796875,1970.2109375,0.007196605555659985,6.56087306542187
H1,484,252367,252372,1971.6171875,1971.65625,0.012265188273288876,12.450737360122403
H1,485,252506,252509,1972.703125,1972.7265625,0.006831237099378085,6.136302579952646
H1,486,252564,252578,1973.15625,1973.265625,0.013420669140869564,13.793445151296973
H1,487,252888,252893,1975.6875,1975.7265625,0.010100737548775976,9.93557252013515
H1,488,253665,253668,1981.7578125,1981.78125,0.007718722412033924,7.167590485524809
H1,489,253920,253926,1983.75,1983.796875,0.018214773299750114,19.364356091007377
H1,490,254142,254146,1985.484375,1985.515625,0.009245231232289548,8.94144528811054
H1,491,254367,254372,1987.2421875,1987.28125,0.010207039144248867,10.05909856410556
H1,492,254445,254449,1987.8515625,1987.8828125,0.009246513834792084,8.9429357155347
H1,493,254645,254650,1989.4140625,1989.453125,0.00910162430339235,8.774569186820653
H1,494,254824,254828,1990.8125,1990.84375,0.008483189875210285,8.055927495427468
H1,495,255025,255032,1992.3828125,1992.4375,0.012354572901610928,12.554605316941585
H1,496,255184,255189,1993.625,1993.6640625,0.010025632963285043,9.848298455353138
H1,497,256427,256431,2003.3359375,2003.3671875,0.006878332901869249,6.191029492972769
H1,498,256918,256923,2007.171875,2007.2109375,0.010422781769592378,10.309798780841913
H1,499,257230,257234,2009.609375,2009.640625,0.011294295165400205,11.322526779631092
H1,500,257858,257861,2014.515625,2014.5390625,0.008537091198363161,8.118562653293406
H1,501,258028,258032,2015.84375,2015.875,0.011051296747302083,11.040154411227805
H1,502,258110,258114,2016.484375,2016.515625,0.008575929807103332,8.163694428311883
H1,503,258586,258590,2020.203125,2020.234375,0.0094645327695337,9.19628108066746
H1,504,259248,259253,2025.375,2025.4140625,0.010734108234064529,10.671570646715233
H1,505,259808,259813,2029.75,2029.7890625,0.008748603012595313,8.364346524634872
H1,506,261448,261454,2042.5625,2042.609375,0.011178420711460047,11.187876750825934
H1,507,261727,261732,2044.7421875,2044.78125,0.007034591711251533,6.372607506667231
H1,508,262119,262144,2047.8046875,2048.0,0.18346617805161305,211.3920693039866
H1,509,262428,262431,2050.21875,2050.2421875,0.008415440450188487,7.977200375510001
H1,510,263476,263481,2058.40625,2058.4453125,0.0077335151582481245,7.1847801562082045
H1,511,263632,263638,2059.625,2059.671875,0.014205020168886575,14.704887535054732
H1,512,264174,264178,2063.859375,2063.890625,0.006829720607741938,6.134540365456296
H1,513,265178,265182,2071.703125,2071.734375,0.007965054373528317,7.453836543935413
H1,514,265752,265758,2076.1875,2076.234375,0.022832936704467913,24.730817932487295
H1,515,265989,265994,2078.0390625,2078.078125,0.0071024794861987315,6.451495393870386
H1,516,266322,266327,2080.640625,2080.6796875,0.017395130684823963,18.41190369138927
H1,517,266600,266604,2082.8125,2082.84375,0.008289100908945583,7.830389561830801
H1,518,266777,266783,2084.1953125,2084.2421875,0.010871389971864123,10.83109666233455
H1,519,267521,267524,2090.0078125,2090.03125,0.007512691276535692,6.928175347966333
H1,520,267697,267702,2091.3828125,2091.421875,0.014503921201703934,15.052220629711938
H1,521,270607,270611,2114.1171875,2114.1484375,0.009335151653698288,9.045935854591324
H1,522,270919,270924,2116.5546875,2116.59375,0.016698897980060575,17.602857775195364
H1,523,271449,271453,2120.6953125,2120.7265625,0.010697138302739499,10.628610337962359
H1,524,271658,271661,2122.328125,2122.3515625,0.00750259902223704,6.916447807634411
H1,525,271771,271776,2123.2109375,2123.25,0.008275322491925158,7.814378575926628
H1,526,272279,272283,2127.1796875,2127.2109375,0.01310820285256323,13.430348771634057
H1,527,272575,272579,2129.4921875,2129.5234375,0.010550354147613438,10.458042192492849
H1,528,274317,274320,2143.1015625,2143.125,0.007024910413715813,6.36135751197272
H1,529,274725,274730,2146.2890625,2146.328125,0.010433502050384742,10.322256109169317
H1,530,274873,274876,2147.4453125,2147.46875,0.006820517902252477,6.1238465108826095
H1,531,275010,275012,2148.515625,2148.53125,0.008195388541010757,7.721492625424606
H1,532,276062,276066,2156.734375,2156.765625,0.009393593394605654,9.11384713122754
H1,533,276514,276517,2160.265625,2160.2890625,0.007700454025038128,7.1463620028734205
H1,534,276776,276780,2162.3125,2162.34375,0.010591751726275805,10.506147576982775
H1,535,277077,277080,2164.6640625,2164.6875,0.006798416867773778,6.098164362419435
H1,536,277668,277672,2169.28125,2169.3125,0.013395816085616035,13.764565061751851
H1,537,279132,279136,2180.71875,2180.75,0.007392624483092562,6.7886536790745
H1,538,279574,279577,2184.171875,2184.1953125,0.010330493729297027,10.20255696125536
H1,539,279652,279660,2184.78125,2184.84375,0.014021451881977757,14.491574986175312
H1,540,280348,280353,2190.21875,2190.2578125,0.006939896334718694,6.262568281071854
H1,541,280428,280432,2190.84375,2190.875,0.007054990681501221,6.396311799013968
H1,542,280664,280669,2192.6875,2192.7265625,0.010722120045435237,10.657639966661376
H1,543,280849,280859,2194.1328125,2194.2109375,0.013336962455960204,13.696175156479562
H1,544,281189,281193,2196.7890625,2196.8203125,0.009805000464567972,9.591916040615287
H1,545,281739,281743,2201.0859375,2201.1171875,0.007908438574254426,7.388047073143227
H1,546,281971,281975,2202.8984375,2202.9296875,0.011925961132240724,12.056543965802595
H1,547,282183,282187,2204.5546875,2204.5859375,0.009320362711411338,9.028750604199862
H1,548,283773,283777,2216.9765625,2217.0078125,0.01290461397933269,13.193771625311026
H1,549,283864,283868,2217.6875,2217.71875,0.014503211663339767,15.051396122170155
H1,550,284609,284612,2223.5078125,2223.53125,0.007001549049896541,6.3342108182517975
H1,551,284823,284826,2225.1796875,2225.203125,0.008216909941549116,7.746501219673637
H1,552,285873,285878,2233.3828125,2233.421875,0.008957435647826592,8.607017099495755
H1,553,286686,286689,2239.734375,2239.7578125,0.0081806553914724,7.7043722080912485
H1,554,286992,287005,2242.125,2242.2265625,0.008705387813893196,8.314129004273862
H1,555,287701,287705,2247.6640625,2247.6953125,0.007523515169919612,6.940753077624341
H1,556,287983,287987,2249.8671875,2249.8984375,0.011094538947176946,11.090403307863431
H1,557,288575,288579,2254.4921875,2254.5234375,0.013563575176763302,13.959506791246191
H1,558,288667,288672,2255.2109375,2255.25,0.00794707605938192,7.432945135731404
H1,559,289391,289397,2260.8671875,2260.9140625,0.016085808553990145,16.890427156767988
H1,560,289566,289570,2262.234375,2262.265625,0.01352993126849153,13.920411433608072
H1,561,289888,289891,2264.75,2264.7734375,0.007881891882360364,7.3571989206240955
H1,562,290430,290435,2268.984375,2269.0234375,0.015643718333656263,16.376703390413255
H1,563,290974,290977,2273.234375,2273.2578125,0.006914132282978187,6.232629582842574
H1,564,291987,291991,2281.1484375,2281.1796875,0.009977374909100029,9.79222096661305
H1,565,292107,292112,2282.0859375,2282.125,0.012229585350842058,12.409365561852807
H1,566,292217,292223,2282.9453125,2282.9921875,0.010523874978193732,10.427272503369295
H1,567,293302,293307,2291.421875,2291.4609375,0.01349476885814766,13.879551525279131
H1,568,293395,293402,2292.1484375,2292.203125,0.028900324483142333,31.781327439893413
H1,569,294201,294206,2298.4453125,2298.484375,0.010520905453196956,10.423821815035868
H1,570,294311,294315,2299.3046875,2299.3359375,0.007020505591378056,6.3562389596560305
H1,571,294526,294531,2300.984375,2301.0234375,0.010387753183166136,10.269094380424773
H1,572,294789,294793,2303.0390625,2303.0703125,0.007601635033598435,7.031530997493037
H1,573,294987,294991,2304.5859375,2304.6171875,0.008971148833150854,8.622952283965972
H1,574,295135,295143,2305.7421875,2305.8046875,0.016086328467599505,16.89103131394065
H1,575,295593,295597,2309.3203125,2309.3515625,0.007036833333946693,6.375212347943371
H1,576,295750,295756,2310.546875,2310.59375,0.014255394611610963,14.763424338752513
H1,577,298244,298250,2330.03125,2330.078125,0.008903989908224575,8.54491134510194
H1,578,298375,298380,2331.0546875,2331.09375,0.011378683630801118,11.420589026404867
H1,579,299117,299122,2336.8515625,2336.890625,0.007114376333005564,6.465319931641737
H1,580,299897,299900,2342.9453125,2342.96875,0.00902541820258211,8.686015124037091
H1,581,300114,300119,2344.640625,2344.6796875,0.01021966812965035,10.073773871649772
H1,582,300620,300631,2348.59375,2348.6796875,0.013111922917833113,13.434671613112174
H1,583,301466,301469,2355.203125,2355.2265625,0.008035111485801431,7.535245274374416
H1,584,301637,301643,2356.5390625,2356.5859375,0.008724740703490864,8.336617715574587
H1,585,301699,301709,2357.0234375,2357.1015625,0.006737315210916116,6.027162173617957
H1,586,301894,301898,2358.546875,2358.578125,0.009088340177654997,8.759132584080676
H1,587,302758,302761,2365.296875,2365.3203125,0.007308762302860767,6.691202993441011
H1,588,302890,302893,2366.328125,2366.3515625,0.008028975040769156,7.528114518006116
H1,589,303188,303192,2368.65625,2368.6875,0.011018664084074785,11.00223415448326
H1,590,303259,303265,2369.2109375,2369.2578125,0.00676926920978052,6.06429379945288
H1,591,303360,303371,2370.0,2370.0859375,0.012100222491631413,12.259041550591217
H1,592,304475,304485,2378.7109375,2378.7890625,0.024307154049606018,26.443908274992165
H1,593,304622,304626,2379.859375,2379.890625,0.008844658017789265,8.475965684652012
H1,594,305527,305532,2386.9296875,2386.96875,0.007945535487777619,7.4311549394988266
H1,595,306828,306843,2397.09375,2397.2109375,0.00827587449725013,7.815020024756639
H1,596,307072,307077,2399.0,2399.0390625,0.010413475637650771,10.2989847412379
H1,597,307747,307752,2404.2734375,2404.3125,0.012380532213070323,12.584770913558549
H1,598,307942,307946,2405.796875,2405.828125,0.009081436279400841,8.751110021150023
H1,599,308675,308678,2411.5234375,2411.546875,0.007865024419275621,7.33759835886953
H1,600,309481,309485,2417.8203125,2417.8515625,0.009924714094427153,9.731027321495484
H1,601,309625,309630,2418.9453125,2418.984375,0.011269482097869623,11.293693157170505
H1,602,310684,310705,2427.21875,2427.3828125,0.011277239938974323,11.302708030532957
H1,603,311427,311432,2433.0234375,2433.0625,0.012982796064637338,13.284621848810287
H1,604,311642,311646,2434.703125,2434.734375,0.008670795546665782,8.273931621501191
H1,605,311940,311942,2437.03125,2437.046875,0.006884436459810052,6.198122033430112
H1,606,312051,312056,2437.8984375,2437.9375,0.015142479077148949,15.794246446436272
H1,607,312376,312383,2440.4375,2440.4921875,0.04348829628217204,48.73304333719216
H1,608,313394,313397,2448.390625,2448.4140625,0.007123838976751357,6.47631584324795
H1,609,313711,313716,2450.8671875,2450.90625,0.008921782429448957,8.565586855655948
H1,610,313852,313856,2451.96875,2452.0,0.008332370505556798,7.880670294399315
H1,611,314608,314613,2457.875,2457.9140625,0.008637351395283582,8.235068388114968
H1,612,315295,315300,2463.2421875,2463.28125,0.009938666535947317,9.74724052974553
H1,613,315778,315783,2467.015625,2467.0546875,0.013481681596071993,13.86434368476254
H1,614,315936,315939,2468.25,2468.2734375,0.007022943849796279,6.359072298283177
H1,615,316648,316652,2473.8125,2473.84375,0.007468829695970254,6.877206710050453
H1,616,317406,317414,2479.734375,2479.796875,0.007958432954012691,7.44614223083884
H1,617,318294,318298,2486.671875,2486.703125,0.010607286158982038,10.524199112418241
H1,618,318873,318876,2491.1953125,2491.21875,0.006940699469860015,6.263501551229652
H1,619,319005,319010,2492.2265625,2492.265625,0.009256164954288663,8.954150642328552
H1,620,320248,320253,2501.9375,2501.9765625,0.01135046512609294,11.387798170935058
H1,621,320316,320319,2502.46875,2502.4921875,0.007333472214800992,6.71991674562182
H1,622,320537,320542,2504.1953125,2504.234375,0.007504128019620888,6.9182245542319345
H1,623,321206,321211,2509.421875,2509.4609375,0.021754980876534987,23.478196855568854
H1,624,321267,321276,2509.8984375,2509.96875,0.007150231093787593,6.5069843745619655
H1,625,321463,321466,2511.4296875,2511.453125,0.007057865839380686,6.3996528295701
H1,626,321725,321729,2513.4765625,2513.5078125,0.00967185501421853,9.437196530704266
H1,627,322003,322006,2515.6484375,2515.671875,0.007351610950238915,6.740994568784352
H1,628,322172,322177,2516.96875,2517.0078125,0.029512538614617993,32.49274093644111
H1,629,322388,322392,2518.65625,2518.6875,0.008839894422455452,8.47043022599738
H1,630,323779,323782,2529.5234375,2529.546875,0.007077388399516897,6.422338703766746
H1,631,323924,323931,2530.65625,2530.7109375,0.0179563947093604,19.064111442980142
H1,632,324101,324104,2532.0390625,2532.0625,0.007138576926569799,6.493441838668883
H1,633,325580,325585,2543.59375,2543.6328125,0.014904141052410487,15.517289612508302
H1,634,326035,326039,2547.1484375,2547.1796875,0.019985816707430888,21.422368342634105
H1,635,326307,326312,2549.2734375,2549.3125,0.010765719709415863,10.708304248660221
H1,636,327052,327064,2555.09375,2555.1875,0.022363383125605138,24.185180816025973
H1,637,327270,327275,2556.796875,2556.8359375,0.011344546786649179,11.3809208606265
H1,638,327649,327680,2559.7578125,2560.0,0.3186307928661238,368.4579165148925
H1,639,328005,328019,2562.5390625,2562.6484375,0.0071997086829151775,6.564479004091608
H1,640,328559,328562,2566.8671875,2566.890625,0.0067670620276488016,6.061728979274589
H1,641,330041,330046,2578.4453125,2578.484375,0.01678931205777773,17.707921986978352
H1,642,330947,330951,2585.5234375,2585.5546875,0.00893682343795717,8.58306501550933
H1,643,331064,331068,2586.4375,2586.46875,0.008849271329919221,8.481326509148381
H1,644,331213,331217,2587.6015625,2587.6328125,0.006991075624046915,6.32204034370467
H1,645,332313,332318,2596.1953125,2596.234375,0.00876714012545781,8.385887275818812
H1,646,332622,332632,2598.609375,2598.6875,0.010135488344584428,9.975954118472837
H1,647,332701,332705,2599.2265625,2599.2578125,0.007412032520445401,6.811206473929189
H1,648,333336,333340,2604.1875,2604.21875,0.0074683966865025575,6.876703538425339
H1,649,333412,333416,2604.78125,2604.8125,0.007543717996406792,6.964229444294853
H1,650,334049,334052,2609.7578125,2609.78125,0.009022122162221603,8.682185013823892
H1,651,334573,334578,2613.8515625,2613.890625,0.01129622372798628,11.324767834487771
H1,652,334705,334709,2614.8828125,2614.9140625,0.010086310608497474,9.91880792830308
H1,653,334961,334965,2616.8828125,2616.9140625,0.008911479849776749,8.553614910136819
H1,654,336200,336205,2626.5625,2626.6015625,0.018326966958064357,19.49472891098693
H1,655,336617,336622,2629.8203125,2629.859375,0.007120108956757654,6.471981434044561
H1,656,338364,338368,2643.46875,2643.5,0.007500873334809307,6.914442500563252
H1,657,338708,338712,2646.15625,2646.1875,0.007042147804295713,6.381387941969896
H1,658,339308,339312,2650.84375,2650.875,0.010806999845270174,10.756273160640895
H1,659,339616,339620,2653.25,2653.28125,0.012305388610276009,12.49745150935231
H1,660,339696,339700,2653.875,2653.90625,0.008071122596109058,7.577091400723645
H1,661,341048,341055,2664.4375,2664.4921875,0.00886107347445207,8.495040999679068
H1,662,341206,341212,2665.671875,2665.71875,0.010024533601155428,9.847020959430727
H1,663,341305,341310,2666.4453125,2666.484375,0.010541951889620371,10.448278484942787
H1,664,341490,341495,2667.890625,2667.9296875,0.00888401842251613,8.52170380422919
H1,665,342010,342015,2671.953125,2671.9921875,0.016815314838076825,17.73813809585508
H1,666,342349,342354,2674.6015625,2674.640625,0.006937051731745518,6.2592627563487335
H1,667,342648,342653,2676.9375,2676.9765625,0.011447090840836314,11.500080514722702
H1,668,343340,343344,2682.34375,2682.375,0.008069168480090321,7.5748206519152195
H1,669,343593,343596,2684.3203125,2684.34375,0.007256227905727715,6.6301562497741084
H1,670,344002,344005,2687.515625,2687.5390625,0.007452412649850664,6.858129548020934
H1,671,344776,344780,2693.5625,2693.59375,0.009525464798498317,9.267086156128522
H1,672,345393,345398,2698.3828125,2698.421875,0.015014909915962568,15.646006772855872
H1,673,346084,346087,2703.78125,2703.8046875,0.006932771380627001,6.254288843792458
H1,674,346325,346331,2705.6640625,2705.7109375,0.010112432908874812,9.949162923547174
H1,675,346626,346632,2708.015625,2708.0625,0.010909342157887449,10.875198384219676
H1,676,348971,348974,2726.3359375,2726.359375,0.0067913129853452775,6.089909411124301
H1,677,349357,349362,2729.3515625,2729.390625,0.013070148020945055,13.386127772101156
H1,678,349919,349925,2733.7421875,2733.7890625,0.08295352403251229,94.59297080774404
H1,679,349993,349997,2734.3203125,2734.3515625,0.008583661025515554,8.17267836520657
H1,680,350181,350197,2735.7890625,2735.9140625,0.014258284383616126,14.766782351416257
H1,681,351334,351337,2744.796875,2744.8203125,0.008433191320977688,7.997827486851703
H1,682,351693,351702,2747.6015625,2747.671875,0.00811796220697536,7.631520610423542
H1,683,352774,352780,2756.046875,2756.09375,0.009742424462760083,9.519200613189883
H1,684,352978,352984,2757.640625,2757.6875,0.0074528190719577855,6.858601824235149
H1,685,353373,353376,2760.7265625,2760.75,0.008179161326346279,7.702636053956939
H1,686,353565,353569,2762.2265625,2762.2578125,0.00725847752243971,6.632770380367786
H1,687,355338,355342,2776.078125,2776.109375,0.008027206042681303,7.526058882485204
H1,688,355437,355444,2776.8515625,2776.90625,0.012308915075708806,12.501549381281455
H1,689,355682,355685,2778.765625,2778.7890625,0.008117071496829213,7.630485575152544
H1,690,355832,355837,2779.9375,2779.9765625,0.011396779504018552,11.44161704221964
H1,691,356296,356300,2783.5625,2783.59375,0.007472971496302885,6.882019621914375
H1,692,356606,356612,2785.984375,2786.03125,0.010787372414792547,10.73346542356583
H1,693,356797,356803,2787.4765625,2787.5234375,0.011274775415810711,11.299844171384652
H1,694,357010,357015,2789.140625,2789.1796875,0.014092907792595257,14.574609167530886
H1,695,357529,357534,2793.1953125,2793.234375,0.010794753335276727,10.742042302437826
H1,696,358277,358281,2799.0390625,2799.0703125,0.012861610962461226,13.143800667403069
H1,697,358582,358586,2801.421875,2801.453125,0.009490356086221863,9.226288646767419
H1,698,358763,358767,2802.8359375,2802.8671875,0.009763276929774519,9.543431884092806
H1,699,359706,359711,2810.203125,2810.2421875,0.012180138827566609,12.351907031892505
H1,700,359912,359915,2811.8125,2811.8359375,0.007457995826522488,6.864617387869343
H1,701,360150,360155,2813.671875,2813.7109375,0.011372487708430681,11.413389155360946
H1,702,360993,361000,2820.2578125,2820.3125,0.011026225790220586,11.011021112399575
H1,703,361182,361193,2821.734375,2821.8203125,0.015398756107400456,16.09204901060876
H1,704,362208,362219,2829.75,2829.8359375,0.015213713065215302,15.877022746292617
H1,705,362704,362716,2833.625,2833.71875,0.01118525541621268,11.195818908571006
H1,706,363098,363102,2836.703125,2836.734375,0.008279923562162297,7.819725174930109
H1,707,363247,363253,2837.8671875,2837.9140625,0.015705153592289717,16.448093235744643
H1,708,365750,365753,2857.421875,2857.4453125,0.008319945920045858,7.866232506430931
H1,709,365994,365997,2859.328125,2859.3515625,0.007647550785838213,7.084886652268245
H1,710,367552,367556,2871.5,2871.53125,0.008362464149811203,7.915640125349289
H1,711,367656,367660,2872.3125,2872.34375,0.009844216908062442,9.637486872378544
H1,712,369006,369017,2882.859375,2882.9453125,0.00932242953349291,9.031152321259624
H1,713,369125,369130,2883.7890625,2883.828125,0.017327507571816243,18.333323350297984
H1,714,369403,369408,2885.9609375,2886.0,0.011619554266305638,11.700488839574646
H1,715,369539,369545,2887.0234375,2887.0703125,0.023239413237566734,25.203157391524943
H1,716,369992,369996,2890.5625,2890.59375,0.017707150931454006,18.774481755560558
H1,717,371565,371569,2902.8515625,2902.8828125,0.0077936564305314425,7.2546663457000635
H1,718,372011,372016,2906.3359375,2906.375,0.007111309470666728,6.461756134029549
H1,719,372524,372528,2910.34375,2910.375,0.007652165946696569,7.0902496250494496
H1,720,372821,372834,2912.6640625,2912.765625,0.009367661533799624,9.083713433196854
H1,721,372974,372978,2913.859375,2913.890625,0.007524670545884225,6.942095663514724
H1,722,373971,373975,2921.6484375,2921.6796875,0.009367207923045476,9.083186322181135
H1,723,374110,374118,2922.734375,2922.796875,0.007367769936909517,6.759771857018929
H1,724,374514,374518,2925.890625,2925.921875,0.008121785736571796,7.635963680943325
H1,725,374653,374658,2926.9765625,2927.015625,0.009903834402055584,9.706764413808111
H1,726,374719,374725,2927.4921875,2927.5390625,0.008197663830818887,7.724136589023028
H1,727,375241,375246,2931.5703125,2931.609375,0.0073586917278463835,6.749222671497145
H1,728,375458,375462,2933.265625,2933.296875,0.009149551831486066,8.830262593080084
H1,729,375621,375624,2934.5390625,2934.5625,0.00777341740826475,7.2311479183113505
H1,730,376838,376841,2944.046875,2944.0703125,0.00778290019748979,7.242167239644802
H1,731,377443,377452,2948.7734375,2948.84375,0.008120551145673402,7.634529044624632
H1,732,378251,378259,2955.0859375,2955.1484375,0.009453087549327494,9.182981348258426
H1,733,379335,379341,2963.5546875,2963.6015625,0.008223515886312698,7.75417755058572
H1,734,381104,381109,2977.375,2977.4140625,0.008664911914991621,8.267094642793063
H1,735,382368,382373,2987.25,2987.2890625,0.010170025198700703,10.016087109338947
H1,736,382483,382490,2988.1484375,2988.203125,0.012949071932030843,13.245433267785874
H1,737,383789,383793,2998.3515625,2998.3828125,0.011841178864895613,11.958024107870134
H1,738,383925,383929,2999.4140625,2999.4453125,0.00921986394120644,8.911967639164608
H1,739,384085,384090,3000.6640625,3000.703125,0.009697052517880372,9.466476880932603
H1,740,384400,384404,3003.125,3003.15625,0.00975708743707925,9.536239484548576
H1,741,384496,384499,3003.875,3003.8984375,0.007440966193288797,6.844828378924869
H1,742,384713,384722,3005.5703125,3005.640625,0.009222858125839296,8.91544698282797
H1,743,385288,385293,3010.0625,3010.1015625,0.008049549171420662,7.552022352655305
H1,744,386191,386196,3017.1171875,3017.15625,0.010206020585237166,10.057914964135058
H1,745,387575,387579,3027.9296875,3027.9609375,0.009647714631715884,9.409144590964146
H1,746,389556,389560,3043.40625,3043.4375,0.006743962420260058,6.034886455366011
H1,747,390537,390543,3051.0703125,3051.1171875,0.011488030921463813,11.54765427104543
H1,748,391019,391022,3054.8359375,3054.859375,0.008179924642968746,7.703523053651072
H1,749,391188,391191,3056.15625,3056.1796875,0.007525834748869501,6.943448506701225
H1,750,391379,391383,3057.6484375,3057.6796875,0.010588631516092907,10.502521787374114
H1,751,391959,391962,3062.1796875,3062.203125,0.008387581018760564,7.944826775318517
H1,752,392079,392082,3063.1171875,3063.140625,0.008130271362124195,7.6458242644128305
H1,753,392763,392767,3068.4609375,3068.4921875,0.007077592637956499,6.4225760357311295
H1,754,392991,392996,3070.2421875,3070.28125,0.010072537964061316,9.902803650336779
H1,755,394060,394065,3078.59375,3078.6328125,0.012300520049286646,12.491794077061014
H1,756,394139,394145,3079.2109375,3079.2578125,0.01197519021921316,12.113749827435509
H1,757,394219,394222,3079.8359375,3079.859375,0.006889706463500622,6.204245955697785
H1,758,395388,395392,3088.96875,3089.0,0.007758606864937181,7.213937566781175
H1,759,396450,396453,3097.265625,3097.2890625,0.007312813730073261,6.695910888687241
H1,760,396939,396946,3101.0859375,3101.140625,0.008796167191628974,8.419617707015448
H1,761,398653,398658,3114.4765625,3114.515625,0.01848404185893488,19.67725525055187
H1,762,398720,398724,3115.0,3115.03125,0.007886163973504152,7.362163234810779
H1,763,398905,398908,3116.4453125,3116.46875,0.007296784356205474,6.677284214906834
H1,764,399743,399746,3122.9921875,3123.015625,0.008199913315424977,7.726750566105183
H1,765,400683,400690,3130.3359375,3130.390625,0.0453262732160356,50.868834606730786
H1,766,400760,400765,3130.9375,3130.9765625,0.013423120847988617,13.796294117768676
H1,767,401613,401618,3137.6015625,3137.640625,0.010945332449046155,10.917020318014751
H1,768,401874,401878,3139.640625,3139.671875,0.010167071585018018,10.012654910489854
H1,769,402125,402132,3141.6015625,3141.65625,0.009612732466715294,9.368494133811364
H1,770,402220,402224,3142.34375,3142.375,0.008017471057855758,7.514746501346783
H1,771,402697,402701,3146.0703125,3146.1015625,0.010776188951564271,10.72046986160524
H1,772,403096,403100,3149.1875,3149.21875,0.012214485061385328,12.391818515535203
H1,773,403515,403519,3152.4609375,3152.4921875,0.006976747363616309,6.305390421188486
H1,774,404390,404395,3159.296875,3159.3359375,0.015067635637566804,15.707275842019724
H1,775,405209,405217,3165.6953125,3165.7578125,0.00732982494212384,6.715678491594816
H1,776,405447,405451,3167.5546875,3167.5859375,0.011704312694829097,11.798980995991258
H1,777,407534,407537,3183.859375,3183.8828125,0.008125978914412526,7.6408362952067845
H1,778,409177,409181,3196.6953125,3196.7265625,0.012300403633790131,12.491658798322465
H1,779,409564,409569,3199.71875,3199.7578125,0.008045953965950443,7.5478446024811765
H1,780,409636,409645,3200.28125,3200.3515625,0.009618200317903478,9.374847961552996
H1,781,410250,410260,3205.078125,3205.15625,0.007954547061225281,7.441626692185007
H1,782,410847,410858,3209.7421875,3209.828125,0.007528254941470055,6.94626085223812
H1,783,411033,411037,3211.1953125,3211.2265625,0.008527336804199712,8.107227717848845
H1,784,411905,411908,3218.0078125,3218.03125,0.010491460500698283,10.389605785813755
H1,785,413560,413563,3230.9375,3230.9609375,0.0076922354627092385,7.136811755888926
H1,786,414044,414048,3234.71875,3234.75,0.012037291752529041,12.18591390644939
H1,787,415153,415157,3243.3828125,3243.4140625,0.007818133912760074,7.283110006706355
H1,788,415903,415907,3249.2421875,3249.2734375,0.011412246749471491,11.459590503797722
H1,789,417015,417018,3257.9296875,3257.953125,0.01212485060695752,12.287660252343974
H1,790,418316,418320,3268.09375,3268.125,0.009307560890821473,9.013874456329738
H1,791,419225,419230,3275.1953125,3275.234375,0.026019325785323268,28.433509655575733
H1,792,420008,420011,3281.3125,3281.3359375,0.007530049213012871,6.9483458563672365
H1,793,420810,420814,3287.578125,3287.609375,0.00789334485853113,7.370507665725883
H1,794,421321,421325,3291.5703125,3291.6015625,0.008992318498249226,8.647552149754885
H1,795,421671,421678,3294.3046875,3294.359375,0.01943497629678387,20.782273182410346
H1,796,421842,421845,3295.640625,3295.6640625,0.007172530465191786,6.532896997230827
H1,797,421920,421923,3296.25,3296.2734375,0.006783178834708149,6.080457253376395
H1,798,422187,422191,3298.3359375,3298.3671875,0.009468560949298687,9.20096196159457
H1,799,422843,422854,3303.4609375,3303.546875,0.012467016591175334,12.685268681677911
H1,800,425544,425547,3324.5625,3324.5859375,0.008676126954471527,8.280126897424443
H1,801,426968,426972,3335.6875,3335.71875,0.010068726106770223,9.89837414343
H1,802,428397,428400,3346.8515625,3346.875,0.010300598282636823,10.167817442603402
H1,803,429517,429521,3355.6015625,3355.6328125,0.008322834010141347,7.869588564658834
H1,804,431659,431664,3372.3359375,3372.375,0.013618534272952421,14.023371117103487
H1,805,431716,431731,3372.78125,3372.8984375,0.06799988115046104,77.21633276248427
H1,806,431903,431907,3374.2421875,3374.2734375,0.007013648875209943,6.348271223902798
H1,807,432002,432008,3375.015625,3375.0625,0.020547573933314536,22.075149210846895
H1,808,432514,432525,3379.015625,3379.1015625,0.019907311636550584,21.331142798988022
H1,809,432746,432757,3380.828125,3380.9140625,0.011798084432712026,11.9079469222822
H1,810,433021,433025,3382.9765625,3383.0078125,0.008199114614993036,7.725822449229456
H1,811,434637,434642,3395.6015625,3395.640625,0.013863317908347245,14.307817968296126
H1,812,435334,435341,3401.046875,3401.1015625,0.01340460945699078,13.774783256260154
H1,813,435408,435412,3401.625,3401.65625,0.01235030129038933,12.549641560440694
H1,814,435746,435750,3404.265625,3404.296875,0.009309555620866897,9.016192400008794
H1,815,435953,435962,3405.8828125,3405.953125,0.011565581451683807,11.637770606207365
H1,816,436456,436459,3409.8125,3409.8359375,0.007774685361696311,7.232621323020307
H1,817,437194,437197,3415.578125,3415.6015625,0.007828037828291886,7.294618691030608
H1,818,437743,437746,3419.8671875,3419.890625,0.0068503275297377144,6.15848630475496
H1,819,438011,438016,3421.9609375,3422.0,0.009457406774713855,9.188000434026803
H1,820,438237,438240,3423.7265625,3423.75,0.009243347214782222,8.93925599613975
H1,821,438366,438370,3424.734375,3424.765625,0.011594855403589233,11.67178792696507
H1,822,438431,438434,3425.2421875,3425.265625,0.006915434182568427,6.234142434134353
H1,823,439626,439630,3434.578125,3434.609375,0.00970103587657095,9.471105678257548
H1,824,440339,440343,3440.1484375,3440.1796875,0.010136070226499457,9.97663028490949
H1,825,440479,440484,3441.2421875,3441.28125,0.012232443372363327,12.412686679381984
H1,826,441834,441838,3451.828125,3451.859375,0.009594258262437561,9.347026484527479
H1,827,442629,442633,3458.0390625,3458.0703125,0.008462842889219812,8.032283610545559
H1,828,442805,442817,3459.4140625,3459.5078125,0.010017901288713578,9.839313988386005
H1,829,444669,444673,3473.9765625,3474.0078125,0.007769118454170744,7.226152388469294
H1,830,446883,446885,3491.2734375,3491.2890625,0.009140680158217169,8.819953409126354
H1,831,447305,447309,3494.5703125,3494.6015625,0.007502510675596571,6.916345145854532
H1,832,448333,448337,3502.6015625,3502.6328125,0.007412919383800864,6.8122370390994975
H1,833,449370,449375,3510.703125,3510.7421875,0.023439237418841824,25.435359838654087
H1,834,449768,449771,3513.8125,3513.8359375,0.00783131454253238,7.29842634363967
H1,835,450926,450929,3522.859375,3522.8828125,0.006956901894932888,6.282329316354676
H1,836,451160,451167,3524.6875,3524.7421875,0.02861151531100859,31.445721428174163
H1,837,452064,452068,3531.75,3531.78125,0.0085472309189445,8.130345351048845
H1,838,452683,452686,3536.5859375,3536.609375,0.010332943443724582,10.205403612152244
H1,839,452927,452931,3538.4921875,3538.5234375,0.006936443444350811,6.258555905852924
H1,840,453391,453394,3542.1171875,3542.140625,0.007234187882836862,6.604544998836502
H1,841,453454,453458,3542.609375,3542.640625,0.010393028464308778,10.275224435269983
H1,842,454183,454190,3548.3046875,3548.359375,0.0072049147461642725,6.570528625406883
H1,843,454611,454615,3551.6484375,3551.6796875,0.007026089544534845,6.362727701806191
H1,844,454794,454799,3553.078125,3553.1171875,0.011369158839624383,11.409520897385049
H1,845,454907,454910,3553.9609375,3553.984375,0.00678406846007421,6.081491028096299
H1,846,455091,455094,3555.3984375,3555.421875,0.007088193412330936,6.434894493564917
H1,847,455338,455341,3557.328125,3557.3515625,0.008559618831724358,8.144740524065195
H1,848,456453,456456,3566.0390625,3566.0625,0.009609085365125438,9.364256078593577
H1,849,458012,458019,3578.21875,3578.2734375,0.008751696782937942,8.36794159025621
H1,850,459205,459209,3587.5390625,3587.5703125,0.008482285178638492,8.05487620745752
H1,851,459336,459340,3588.5625,3588.59375,0.00870413270207393,8.312670521952082
H1,852,460113,460117,3594.6328125,3594.6640625,0.009908253987773554,9.711900121671201
H1,853,461164,461168,3602.84375,3602.875,0.009388091958400204,9.107454276561608
H1,854,463594,463599,3621.828125,3621.8671875,0.00883299895178061,8.462417456198507
H1,855,463781,463789,3623.2890625,3623.3515625,0.00677714147296805,6.073441635139856
H1,856,464136,464139,3626.0625,3626.0859375,0.008655919295540116,8.256644915290535
H1,857,464291,464294,3627.2734375,3627.296875,0.006718229978830354,6.004984489385432
H1,858,464742,464746,3630.796875,3630.828125,0.017940466627867944,19.045602474360727
H1,859,465023,465027,3632.9921875,3633.0234375,0.008084655471534988,7.592817059002553
H1,860,465390,465399,3635.859375,3635.9296875,0.010613607630597051,10.531544875924423
H1,861,466049,466055,3641.0078125,3641.0546875,0.0285189036964822,31.338103604403354
H1,862,467295,467325,3650.7421875,3650.9765625,0.021842053911084295,23.57937866235667
H1,863,467446,467449,3651.921875,3651.9453125,0.007329175230140685,6.714923504328235
H1,864,467854,467858,3655.109375,3655.140625,0.007517140128058238,6.933345063682706
H1,865,468282,468295,3658.453125,3658.5546875,0.009808185346526905,9.595616981011801
H1,866,468360,468369,3659.0625,3659.1328125,0.016684391818873306,17.58600112599185
H1,867,468595,468599,3660.8984375,3660.9296875,0.01330671853944005,13.661030704081774
H1,868,469562,469566,3668.453125,3668.484375,0.007916434517692904,7.39733862945875
H1,869,469682,469686,3669.390625,3669.421875,0.008533680690114407,8.114599527528236
H1,870,470299,470302,3674.2109375,3674.234375,0.006922568278047792,6.242432494014948
H1,871,470536,470540,3676.0625,3676.09375,0.007931931760849158,7.415346949381171
H1,872,470704,470706,3677.375,3677.390625,0.007048338049666386,6.388581216148366
H1,873,470864,470868,3678.625,3678.65625,0.011560729772574038,11.632132791230294
H1,874,471301,471304,3682.0390625,3682.0625,0.008352095483284546,7.9035913846733985
H1,875,471404,471408,3682.84375,3682.875,0.011394784401559914,11.43929866578385
H1,876,472560,472568,3691.875,3691.9375,0.008916354311460912,8.559279199234753
H1,877,473717,473719,3700.9140625,3700.9296875,0.0071071358486265,6.456906244266713
H1,878,474632,474637,3708.0625,3708.1015625,0.013386307714046993,13.7535160128707
H1,879,474939,474947,3710.4609375,3710.5234375,0.009881839310672913,9.681205374800443
H1,880,475021,475025,3711.1015625,3711.1328125,0.0129733385647074,13.273631914491817
H1,881,475293,475303,3713.2265625,3713.3046875,0.0072094300301121204,6.575775537845022
H1,882,475375,475379,3713.8671875,3713.8984375,0.013055078660496678,13.368616666335798
H1,883,475526,475531,3715.046875,3715.0859375,0.01904935928374725,20.33417319015532
H1,884,475941,475946,3718.2890625,3718.328125,0.011121913014870404,11.122212899003703
H1,885,476031,476034,3718.9921875,3719.015625,0.009494137406696837,9.23068266886257
H1,886,476941,476952,3726.1015625,3726.1875,0.010065124363712541,9.894188796358453
H1,887,477107,477115,3727.3984375,3727.4609375,0.008483641560389138,8.056452368859665
H1,888,478798,478802,3740.609375,3740.640625,0.0075478697581888516,6.969053931699428
H1,889,479826,479829,3748.640625,3748.6640625,0.008297319323440995,7.839939637027802
H1,890,481734,481741,3763.546875,3763.6015625,0.010753166617497065,10.693717131905974
H1,891,481872,481875,3764.625,3764.6484375,0.006824060964274526,6.12796366860897
H1,892,482449,482454,3769.1328125,3769.171875,0.008785340401395234,8.407036611120116
H1,893,483078,483082,3774.046875,3774.078125,0.007676687729948871,7.1187447653413845
H1,894,483984,483988,3781.125,3781.15625,0.007877745022059368,7.352380128906049
H1,895,484752,484756,3787.125,3787.15625,0.008147132308380338,7.6654172533924765
H1,896,484983,484989,3788.9296875,3788.9765625,0.014292147456906266,14.806132386207388
H1,897,485575,485578,3793.5546875,3793.578125,0.00787215747052837,7.345887205323532
H1,898,486415,486418,3800.1171875,3800.140625,0.007792910169792106,7.253799165518143
H1,899,486494,486498,3800.734375,3800.765625,0.009596012324660095,9.349064764068475
H1,900,487036,487041,3804.96875,3805.0078125,0.009692662319904765,9.461375322618629
H1,901,487192,487198,3806.1875,3806.234375,0.006967200917240242,6.294297128095703
H1,902,488081,488087,3813.1328125,3813.1796875,0.015777020120018494,16.531604568050934
H1,903,488165,488168,3813.7890625,3813.8125,0.007610895542762365,7.042292021888609
H1,904,488306,488310,3814.890625,3814.921875,0.0122273209472407,12.406734248394304
H1,905,488827,488830,3818.9609375,3818.984375,0.008974856727244735,8.627260982126531
H1,906,488953,488956,3819.9453125,3819.96875,0.007371137128947209,6.763684647883962
H1,907,489435,489440,3823.7109375,3823.75,0.015368598255975903,16.05700456875866
H1,908,489573,489579,3824.7890625,3824.8359375,0.00767918223246833,7.12164346151365
H1,909,490024,490027,3828.3125,3828.3359375,0.006953230669915,6.278063228898814
H1,910,490328,490332,3830.6875,3830.71875,0.009641792869789419,9.4022633036151
H1,911,490438,490442,3831.546875,3831.578125,0.00685200782443302,6.160438863938031
H1,912,490909,490914,3835.2265625,3835.265625,0.011428648113898885,11.478649443171305
H1,913,491318,491327,3838.421875,3838.4921875,0.011012005852802135,10.994497064881813
H1,914,491681,491684,3841.2578125,3841.28125,0.00998221427475402,9.797844472938655
H1,915,492427,492431,3847.0859375,3847.1171875,0.01711441576573211,18.085703475064832
H1,916,493381,493388,3854.5390625,3854.59375,0.008088269466298106,7.597016642969585
H1,917,494405,494410,3862.5390625,3862.578125,0.02471109414979208,26.913300313324452
H1,918,495180,495183,3868.59375,3868.6171875,0.00784141189963815,7.310159813605793
H1,919,495672,495676,3872.4375,3872.46875,0.007177346563325994,6.53849346591265
H1,920,496466,496470,3878.640625,3878.671875,0.0076806382858127156,7.123335444673844
H1,921,496785,496789,3881.1328125,3881.1640625,0.00852160997618925,8.10057295029353
H1,922,496890,496895,3881.953125,3881.9921875,0.015524217269910377,16.237839118535515
H1,923,497145,497150,3883.9453125,3883.984375,0.011025723259939165,11.01043715524105
H1,924,498341,498345,3893.2890625,3893.3203125,0.010135177905684174,9.97559337798656
H1,925,500133,500139,3907.2890625,3907.3359375,0.04338679474921119,48.61509512796906
H1,926,500209,500213,3907.8828125,3907.9140625,0.007382054961867751,6.776371538456065
H1,927,500871,500876,3913.0546875,3913.09375,0.007507098506829133,6.921676360687585
H1,928,501195,501198,3915.5859375,3915.609375,0.0077198514017790786,7.168902409737064
H1,929,501847,501851,3920.6796875,3920.7109375,0.00827106023776644,7.809425692648811
H1,930,502174,502177,3923.234375,3923.2578125,0.009197725618923396,8.886242161013495
H1,931,502869,502871,3928.6640625,3928.6796875,0.007062565202984911,6.405113648785711
H1,932,504541,504545,3941.7265625,3941.7578125,0.008093154212680828,7.602692883234579
H1,933,505063,505067,3945.8046875,3945.8359375,0.015396740133238154,16.08970638054843
H1,934,505554,505558,3949.640625,3949.671875,0.0069340826708224465,6.255812607284622
H1,935,505624,505627,3950.1875,3950.2109375,0.008439369750245255,8.005007030319309
H1,936,506624,506628,3958.0,3958.03125,0.009404673594756687,9.12672269800496
H1,937,506797,506801,3959.3515625,3959.3828125,0.012873990033526371,13.158185566048317
H1,938,507276,507280,3963.09375,3963.125,0.008700224109015728,8.308128604816952
H1,939,507485,507489,3964.7265625,3964.7578125,0.009261150338080339,8.95994382666149
H1,940,508123,508126,3969.7109375,3969.734375,0.008996029684690751,8.651864673734595
H1,941,508509,508515,3972.7265625,3972.7734375,0.010782120904045924,10.72736299072357
H1,942,508754,508759,3974.640625,3974.6796875,0.011947026714147786,12.081022883408092
H1,943,509077,509088,3977.1640625,3977.25,0.021244153811791764,22.884598554621075
H1,944,509161,509165,3977.8203125,3977.8515625,0.008877628046813234,8.51427797184585
H1,945,509430,509451,3979.921875,3980.0859375,0.02436593272072211,26.512211075909768
H1,946,509687,509691,3981.9296875,3981.9609375,0.00953608497758548,9.279427162893835
H1,947,510573,510576,3988.8515625,3988.875,0.0081437185852094,7.661450391779155
H1,948,511157,511161,3993.4140625,3993.4453125,0.0074460726110011834,6.850762208761246
H1,949,511222,511227,3993.921875,3993.9609375,0.009642444055531772,9.403020003439643
H1,950,511290,511296,3994.453125,3994.5,0.028319589490020197,31.10649376522995
H1,951,511514,511518,3996.203125,3996.234375,0.011269201641317625,11.29336725718547
H1,952,511792,511796,3998.375,3998.40625,0.008642717549190309,8.241304040181014
H1,953,512471,512475,4003.6796875,4003.7109375,0.010160090003322521,10.004542076776827
H1,954,512813,512819,4006.3515625,4006.3984375,0.022504939076960224,24.349673612146052
H1,955,513287,513291,4010.0546875,4010.0859375,0.008673409533065436,8.276969161977465
H1,956,513938,513942,4015.140625,4015.171875,0.009340602227035793,9.052269604886957
H1,957,514525,514528,4019.7265625,4019.75,0.008595537297116936,8.18647899389432
H1,958,514630,514635,4020.546875,4020.5859375,0.011532550318228528,11.599387313600719
H1,959,515049,515054,4023.8203125,4023.859375,0.011581161474799925,11.655875119238802
H1,960,515244,515247,4025.34375,4025.3671875,0.00745998596074339,6.866929991045095
H1,961,516091,516095,4031.9609375,4031.9921875,0.01567914967308656,16.417875803422927
H1,962,516891,516895,4038.2109375,4038.2421875,0.008075499364197413,7.582177353055078
H1,963,517006,517010,4039.109375,4039.140625,0.010221022365218135,10.075347539114953
H1,964,517072,517084,4039.625,4039.71875,0.0074514930817674175,6.8570609788524335
H1,965,517640,517643,4044.0625,4044.0859375,0.007064270865291954,6.407095685990339
H1,966,518154,518158,4048.078125,4048.109375,0.009040960628714116,8.704075948103261
H1,967,518880,518884,4053.75,4053.78125,0.00815951376534897,7.679804924538155
H1,968,519349,519356,4057.4140625,4057.46875,0.007069995205092977,6.413747562162254
H1,969,520311,520315,4064.9296875,4064.9609375,0.008751227291759789,8.36739602565148
H1,970,521100,521116,4071.09375,4071.21875,0.022683987827316923,24.55773430691755
H1,971,522002,522006,4078.140625,4078.171875,0.011472754671469233,11.529902752640282
H1,972,522135,522139,4079.1796875,4079.2109375,0.0074174959752865526,6.817555192967094
H1,973,524062,524066,4094.234375,4094.265625,0.008633676684173785,8.230798249702577
H1,974,524774,524777,4099.796875,4099.8203125,0.0073430959023718274,6.731099795591524
H1,975,525285,525289,4103.7890625,4103.8203125,0.01264426921582571,12.891242217719677
H1,976,525388,525392,4104.59375,4104.625,0.009877005671166431,9.675588522451628
H1,977,525817,525821,4107.9453125,4107.9765625,0.008869840045100887,8.505228050838724
H1,978,525962,525966,4109.078125,4109.109375,0.009885386528497167,9.685327361709316
H1,979,526394,526401,4112.453125,4112.5078125,0.00908801977088473,8.758760260592808
H1,980,527269,527272,4119.2890625,4119.3125,0.007628265254197709,7.062476213188567
H1,981,527338,527342,4119.828125,4119.859375,0.007268725316872574,6.644678663588583
H1,982,527423,527429,4120.4921875,4120.5390625,0.008273069457160305,7.811760473440094
H1,983,528908,528913,4132.09375,4132.1328125,0.010098259599760535,9.9326930596936
H1,984,529108,529113,4133.65625,4133.6953125,0.008290428161187326,7.831931873759837
H1,985,530586,530592,4145.203125,4145.25,0.025989906516975594,28.39932347220449
H1,986,531353,531357,4151.1953125,4151.2265625,0.010435792467826962,10.324917651589443
H1,987,531959,531966,4155.9296875,4155.984375,0.008472626262292261,8.043652220461055
H1,988,532043,532048,4156.5859375,4156.625,0.007688606683594661,7.132594992006201
H1,989,532230,532233,4158.046875,4158.0703125,0.006902303734991615,6.218884410606962
H1,990,532406,532410,4159.421875,4159.453125,0.007526264078937876,6.943947402740066
H1,991,533487,533491,4167.8671875,4167.8984375,0.007351949326704709,6.741387773665296
H1,992,533851,533855,4170.7109375,4170.7421875,0.008276330324297768,7.815549711180242
H1,993,534473,534478,4175.5703125,4175.609375,0.01406042282210444,14.53686053473403
H1,994,534547,534551,4176.1484375,4176.1796875,0.0091748696056799,8.859682701728387
H1,995,535238,535243,4181.546875,4181.5859375,0.009396463463913566,9.117182248691677
H1,996,535419,535423,4182.9609375,4182.9921875,0.009863410965382336,9.659791015208388
H1,997,535772,535779,4185.71875,4185.7734375,0.00941919118024516,9.143592622632296
H1,998,535963,535967,4187.2109375,4187.2421875,0.009112091087736703,8.786731943714354
H1,999,536936,536940,4194.8125,4194.84375,0.008337365578474289,7.886474737823673
H1,1000,537243,537246,4197.2109375,4197.234375,0.0082816357474307,7.821714792036129
H1,1001,538146,538153,4204.265625,4204.3203125,0.009358867285461306,9.073494219627262
H1,1002,538808,538814,4209.4375,4209.484375,0.019070668495745898,20.35893521415515
H1,1003,538919,538922,4210.3046875,4210.328125,0.007350443576278748,6.739638040817935
H1,1004,539028,539033,4211.15625,4211.1953125,0.0073433022126840625,6.7313395351418785
H1,1005,539549,539552,4215.2265625,4215.25,0.007542482098147048,6.962793288778117
H1,1006,541073,541078,4227.1328125,4227.171875,0.008450841021963447,8.018337035465086
H1,1007,541646,541652,4231.609375,4231.65625,0.006946161710403123,6.26984885921222
H1,1008,541943,541946,4233.9296875,4233.953125,0.008879620901162788,8.51659373590296
H1,1009,542268,542271,4236.46875,4236.4921875,0.008200840930109381,7.727828485695981
H1,1010,542629,542632,4239.2890625,4239.3125,0.007635959974022584,7.071417737492123
H1,1011,542699,542703,4239.8359375,4239.8671875,0.009777820417372258,9.560331907845878
H1,1012,543512,543516,4246.1875,4246.21875,0.008178460474073605,7.701821639946822
H1,1013,543748,543755,4248.03125,4248.0859375,0.012224603251048679,12.403576193636797
H1,1014,544522,544526,4254.078125,4254.109375,0.007010072456689899,6.344115304799249
H1,1015,544803,544806,4256.2734375,4256.296875,0.007022540344653821,6.358603411680414
H1,1016,545305,545309,4260.1953125,4260.2265625,0.009137985400684638,8.816822009865861
H1,1017,545377,545381,4260.7578125,4260.7890625,0.008086133739504507,7.594534856307387
H1,1018,546540,546543,4269.84375,4269.8671875,0.007193747070813483,6.557551409493122
H1,1019,546678,546681,4270.921875,4270.9453125,0.0070162249213295,6.3512646764922795
H1,1020,547240,547244,4275.3125,4275.34375,0.012552310243860656,12.784382786646269
H1,1021,547518,547522,4277.484375,4277.515625,0.010810716251770117,10.760591750504776
H1,1022,548075,548081,4281.8359375,4281.8828125,0.007541945860972824,6.9621701630718
H1,1023,548955,548958,4288.7109375,4288.734375,0.007153476519739372,6.510755669122869
H1,1024,550639,550652,4301.8671875,4301.96875,0.03533829843711683,39.26247059848134
H1,1025,550758,550763,4302.796875,4302.8359375,0.012026293867459995,12.173133992577194
H1,1026,550868,550871,4303.65625,4303.6796875,0.007245636902297237,6.617849146107188
H1,1027,550938,550942,4304.203125,4304.234375,0.007000508336212294,6.333001473803588
H1,1028,551185,551189,4306.1328125,4306.1640625,0.008927421991033671,8.572140216677372
H1,1029,552906,552910,4319.578125,4319.609375,0.007693541336878341,7.138329225775572
H1,1030,554484,554487,4331.90625,4331.9296875,0.007252981767152633,6.626384127120861
H1,1031,554860,554864,4334.84375,4334.875,0.007002735968803772,6.335590058106774
H1,1032,554929,554938,4335.3828125,4335.453125,0.013839388523488486,14.28001121494404
H1,1033,555112,555116,4336.8125,4336.84375,0.00673455949175531,6.023959934886605
H1,1034,555277,555281,4338.1015625,4338.1328125,0.007622206390736593,7.0554356092260475
H1,1035,555696,555699,4341.375,4341.3984375,0.008446119170577155,8.012850084687253
H1,1036,556182,556188,4345.171875,4345.21875,0.008849563318745698,8.48166581002583
H1,1037,556883,556890,4350.6484375,4350.703125,0.010313986842734636,10.183375401597203
H1,1038,557511,557514,4355.5546875,4355.578125,0.010214103495803829,10.067307579190597
H1,1039,557965,557971,4359.1015625,4359.1484375,0.015551736218275922,16.269817065909677
H1,1040,559437,559440,4370.6015625,4370.625,0.00816284584691916,7.683676915854195
H1,1041,561379,561382,4385.7734375,4385.796875,0.008774831719531341,8.39482516789374
H1,1042,561687,561691,4388.1796875,4388.2109375,0.009112224498921693,8.786886972016891
H1,1043,562502,562506,4394.546875,4394.578125,0.013592669532902812,13.993315415658573
H1,1044,562567,562571,4395.0546875,4395.0859375,0.008277597673517632,7.817022413774802
H1,1045,562937,562940,4397.9453125,4397.96875,0.007070383189069989,6.414198412646586
H1,1046,564367,564371,4409.1171875,4409.1484375,0.008958831419430673,8.608639033237871
H1,1047,564922,564927,4413.453125,4413.4921875,0.011303073658893046,11.332727685538165
H1,1048,565021,565025,4414.2265625,4414.2578125,0.014969599510340202,15.593354551293942
H1,1049,565696,565701,4419.5,4419.5390625,0.0117067783754119,11.801846200099753
H1,1050,566103,566107,4422.6796875,4422.7109375,0.007110965181964161,6.4613560589298045
H1,1051,566246,566258,4423.796875,4423.890625,0.007698566500135205,7.144168635190495
H1,1052,566451,566454,4425.3984375,4425.421875,0.008231427145967526,7.76337070148469
H1,1053,566540,566545,4426.09375,4426.1328125,0.007791969491807024,7.252706065930782
H1,1054,566614,566618,4426.671875,4426.703125,0.007461149433009223,6.868281985110925
H1,1055,566913,566920,4429.0078125,4429.0625,0.009927016559838131,9.733702864062192
H1,1056,567010,567014,4429.765625,4429.796875,0.0074673025411127495,6.875432104530766
H1,1057,569086,569102,4445.984375,4446.109375,0.008740929236588363,8.355429337755064
H1,1058,569815,569818,4451.6796875,4451.703125,0.006793993058241031,6.0930237463409265
H1,1059,570971,570980,4460.7109375,4460.78125,0.01280651563253177,13.079778033338597
H1,1060,571295,571298,4463.2421875,4463.265625,0.0067710325101896975,6.066342814078749
H1,1061,571685,571689,4466.2890625,4466.3203125,0.007202019717241092,6.567164504026865
H1,1062,571903,571907,4467.9921875,4468.0234375,0.009604622378384471,9.359069937276022
H1,1063,572377,572381,4471.6953125,4471.7265625,0.01109185137845163,11.087280262239704
H1,1064,572651,572655,4473.8359375,4473.8671875,0.009619305793315758,9.37613256131632
H1,1065,574172,574175,4485.71875,4485.7421875,0.006906156305106842,6.22336122719034
H1,1066,575237,575239,4494.0390625,4494.0546875,0.007143204933936841,6.498819739527035
H1,1067,576475,576484,4503.7109375,4503.78125,0.0120076679916875,12.151490095894127
H1,1068,576695,576700,4505.4296875,4505.46875,0.013082467282246539,13.40044316978113
H1,1069,581639,581644,4544.0546875,4544.09375,0.007720982159472088,7.170216388364432
H1,1070,581829,581834,4545.5390625,4545.578125,0.008503907673818248,8.080002277094033
H1,1071,582226,582230,4548.640625,4548.671875,0.009366943573989421,9.08287913965037
H1,1072,582630,582638,4551.796875,4551.859375,0.007304991696452192,6.686821421452851
H1,1073,582774,582778,4552.921875,4552.953125,0.0068293547271923525,6.134115199901114
H1,1074,583151,583156,4555.8671875,4555.90625,0.015252803676308732,15.922447356556237
H1,1075,585673,585677,4575.5703125,4575.6015625,0.009921726291214027,9.727555393257363
H1,1076,586134,586150,4579.171875,4579.296875,0.011272853356693851,11.297610673778838
H1,1077,586831,586834,4584.6171875,4584.640625,0.007796630467889093,7.258122277549219
H1,1078,587180,587191,4587.34375,4587.4296875,0.0238249614527566,25.883584192783854
H1,1079,587689,587699,4591.3203125,4591.3984375,0.011062499838009117,11.053172780981573
H1,1080,588002,588006,4593.765625,4593.796875,0.011265932605984727,11.289568527726368
H1,1081,589439,589442,4604.9921875,4605.015625,0.012192967897018073,12.36681484386006
H1,1082,589800,589824,4607.8125,4608.0,0.1562922660754694,179.81506586692
H1,1083,590874,590877,4616.203125,4616.2265625,0.00716829790157365,6.527978615363879
H1,1084,591810,591813,4623.515625,4623.5390625,0.008110396796423449,7.6227293478622205
H1,1085,591883,591886,4624.0859375,4624.109375,0.007098349662453838,6.44669639920589
H1,1086,592348,592351,4627.71875,4627.7421875,0.006939782518633757,6.2624360229373455
H1,1087,592416,592419,4628.25,4628.2734375,0.00750098459865157,6.914571792905578
H1,1088,592525,592538,4629.1015625,4629.203125,0.009923644502071626,9.729784419055953
H1,1089,593311,593323,4635.2421875,4635.3359375,0.018521493457686864,19.7207752731218
H1,1090,593723,593728,4638.4609375,4638.5,0.014447643259557434,14.986823760311934
H1,1091,594739,594744,4646.3984375,4646.4375,0.008339878928531778,7.889395335471651
H1,1092,595558,595564,4652.796875,4652.84375,0.008483553665561572,8.05635023210164
H1,1093,596778,596783,4662.328125,4662.3671875,0.012763825809072739,13.030171016753094
H1,1094,597021,597025,4664.2265625,4664.2578125,0.008932904794781297,8.578511419798053
H1,1095,599430,599433,4683.046875,4683.0703125,0.006741266611527476,6.031753834575558
H1,1096,599726,599730,4685.359375,4685.390625,0.013254724975294572,13.600612426611512
H1,1097,599885,599901,4686.6015625,4686.7265625,0.01659870015925356,17.486424523524153
H1,1098,600196,600203,4689.03125,4689.0859375,0.028479961315605595,31.292851242657733
H1,1099,600309,600313,4689.9140625,4689.9453125,0.008942266712988173,8.589390284926328
H1,1100,600683,600688,4692.8359375,4692.875,0.013796844499457554,14.230573622217944
H1,1101,601703,601709,4700.8046875,4700.8515625,0.00907567734288636,8.744417942428665
H1,1102,601853,601863,4701.9765625,4702.0546875,0.008490129016606025,8.063991012078878
H1,1103,603190,603198,4712.421875,4712.484375,0.00858156268874115,8.170240027009418
H1,1104,603436,603442,4714.34375,4714.390625,0.03448651408114304,38.27266841027094
H1,1105,604523,604527,4722.8359375,4722.8671875,0.011135863788226468,11.138424168790728
H1,1106,605034,605037,4726.828125,4726.8515625,0.006920006505748558,6.2394556280867395
H1,1107,605932,605936,4733.84375,4733.875,0.008215009885061837,7.744293289866471
H1,1108,607776,607780,4748.25,4748.28125,0.00801801159869532,7.515374628057567
H1,1109,607982,607992,4749.859375,4749.9375,0.012384836051013925,12.589772118598773
H1,1110,608543,608548,4754.2421875,4754.28125,0.012918490730024023,13.209896878261732
H1,1111,609300,609306,4760.15625,4760.203125,0.006795420336114498,6.094682291432104
H1,1112,609487,609491,4761.6171875,4761.6484375,0.007888490944942738,7.36486725420919
H1,1113,609610,609615,4762.578125,4762.6171875,0.01304636558800778,13.358491781844714
H1,1114,609721,609727,4763.4453125,4763.4921875,0.013778722929832257,14.209515746309409
H1,1115,610160,610164,4766.875,4766.90625,0.009684219080236317,9.451563992977734
H1,1116,611062,611066,4773.921875,4773.953125,0.010739464208345513,10.677794469712378
H1,1117,611224,611228,4775.1875,4775.21875,0.00696215897484793,6.288438220758721
H1,1118,611627,611631,4778.3359375,4778.3671875,0.008113094231834407,7.625863858907883
H1,1119,611709,611713,4778.9765625,4779.0078125,0.009595439376760731,9.348398979259745
H1,1120,612075,612080,4781.8359375,4781.875,0.013360205549934211,13.723184416646063
H1,1121,612176,612181,4782.625,4782.6640625,0.009603685879406463,9.357981693836013
H1,1122,612303,612308,4783.6171875,4783.65625,0.020643811886408372,22.18698096250224
H1,1123,612398,612402,4784.359375,4784.390625,0.008212928783952154,7.741874980093811
H1,1124,614044,614052,4797.21875,4797.28125,0.008255261949031575,7.791067547597096
H1,1125,614300,614315,4799.21875,4799.3359375,0.01004475543882471,9.87051941773689
H1,1126,615640,615643,4809.6875,4809.7109375,0.006867505092484674,6.178447212789747
H1,1127,616252,616258,4814.46875,4814.515625,0.03748057013532065,41.75186266086457
H1,1128,616426,616430,4815.828125,4815.859375,0.006986737425569051,6.316999210563205
H1,1129,617532,617538,4824.46875,4824.515625,0.00693546437425176,6.2574181933325494
H1,1130,618208,618212,4829.75,4829.78125,0.008321815391707546,7.8684048956378465
H1,1131,618895,618899,4835.1171875,4835.1484375,0.007208120978580086,6.574254375755344
H1,1132,619181,619187,4837.3515625,4837.3984375,0.016908713419370405,17.846670401586906
H1,1133,620011,620019,4843.8359375,4843.8984375,0.014536263332543846,15.089803278010443
H1,1134,620183,620188,4845.1796875,4845.21875,0.013172509746282408,13.505075553916278
H1,1135,620341,620347,4846.4140625,4846.4609375,0.01550732999331669,16.218215532814412
H1,1136,621047,621051,4851.9296875,4851.9609375,0.0069484990500305755,6.2725649267962496
H1,1137,621366,621370,4854.421875,4854.453125,0.008067386841003587,7.572750327126695
H1,1138,621737,621742,4857.3203125,4857.359375,0.008640670452100825,8.238925244228211
H1,1139,621925,621929,4858.7890625,4858.8203125,0.01124277477252589,11.262658343157922
H1,1140,622378,622381,4862.328125,4862.3515625,0.007181520203255556,6.543343376463495
H1,1141,622624,622628,4864.25,4864.28125,0.008659320662499848,8.260597418569137
H1,1142,622992,622997,4867.125,4867.1640625,0.009884504336708799,9.684302225057738
H1,1143,623459,623463,4870.7734375,4870.8046875,0.008372700270734473,7.927534843557698
H1,1144,624253,624257,4876.9765625,4877.0078125,0.01321386305082619,13.553129490385178
H1,1145,625117,625127,4883.7265625,4883.8046875,0.05522586389608261,62.37249330717229
H1,1146,625183,625192,4884.2421875,4884.3125,0.01155018001830715,11.619873620484535
H1,1147,625278,625281,4884.984375,4885.0078125,0.0074591281311949436,6.865933164139071
H1,1148,625386,625392,4885.828125,4885.875,0.010967532395268735,10.942817405264778
H1,1149,625914,625917,4889.953125,4889.9765625,0.007385352879878187,6.780203830561895
H1,1150,626709,626727,4896.1640625,4896.3046875,0.007390397197972362,6.786065498544675
H1,1151,627963,627967,4905.9609375,4905.9921875,0.00800028233677778,7.494772626954513
H1,1152,629641,629652,4919.0703125,4919.15625,0.011252366560769559,11.27380432503215
H1,1153,629902,629912,4921.109375,4921.1875,0.0184551804706219,19.643717342621734
H1,1154,630097,630099,4922.6328125,4922.6484375,0.007619954650598769,7.052819011139846
H1,1155,631623,631635,4934.5546875,4934.6484375,0.013892898824517694,14.342191991896625
H1,1156,632563,632567,4941.8984375,4941.9296875,0.01702047813098964,17.976544771020418
H1,1157,632763,632767,4943.4609375,4943.4921875,0.008888205938669893,8.526569839421187
H1,1158,633203,633206,4946.8984375,4946.921875,0.00818425727936946,7.708557723471046
H1,1159,634125,634131,4954.1015625,4954.1484375,0.018205341499886646,19.353396021034094
H1,1160,634209,634214,4954.7578125,4954.796875,0.009440869938340514,9.168784071676853
H1,1161,634796,634801,4959.34375,4959.3828125,0.009994754844781186,9.812417038831937
H1,1162,634962,634969,4960.640625,4960.6953125,0.008342482467056992,7.892420735164982
H1,1163,635066,635070,4961.453125,4961.484375,0.010640926673971367,10.563290526947561
H1,1164,636146,636149,4969.890625,4969.9140625,0.007084928149640232,6.431100148043454
H1,1165,636287,636292,4970.9921875,4971.03125,0.011375427625931096,11.416805438783692
H1,1166,636607,636618,4973.4921875,4973.578125,0.02286532067041734,24.768449194595917
H1,1167,636782,636788,4974.859375,4974.90625,0.01422840418976813,14.732060557047205
H1,1168,636875,636879,4975.5859375,4975.6171875,0.011231139490655793,11.249137752676662
H1,1169,637552,637555,4980.875,4980.8984375,0.008635055457022698,8.232400430317105
H1,1170,637723,637728,4982.2109375,4982.25,0.00788203653487156,7.357367011727328
H1,1171,638190,638193,4985.859375,4985.8828125,0.007847021210474136,7.316678022235562
H1,1172,639111,639114,4993.0546875,4993.078125,0.007321775311643664,6.706324549123713
H1,1173,639192,639196,4993.6875,4993.71875,0.008923125330602081,8.567147352148504
H1,1174,639348,639353,4994.90625,4994.9453125,0.015416530950577741,16.112703978675015
H1,1175,639600,639605,4996.875,4996.9140625,0.010709622252656566,10.643117109375524
H1,1176,641277,641281,5009.9765625,5010.0078125,0.009002535299541377,8.659424417899467
H1,1177,641714,641723,5013.390625,5013.4609375,0.007401816686646492,6.799335330044427
H1,1178,642371,642374,5018.5234375,5018.546875,0.007604344533901979,7.034679528351342
H1,1179,643131,643134,5024.4609375,5024.484375,0.008489634626253649,8.063416513792804
H1,1180,645705,645708,5044.5703125,5044.59375,0.009336115688022149,9.04705609503314
H1,1181,645911,645917,5046.1796875,5046.2265625,0.011789027340539273,11.8974222753002
H1,1182,647637,647641,5059.6640625,5059.6953125,0.00885773027059877,8.491156083894431
H1,1183,647804,647808,5060.96875,5061.0,0.011900376666893912,12.026813953027805
H1,1184,648373,648376,5065.4140625,5065.4375,0.008014557549851241,7.511360906650174
H1,1185,648567,648573,5066.9296875,5066.9765625,0.01090528220543942,10.87048058236184
H1,1186,650655,650665,5083.2421875,5083.3203125,0.01251728878137046,12.743686664483405
H1,1187,651454,651457,5089.484375,5089.5078125,0.011668638356104068,11.757526209594502
H1,1188,651577,651582,5090.4453125,5090.484375,0.010812298126315468,10.762429942149742
H1,1189,651860,651865,5092.65625,5092.6953125,0.0074424070051606435,6.846502650979234
H1,1190,652759,652762,5099.6796875,5099.703125,0.006773330743289061,6.069013438556427
H1,1191,653025,653028,5101.7578125,5101.78125,0.008763230344093374,8.381343977831706
H1,1192,653723,653727,5107.2109375,5107.2421875,0.011257170341910308,11.279386480951604
H1,1193,653895,653898,5108.5546875,5108.578125,0.0069878955796837125,6.318345024757769
H1,1194,654216,654219,5111.0625,5111.0859375,0.007123216601278537,6.47559262192959
H1,1195,654790,654793,5115.546875,5115.5703125,0.008280211038659684,7.820059232328764
H1,1196,655665,655669,5122.3828125,5122.4140625,0.007956943033258739,7.444410892604955
H1,1197,656085,656088,5125.6640625,5125.6875,0.008104968720915293,7.616421740804093
H1,1198,656923,656927,5132.2109375,5132.2421875,0.007243614020618419,6.615498489279386
H1,1199,657011,657015,5132.8984375,5132.9296875,0.007374661388993801,6.767779957079857
H1,1200,657182,657185,5134.234375,5134.2578125,0.007572066867210306,6.9971717895701815
H1,1201,657291,657294,5135.0859375,5135.109375,0.006987874407803285,6.318320422317693
H1,1202,657806,657810,5139.109375,5139.140625,0.008503644949366129,8.079696982407908
H1,1203,658257,658261,5142.6328125,5142.6640625,0.01000760306215902,9.8273471013366
H1,1204,659140,659143,5149.53125,5149.5546875,0.007366381319149624,6.758158236285359
H1,1205,659301,659304,5150.7890625,5150.8125,0.009153992729106535,8.835423066093623
H1,1206,659395,659406,5151.5234375,5151.609375,0.0075407636002155914,6.960796336144437
H1,1207,659843,659853,5155.0234375,5155.1015625,0.009604189555713325,9.358566982714807
H1,1208,661416,661430,5167.3125,5167.421875,0.009317005419702332,9.024849317851118
H1,1209,661731,661736,5169.7734375,5169.8125,0.016290275372928167,17.128024505653205
H1,1210,662107,662112,5172.7109375,5172.75,0.018254633363569896,19.410674831325075
H1,1211,662387,662392,5174.8984375,5174.9375,0.01913856104146059,20.43782864515125
H1,1212,662714,662717,5177.453125,5177.4765625,0.00712732675900666,6.480368764018435
H1,1213,663207,663217,5181.3046875,5181.3828125,0.008004602496812892,7.499792798816305
H1,1214,663425,663428,5183.0078125,5183.03125,0.0089062335301103,8.547518509505036
H1,1215,663488,663492,5183.5,5183.53125,0.011184218369075238,11.194613824774011
H1,1216,663666,663670,5184.890625,5184.921875,0.008718355997212936,8.329198471254527
H1,1217,664467,664479,5191.1484375,5191.2421875,0.013580700038604608,13.979406459048787
H1,1218,665830,665836,5201.796875,5201.84375,0.01595597816988079,16.739559865784784
H1,1219,666330,666336,5205.703125,5205.75,0.008059090060300428,7.5631091877496965
H1,1220,666913,666918,5210.2578125,5210.296875,0.008465875115151575,8.035807159482985
H1,1221,667086,667091,5211.609375,5211.6484375,0.011206088529947417,11.220027690309319
H1,1222,667308,667311,5213.34375,5213.3671875,0.012529663412537544,12.758066403817164
H1,1223,667438,667442,5214.359375,5214.390625,0.018386850706860462,19.56431584948953
H1,1224,667613,667623,5215.7265625,5215.8046875,0.011367891608475773,11.408048331993275
H1,1225,668520,668524,5222.8125,5222.84375,0.008889325067318364,8.527870304706065
H1,1226,671725,671729,5247.8515625,5247.8828125,0.008029393123911465,7.528600344737036
H1,1227,671936,671940,5249.5,5249.53125,0.009925791890297582,9.73227975669638
H1,1228,672407,672410,5253.1796875,5253.203125,0.006944161947682234,6.267525067394308
H1,1229,672929,672940,5257.2578125,5257.34375,0.008858984403599807,8.492613428796373
H1,1230,674062,674066,5266.109375,5266.140625,0.007754654793110705,7.209345125848943
H1,1231,674475,674479,5269.3359375,5269.3671875,0.007002880182241937,6.335757638992317
H1,1232,674678,674682,5270.921875,5270.953125,0.012977009349247063,13.277897490097105
H1,1233,675298,675302,5275.765625,5275.796875,0.009421334722169064,9.14608349073984
H1,1234,675598,675603,5278.109375,5278.1484375,0.017385391241438175,18.40058612925327
H1,1235,676294,676298,5283.546875,5283.578125,0.007413531042941164,6.812947807677556
H1,1236,678880,678884,5303.75,5303.78125,0.017639817591855705,18.696238140957284
H1,1237,679007,679010,5304.7421875,5304.765625,0.007579013465772958,7.005243971701387
H1,1238,679137,679141,5305.7578125,5305.7890625,0.007890534191455146,7.367241575661387
H1,1239,679667,679670,5309.8984375,5309.921875,0.007480247431697696,6.890474504566955
H1,1240,681251,681255,5322.2734375,5322.3046875,0.011318662152058076,11.35084204105249
H1,1241,681437,681443,5323.7265625,5323.7734375,0.011014041663123437,10.99686274522881
H1,1242,681540,681544,5324.53125,5324.5625,0.011663406217996396,11.751446288412959
H1,1243,681979,681983,5327.9609375,5327.9921875,0.01381089665099208,14.246902696872098
H1,1244,682171,682176,5329.4609375,5329.5,0.007003890960505563,6.336932197470782
H1,1245,682326,682329,5330.671875,5330.6953125,0.008728091483827312,8.340511435488514
H1,1246,682547,682551,5332.3984375,5332.4296875,0.008200190375065159,7.7270725187639675
H1,1247,683910,683913,5343.046875,5343.0703125,0.010577428351418425,10.489503331667674
H1,1248,684148,684153,5344.90625,5344.9453125,0.011982455255370894,12.122192044806514
H1,1249,684414,684419,5346.984375,5347.0234375,0.01274733248316995,13.011005215039368
H1,1250,684628,684645,5348.65625,5348.7890625,0.031248879104178985,34.510427225221314
H1,1251,686093,686098,5360.1015625,5360.140625,0.010266352261282146,10.12802240922831
H1,1252,686255,686259,5361.3671875,5361.3984375,0.006847024873609335,6.154648506796064
H1,1253,686415,686426,5362.6171875,5362.703125,0.013980997558458285,14.444565696017163
H1,1254,686493,686497,5363.2265625,5363.2578125,0.007723599886174453,7.173258275198777
H1,1255,688927,688931,5382.2421875,5382.2734375,0.008530964729326634,8.111443489369075
H1,1256,689067,689077,5383.3359375,5383.4140625,0.011571944502777615,11.645164686472135
H1,1257,689846,689849,5389.421875,5389.4453125,0.006958037757858881,6.283649227435185
H1,1258,690076,690079,5391.21875,5391.2421875,0.007819443902286354,7.284632258777025
H1,1259,691453,691457,5401.9765625,5402.0078125,0.0071852379051931875,6.547663471669723
H1,1260,691529,691532,5402.5703125,5402.59375,0.008277992125457274,7.817480780250148
H1,1261,691647,691651,5403.4921875,5403.5234375,0.007944817436224879,7.430320539344415
H1,1262,692063,692066,5406.7421875,5406.765625,0.008446321980900283,8.013085757132062
H1,1263,692290,692294,5408.515625,5408.546875,0.009541426320528158,9.285633983781738
H1,1264,692905,692909,5413.3203125,5413.3515625,0.008426437492727186,7.989979310333478
H1,1265,693335,693338,5416.6796875,5416.703125,0.007606650610924356,7.037359267732469
H1,1266,693815,693819,5420.4296875,5420.4609375,0.006750910930526716,6.042960858961834
H1,1267,694049,694053,5422.2578125,5422.2890625,0.009368091556969634,9.084213134643203
H1,1268,694686,694690,5427.234375,5427.265625,0.009839358964908828,9.631841778370973
H1,1269,696444,696455,5440.96875,5441.0546875,0.013068469965977584,13.384177815557472
H1,1270,696556,696560,5441.84375,5441.875,0.006856747732698563,6.165946797419372
H1,1271,696664,696668,5442.6875,5442.71875,0.009365911887841711,9.081680285504495
H1,1272,696924,696929,5444.71875,5444.7578125,0.011878969451645915,12.001938045942454
H1,1273,697187,697193,5446.7734375,5446.8203125,0.0186718288033755,19.895470021956275
H1,1274,698716,698720,5458.71875,5458.75,0.008944747115633376,8.592272596568524
H1,1275,698904,698909,5460.1875,5460.2265625,0.01324834901774893,13.593203348613834
H1,1276,699971,699976,5468.5234375,5468.5625,0.012575499952970767,12.811330011798002
H1,1277,701035,701041,5476.8359375,5476.8828125,0.011361100707735277,11.40015707598966
H1,1278,701569,701573,5481.0078125,5481.0390625,0.007636120813404463,7.071604638285754
H1,1279,701737,701743,5482.3203125,5482.3671875,0.020237622385304525,21.71497504433643
H1,1280,702391,702395,5487.4296875,5487.4609375,0.007115494234897082,6.466618971393605
H1,1281,702592,702596,5489.0,5489.03125,0.010811218483033912,10.761175360194725
H1,1282,702678,702682,5489.671875,5489.703125,0.01013570936912805,9.976210956456994
H1,1283,702762,702766,5490.328125,5490.359375,0.006908670433971496,6.226282729838547
H1,1284,703612,703621,5496.96875,5497.0390625,0.023592977317037196,25.61401079248037
H1,1285,704289,704294,5502.2578125,5502.296875,0.010766988939357966,10.70977913671754
H1,1286,704469,704476,5503.6640625,5503.71875,0.01960580202241972,20.980778444747187
H1,1287,704580,704595,5504.53125,5504.6484375,0.028586208054754602,31.416313541727174
H1,1288,705085,705089,5508.4765625,5508.5078125,0.008373462821994478,7.9284209538748
H1,1289,705851,705856,5514.4609375,5514.5,0.008063361316357124,7.568072531536978
H1,1290,705964,705969,5515.34375,5515.3828125,0.011557430804294472,11.628299278676264
H1,1291,706807,706810,5521.9296875,5521.953125,0.007062212215534366,6.404703465447043
H1,1292,707016,707019,5523.5625,5523.5859375,0.008162605866248134,7.683398050209806
H1,1293,707583,707587,5527.9921875,5528.0234375,0.010996734668570103,10.97675143306383
H1,1294,707773,707778,5529.4765625,5529.515625,0.016539084458108165,17.417149065444214
H1,1295,708290,708296,5533.515625,5533.5625,0.013093038343140432,13.412727099547038
H1,1296,709131,709141,5540.0859375,5540.1640625,0.008245821718262885,7.780097680627212
H1,1297,710157,710161,5548.1015625,5548.1328125,0.009774396004899351,9.55635262490267
H1,1298,710293,710296,5549.1640625,5549.1875,0.00889542101896302,8.534954006390404
H1,1299,710530,710533,5551.015625,5551.0390625,0.00882692637151012,8.455360912840248
H1,1300,710597,710600,5551.5390625,5551.5625,0.007979843290135985,7.471021764486683
H1,1301,711121,711124,5555.6328125,5555.65625,0.00874302482925138,8.357864487202109
H1,1302,711479,711483,5558.4296875,5558.4609375,0.012698103280607614,12.953799219087086
H1,1303,711916,711925,5561.84375,5561.9140625,0.009198817066723769,8.88751046021804
H1,1304,712644,712648,5567.53125,5567.5625,0.011202069141138063,11.215357024769544
H1,1305,712841,712844,5569.0703125,5569.09375,0.006991485673855714,6.322516835430749
H1,1306,713587,713594,5574.8984375,5574.953125,0.007127058439712321,6.4800569679367
H1,1307,713822,713826,5576.734375,5576.765625,0.008955199372483945,8.604418472023825
H1,1308,714287,714290,5580.3671875,5580.390625,0.007659983540966947,7.09933393360841
H1,1309,714832,714837,5584.625,5584.6640625,0.011683584130754774,11.77489370448921
H1,1310,715447,715452,5589.4296875,5589.46875,0.007328716087282442,6.714389964820724
H1,1311,716493,716498,5597.6015625,5597.640625,0.013048702739555395,13.36120763087362
H1,1312,716912,716916,5600.875,5600.90625,0.009720275647977531,9.493462942399987
H1,1313,717193,717199,5603.0703125,5603.1171875,0.0495897201562677,55.823103936949074
H1,1314,719086,719089,5617.859375,5617.8828125,0.007935034841019128,7.4189528333362915
H1,1315,719454,719457,5620.734375,5620.7578125,0.007422046956099526,6.822843586368068
H1,1316,719571,719575,5621.6484375,5621.6796875,0.007839769079996974,7.308250801701234
H1,1317,719644,719648,5622.21875,5622.25,0.010430020949627665,10.318210952525417
H1,1318,720167,720169,5626.3046875,5626.3203125,0.006822984156831178,6.1267123819937215
H1,1319,720868,720896,5631.78125,5632.0,0.24307848186864872,280.6635795736363
H1,1320,720988,720992,5632.71875,5632.75,0.00887246892484658,8.508282897886078
H1,1321,721439,721443,5636.2421875,5636.2734375,0.011571418207366064,11.644553113429797
H1,1322,722062,722067,5641.109375,5641.1484375,0.012108559524992818,12.268729464916513
H1,1323,722787,722790,5646.7734375,5646.796875,0.009133727792402402,8.811874525253419
H1,1324,723872,723877,5655.25,5655.2890625,0.01766473347624556,18.72519124008069
H1,1325,723996,724001,5656.21875,5656.2578125,0.007354230014555967,6.7440380099721375
H1,1326,724491,724503,5660.0859375,5660.1796875,0.011774721989940628,11.880798974782465
H1,1327,724651,724655,5661.3359375,5661.3671875,0.0075478797534970455,6.969065546585113
H1,1328,725137,725141,5665.1328125,5665.1640625,0.0125315156612725,12.760218779401562
H1,1329,725492,725506,5667.90625,5668.015625,0.012952374213087224,13.249270629898442
H1,1330,725561,725583,5668.4453125,5668.6171875,0.0299249244181968,32.97194716734513
H1,1331,725969,725972,5671.6328125,5671.65625,0.007525918418104487,6.943545733177967
H1,1332,727763,727768,5685.6484375,5685.6875,0.0115969994746039,11.674279409893952
H1,1333,728009,728013,5687.5703125,5687.6015625,0.007772314422317353,7.229866211390294
H1,1334,728148,728151,5688.65625,5688.6796875,0.007666069615678971,7.106406157963465
H1,1335,728891,728896,5694.4609375,5694.5,0.015567126643282612,16.287701259534828
H1,1336,729023,729027,5695.4921875,5695.5234375,0.015959402736833286,16.743539328238494
H1,1337,730378,730383,5706.078125,5706.1171875,0.009312386332801192,9.019481782875605
H1,1338,731112,731115,5711.8125,5711.8359375,0.008970127100437802,8.62176499604732
H1,1339,731784,731791,5717.0625,5717.1171875,0.018337729147562824,19.50723493864617
H1,1340,731961,731965,5718.4453125,5718.4765625,0.008998453946269726,8.654681747561831
H1,1341,732792,732797,5724.9375,5724.9765625,0.009666691579804132,9.431196445534576
H1,1342,733003,733006,5726.5859375,5726.609375,0.00741708686067975,6.817079787977319
H1,1343,733227,733233,5728.3359375,5728.3828125,0.013852769056938566,14.295559846702098
H1,1344,733978,733991,5734.203125,5734.3046875,0.007908279405941715,7.387862114188405
H1,1345,736639,736647,5754.9921875,5755.0546875,0.012754067994109297,13.018832106223416
H1,1346,736779,736784,5756.0859375,5756.125,0.012929919541050145,13.223177542649337
H1,1347,737010,737014,5757.890625,5757.921875,0.00801160939211296,7.507935047792736
H1,1348,737798,737803,5764.046875,5764.0859375,0.008515885485992261,8.093920899356423
H1,1349,739130,739136,5774.453125,5774.5,0.007611250659518072,7.04270467955179
H1,1350,739405,739410,5776.6015625,5776.640625,0.012651128830244477,12.899213321338049
H1,1351,740066,740070,5781.765625,5781.796875,0.007339237937785473,6.726616710450512
H1,1352,742343,742348,5799.5546875,5799.59375,0.010303073213422508,10.170693395760043
H1,1353,742604,742607,5801.59375,5801.6171875,0.008087741155217676,7.596402727651936
H1,1354,742866,742870,5803.640625,5803.671875,0.010520169647457835,10.422966783917285
H1,1355,743884,743890,5811.59375,5811.640625,0.007525541498660066,6.943107740054178
H1,1356,744205,744209,5814.1015625,5814.1328125,0.00868104211493928,8.285838479883394
H1,1357,744344,744349,5815.1875,5815.2265625,0.010949330236228185,10.921665881734043
H1,1358,744757,744762,5818.4140625,5818.453125,0.010612929550086952,10.530756923471467
H1,1359,745769,745772,5826.3203125,5826.34375,0.006971140410039338,6.298874951773302
H1,1360,746803,746808,5834.3984375,5834.4375,0.007982600965690353,7.474226276613426
H1,1361,747141,747144,5837.0390625,5837.0625,0.007918600369311293,7.399855422184733
H1,1362,750201,750205,5860.9453125,5860.9765625,0.009321278695149631,9.029815008238478
H1,1363,750411,750414,5862.5859375,5862.609375,0.007008565719823941,6.342364425675299
H1,1364,750798,750802,5865.609375,5865.640625,0.007181223228075023,6.542998281274234
H1,1365,751299,751302,5869.5234375,5869.546875,0.006941187282389478,6.264068405863354
H1,1366,753055,753060,5883.2421875,5883.28125,0.009941053146098711,9.75001385134235
H1,1367,753356,753361,5885.59375,5885.6328125,0.009217304134315405,8.908993057107105
H1,1368,753448,753453,5886.3125,5886.3515625,0.011179667991110344,11.189326131902865
H1,1369,753841,753845,5889.3828125,5889.4140625,0.012268303976333338,12.454357912283985
H1,1370,754485,754489,5894.4140625,5894.4453125,0.008218919241047451,7.748836093549019
H1,1371,754616,754620,5895.4375,5895.46875,0.011243635405091677,11.26365842726476
H1,1372,755116,755119,5899.34375,5899.3671875,0.008903945178719829,8.544859367906815
H1,1373,755726,755730,5904.109375,5904.140625,0.006872946682719475,6.184770524416658
H1,1374,755910,755915,5905.546875,5905.5859375,0.010868026190024473,10.827187834234813
H1,1375,756171,756174,5907.5859375,5907.609375,0.008806451858227248,8.431568836937702
H1,1376,756568,756571,5910.6875,5910.7109375,0.008340731708621988,7.890386294736672
H1,1377,756654,756660,5911.359375,5911.40625,0.039034792426554506,43.557921452669845
H1,1378,757367,757372,5916.9296875,5916.96875,0.010245297558888339,10.103556133984636
H1,1379,757862,757866,5920.796875,5920.828125,0.012751037832457814,13.01531095604939
H1,1380,757955,757959,5921.5234375,5921.5546875,0.007084415221301946,6.430504107991685
H1,1381,758126,758133,5922.859375,5922.9140625,0.009294978971174053,8.999253840781256
H1,1382,758806,758822,5928.171875,5928.296875,0.01899274723038611,20.26838807224026
H1,1383,759108,759112,5930.53125,5930.5625,0.015558423841892759,16.27758831040771
H1,1384,759312,759319,5932.125,5932.1796875,0.007879818831107622,7.35478996505706
H1,1385,759452,759456,5933.21875,5933.25,0.01451259147636124,15.062295781677339
H1,1386,759731,759734,5935.3984375,5935.421875,0.008835052798805877,8.464804095804647
H1,1387,759864,759876,5936.4375,5936.53125,0.021253813677475277,22.895823644779522
H1,1388,760104,760108,5938.3125,5938.34375,0.009668648552571862,9.433470513981812
H1,1389,760441,760446,5940.9453125,5940.984375,0.007185051426097957,6.5474467766632705
H1,1390,761005,761009,5945.3515625,5945.3828125,0.007253132732277588,6.626559553694474
H1,1391,761527,761531,5949.4296875,5949.4609375,0.010137518057090816,9.978312712952967
H1,1392,762334,762337,5955.734375,5955.7578125,0.007802607115481869,7.265067343896122
H1,1393,762518,762524,5957.171875,5957.21875,0.007474747541379622,6.884083446274363
H1,1394,763404,763412,5964.09375,5964.15625,0.0125787691173937,12.815128891264086
H1,1395,763738,763741,5966.703125,5966.7265625,0.007604489702013824,7.034848218599941
H1,1396,764817,764820,5975.1328125,5975.15625,0.007200325543974855,6.565195817475664
H1,1397,765496,765501,5980.4375,5980.4765625,0.010259410663283347,10.11995603792118
H1,1398,766164,766168,5985.65625,5985.6875,0.01054287858624369,10.449355337715597
H1,1399,766957,766962,5991.8515625,5991.890625,0.006762913108699485,6.056907795337668
H1,1400,767490,767495,5996.015625,5996.0546875,0.013916072382265174,14.369120448619515
H1,1401,768217,768221,6001.6953125,6001.7265625,0.007168248593898709,6.527921318180372
H1,1402,768307,768312,6002.3984375,6002.4375,0.009783837666250085,9.567324154257202
H1,1403,768705,768709,6005.5078125,6005.5390625,0.008196076935637312,7.722292563229214
H1,1404,768794,768801,6006.203125,6006.2578125,0.017718975952164668,18.78822282898244
H1,1405,768951,768954,6007.4296875,6007.453125,0.008829837879468743,8.458744183415982
H1,1406,769344,769348,6010.5,6010.53125,0.007488586232461674,6.90016447267373
H1,1407,769688,769690,6013.1875,6013.203125,0.006731032175636807,6.019861074431939
H1,1408,769787,769791,6013.9609375,6013.9921875,0.007805573068442977,7.268513881403468
H1,1409,769898,769903,6014.828125,6014.8671875,0.029459033896923656,32.43056664751221
H1,1410,770192,770195,6017.125,6017.1484375,0.010049585265675032,9.876131839650487
H1,1411,770500,770503,6019.53125,6019.5546875,0.00842746051837601,7.9911681006871635
H1,1412,771479,771484,6027.1796875,6027.21875,0.007537287726797424,6.956757253844889
H1,1413,771814,771843,6029.796875,6030.0234375,0.013378954071949034,13.744970832404741
H1,1414,772022,772028,6031.421875,6031.46875,0.007962398481340706,7.450750307518282
H1,1415,772989,772994,6038.9765625,6039.015625,0.028301587846152977,31.08557524710245
H1,1416,773153,773157,6040.2578125,6040.2890625,0.00825436809612489,7.790028860332215
H1,1417,773705,773709,6044.5703125,6044.6015625,0.00849030411610178,8.064194483606428
H1,1418,774106,774109,6047.703125,6047.7265625,0.00884240141260707,8.473343433219947
H1,1419,774243,774256,6048.7734375,6048.875,0.009960067635602287,9.772109330305247
H1,1420,775053,775058,6055.1015625,6055.140625,0.008228023164187264,7.7594151596963234
H1,1421,775699,775703,6060.1484375,6060.1796875,0.00961434481230741,9.370367733841741
H1,1422,776552,776559,6066.8125,6066.8671875,0.019097136316222573,20.38969171542362
H1,1423,776717,776725,6068.1015625,6068.1640625,0.007854512354873694,7.325382985019724
H1,1424,777038,777043,6070.609375,6070.6484375,0.010663531267965773,10.589557828574266
H1,1425,777432,777435,6073.6875,6073.7109375,0.007768211023676491,7.225097923589115
H1,1426,777672,777675,6075.5625,6075.5859375,0.00819295715516609,7.718667272960034
H1,1427,777974,777978,6077.921875,6077.953125,0.007773250768024106,7.230954276723926
H1,1428,779091,779096,6086.6484375,6086.6875,0.007808583398855218,7.27201198700775
H1,1429,779515,779526,6089.9609375,6090.046875,0.011994958164154745,12.136720847063165
H1,1430,780323,780328,6096.2734375,6096.3125,0.010605415580496871,10.522025437045063
H1,1431,780712,780716,6099.3125,6099.34375,0.010939141217626342,10.90982589801388
H1,1432,781085,781089,6102.2265625,6102.2578125,0.01051824009016046,10.420724573172484
H1,1433,781883,781886,6108.4609375,6108.484375,0.00708737209734131,6.433940097809418
H1,1434,782149,782154,6110.5390625,6110.578125,0.011769397425016223,11.874611650518428
H1,1435,782941,782944,6116.7265625,6116.75,0.007110035339334537,6.460275550391419
H1,1436,783842,783845,6123.765625,6123.7890625,0.007379012021296335,6.772835538745507
H1,1437,784418,784422,6128.265625,6128.296875,0.009003673625464254,8.660747191065537
H1,1438,784805,784810,6131.2890625,6131.328125,0.009542943568060952,9.28739707665552
H1,1439,786243,786250,6142.5234375,6142.578125,0.008099483655943566,7.6100479100646385
H1,1440,786407,786432,6143.8046875,6144.0,0.2128157360671408,245.49724691501032
H1,1441,787343,787347,6151.1171875,6151.1484375,0.009799403893975793,9.585412636579084
H1,1442,787492,787496,6152.28125,6152.3125,0.009447574054799733,9.176574481414734
H1,1443,788500,788507,6160.15625,6160.2109375,0.01032906879611059,10.200901140769696
H1,1444,789369,789373,6166.9453125,6166.9765625,0.007859340609188794,7.330993579594286
H1,1445,790164,790170,6173.15625,6173.203125,0.014556334741386226,15.113126932939442
H1,1446,790360,790364,6174.6875,6174.71875,0.010570260499729402,10.481174045931436
H1,1447,791158,791163,6180.921875,6180.9609375,0.01242777577238725,12.63966952500027
H1,1448,791870,791873,6186.484375,6186.5078125,0.006718451536211006,6.0052419465442135
H1,1449,791996,792000,6187.46875,6187.5,0.008196283684023612,7.722532811836428
H1,1450,793210,793214,6196.953125,6196.984375,0.013399223754834207,13.768524888467603
H1,1451,793794,793801,6201.515625,6201.5703125,0.007113218825920091,6.463974869316943
H1,1452,794669,794675,6208.3515625,6208.3984375,0.022938054592019433,24.852968467876735
H1,1453,795195,795199,6212.4609375,6212.4921875,0.008207237053201236,7.7352609967393935
H1,1454,795321,795325,6213.4453125,6213.4765625,0.009320416799347737,9.028813456208622
H1,1455,795479,795482,6214.6796875,6214.703125,0.009346253038734969,9.058836038921326
H1,1456,795547,795550,6215.2109375,6215.234375,0.0073842617467757155,6.778935897046939
H1,1457,795704,795709,6216.4375,6216.4765625,0.012286978796281128,12.476058683751695
H1,1458,796023,796026,6218.9296875,6218.953125,0.008511554337901404,8.088887959002767
H1,1459,796133,796137,6219.7890625,6219.8203125,0.012159659143857077,12.328108947779564
H1,1460,796338,796341,6221.390625,6221.4140625,0.007578231732136935,7.00433557081552
H1,1461,796551,796555,6223.0546875,6223.0859375,0.010586863095678726,10.500466823129518
H1,1462,798475,798478,6238.0859375,6238.109375,0.0085395587297551,8.12143000810462
H1,1463,798667,798673,6239.5859375,6239.6328125,0.009855196716498798,9.650245780593066
H1,1464,799878,799882,6249.046875,6249.078125,0.010641902182954379,10.564424101330834
H1,1465,801157,801161,6259.0390625,6259.0703125,0.0080695897331141,7.57531016215546
H1,1466,801364,801370,6260.65625,6260.703125,0.007457670177646387,6.864238972877458
H1,1467,802357,802362,6268.4140625,6268.453125,0.014841809382899132,15.444858107463093
H1,1468,802481,802485,6269.3828125,6269.4140625,0.007349354265498866,6.738372224903371
H1,1469,802657,802669,6270.7578125,6270.8515625,0.009689719523894925,9.457955694270716
H1,1470,802901,802904,6272.6640625,6272.6875,0.007662314094812935,7.102042115885207
H1,1471,803069,803075,6273.9765625,6274.0234375,0.013232079386417277,13.574297487546408
H1,1472,803169,803173,6274.7578125,6274.7890625,0.00734623791540941,6.734750920853656
H1,1473,803659,803663,6278.5859375,6278.6171875,0.02428831619801293,26.422018055246692
H1,1474,803767,803771,6279.4296875,6279.4609375,0.009514210353958764,9.25400811148704
H1,1475,804008,804014,6281.3125,6281.359375,0.008129953274095004,7.6454546353804025
H1,1476,804108,804111,6282.09375,6282.1171875,0.006766636092845693,6.061234028648654
H1,1477,804671,804674,6286.4921875,6286.515625,0.009503793160095305,9.241902980406914
H1,1478,805051,805053,6289.4609375,6289.4765625,0.006788128342960057,6.086208749120531
H1,1479,805784,805787,6295.1875,6295.2109375,0.007251294356218206,6.624423298627603
H1,1480,805887,805892,6295.9921875,6296.03125,0.007603997453225799,7.034276208883968
H1,1481,806806,806811,6303.171875,6303.2109375,0.007194565370802563,6.558502301716164
H1,1482,807152,807156,6305.875,6305.90625,0.008661941560233944,8.263642990249446
H1,1483,807249,807253,6306.6328125,6306.6640625,0.007789452120231692,7.249780795143255
H1,1484,807983,807991,6312.3671875,6312.4296875,0.007563017987368414,6.986656685593989
H1,1485,808671,808674,6317.7421875,6317.765625,0.0077800563560573,7.2388625998576765
H1,1486,809086,809090,6320.984375,6321.015625,0.008174920552262639,7.697708131251792
H1,1487,809161,809166,6321.5703125,6321.609375,0.009431759173260867,9.158197054964395
H1,1488,809361,809365,6323.1328125,6323.1640625,0.008115236827093093,7.628353626958475
H1,1489,809616,809621,6325.125,6325.1640625,0.008358938607126781,7.911543325684917
H1,1490,810123,810128,6329.0859375,6329.125,0.009772816107620853,9.554516730908565
H1,1491,810239,810244,6329.9921875,6330.03125,0.010345137446391638,10.219573455068762
H1,1492,811299,811302,6338.2734375,6338.296875,0.006916299249227428,6.235147670807251
H1,1493,812461,812466,6347.3515625,6347.390625,0.008739163433014653,8.353377414367472
H1,1494,815455,815459,6370.7421875,6370.7734375,0.00997183972002282,9.78578888997023
H1,1495,815552,815558,6371.5,6371.546875,0.010126556791198381,9.9655753518007
H1,1496,815995,815999,6374.9609375,6374.9921875,0.011965123748304801,12.10205224827387
H1,1497,816065,816069,6375.5078125,6375.5390625,0.009683231409222283,9.450416285903678
H1,1498,816137,816141,6376.0703125,6376.1015625,0.007091556756147204,6.438802812666691
H1,1499,816606,816611,6379.734375,6379.7734375,0.008863278086032553,8.49760283279001
H1,1500,816950,816955,6382.421875,6382.4609375,0.013877149259321023,14.323890465241789
H1,1501,817224,817230,6384.5625,6384.609375,0.014670422599584822,15.24570087715577
H1,1502,818379,818384,6393.5859375,6393.625,0.009694345021518846,9.4633306787226
H1,1503,819001,819004,6398.4453125,6398.46875,0.007727093750867704,7.1773182639675746
H1,1504,819627,819631,6403.3359375,6403.3671875,0.011075424750964914,11.068191966338002
H1,1505,820847,820853,6412.8671875,6412.9140625,0.03448219668417768,38.267651449189515
H1,1506,821745,821749,6419.8828125,6419.9140625,0.009790754044739416,9.575361219642613
H1,1507,823606,823610,6434.421875,6434.453125,0.007215139960950578,6.5824106703158165
H1,1508,824003,824010,6437.5234375,6437.578125,0.027822195156041677,30.528504751082636
H1,1509,824189,824194,6438.9765625,6439.015625,0.015855461164760064,16.62275571116151
H1,1510,824329,824334,6440.0703125,6440.109375,0.00710466904021174,6.454039729579396
H1,1511,824486,824491,6441.296875,6441.3359375,0.026930398353300498,29.49220674842312
H1,1512,824554,824557,6441.828125,6441.8515625,0.006889420264270193,6.203913382526469
H1,1513,825049,825052,6445.6953125,6445.71875,0.008098043781079743,7.60837472684524
H1,1514,826057,826061,6453.5703125,6453.6015625,0.006738283447963923,6.028287297766933
H1,1515,826957,826961,6460.6015625,6460.6328125,0.008320207225109007,7.866536151739139
H1,1516,827146,827150,6462.078125,6462.109375,0.006980672963194097,6.309952100473719
H1,1517,827496,827499,6464.8125,6464.8359375,0.007147256019016082,6.503527237202869
H1,1518,828117,828137,6469.6640625,6469.8203125,0.022823053014817355,24.71933275132013
H1,1519,828292,828296,6471.03125,6471.0625,0.00837629813686836,7.931715685512863
H1,1520,828730,828735,6474.453125,6474.4921875,0.02029379643966676,21.780251192622607
H1,1521,828845,828850,6475.3515625,6475.390625,0.008779395912240178,8.400128913963902
H1,1522,829086,829095,6477.234375,6477.3046875,0.008090283989565602,7.5993575870411485
H1,1523,829395,829398,6479.6484375,6479.671875,0.008801696800478384,8.426043299245112
H1,1524,829988,829997,6484.28125,6484.3515625,0.010319539134531026,10.189827352177309
H1,1525,830202,830207,6485.953125,6485.9921875,0.009509984494029998,9.249097519533539
H1,1526,830317,830322,6486.8515625,6486.890625,0.009844141182289353,9.637398876472792
H1,1527,831278,831281,6494.359375,6494.3828125,0.008253560407470738,7.789090298838726
H1,1528,831480,831483,6495.9375,6495.9609375,0.008158450030912525,7.678568829198433
H1,1529,832603,832607,6504.7109375,6504.7421875,0.007520845605841259,6.937650954008441
H1,1530,833026,833030,6508.015625,6508.046875,0.007604490832695669,7.03484953249043
H1,1531,833367,833371,6510.6796875,6510.7109375,0.011843727000048774,11.960985126974048
H1,1532,833920,833925,6515.0,6515.0390625,0.010170885789475621,10.017087144883382
H1,1533,834622,834626,6520.484375,6520.515625,0.00707907810329372,6.424302196620303
H1,1534,834814,834819,6521.984375,6522.0234375,0.012952190872433928,13.249057581867508
H1,1535,837439,837443,6542.4921875,6542.5234375,0.007267014357435351,6.642690470939792
H1,1536,838084,838089,6547.53125,6547.5703125,0.010576169715462592,10.488040754180183
H1,1537,838176,838204,6548.25,6548.46875,0.00830974945791783,7.854383873081956
H1,1538,838329,838334,6549.4453125,6549.484375,0.011955572122812062,12.090952936872602
H1,1539,839363,839366,6557.5234375,6557.546875,0.007288821176545193,6.668030731208078
H1,1540,840239,840243,6564.3671875,6564.3984375,0.00909929767588102,8.77186556707733
H1,1541,840422,840426,6565.796875,6565.828125,0.007330040117460014,6.715928532602378
H1,1542,840633,840636,6567.4453125,6567.46875,0.007086218571314379,6.432599661609096
H1,1543,842264,842271,6580.1875,6580.2421875,0.010725358574859673,10.661403247224595
H1,1544,842700,842704,6583.59375,6583.625,0.00937692378887517,9.094476486400687
H1,1545,842949,842952,6585.5390625,6585.5625,0.007634550367484802,7.069779727089809
H1,1546,843177,843181,6587.3203125,6587.3515625,0.007189731621760921,6.552885322083792
H1,1547,846847,846851,6615.9921875,6616.0234375,0.006728572427676598,6.017002764231258
H1,1548,847332,847335,6619.78125,6619.8046875,0.010107765627989646,9.943739385534613
H1,1549,848427,848439,6628.3359375,6628.4296875,0.011254331439865919,11.276087580900265
H1,1550,848674,848683,6630.265625,6630.3359375,0.02816832959089469,30.930724654077693
H1,1551,848933,848936,6632.2890625,6632.3125,0.009760479530415993,9.540181211564075
H1,1552,849316,849322,6635.28125,6635.328125,0.022621929263702843,24.48562016014834
H1,1553,849588,849593,6637.40625,6637.4453125,0.00983126782652369,9.622439602312495
H1,1554,851363,851367,6651.2734375,6651.3046875,0.014189322467864635,14.686646276322495
H1,1555,851553,851557,6652.7578125,6652.7890625,0.012230235854695057,12.41012146929889
H1,1556,851940,851968,6655.78125,6656.0,0.1655246732876654,190.5434348455143
H1,1557,852443,852447,6659.7109375,6659.7421875,0.011563054114326801,11.634833754844967
H1,1558,852559,852563,6660.6171875,6660.6484375,0.009136519074654043,8.815118089497362
H1,1559,852686,852690,6661.609375,6661.640625,0.006785955759951299,6.083684134291605
H1,1560,852747,852773,6662.0859375,6662.2890625,0.032161441850964215,35.57085595617011
H1,1561,853218,853230,6665.765625,6665.859375,0.00781949132982932,7.28468737118368
H1,1562,853697,853701,6669.5078125,6669.5390625,0.008013685882488778,7.510347999736932
H1,1563,854638,854642,6676.859375,6676.890625,0.010874107198837094,10.834254171843675
H1,1564,855635,855639,6684.6484375,6684.6796875,0.010439277673719752,10.328967578539679
H1,1565,856361,856365,6690.3203125,6690.3515625,0.007960229807142899,7.448230234859691
H1,1566,856665,856668,6692.6953125,6692.71875,0.006739959232002838,6.030234615414942
H1,1567,856943,856947,6694.8671875,6694.8984375,0.009109580825335008,8.783814934026685
H1,1568,857481,857485,6699.0703125,6699.1015625,0.009418608533722155,9.142915567695352
H1,1569,857783,857787,6701.4296875,6701.4609375,0.006829703137560202,6.134520064515114
H1,1570,858018,858022,6703.265625,6703.296875,0.007457316990722499,6.863828557744028
H1,1571,859446,859450,6714.421875,6714.453125,0.009270674474548504,8.971011194887838
H1,1572,861333,861342,6729.1640625,6729.234375,0.008036736891936262,7.537134051196511
H1,1573,861721,861727,6732.1953125,6732.2421875,0.014793451344918709,15.388664434176073
H1,1574,861908,861917,6733.65625,6733.7265625,0.009106815891951382,8.780601988057231
H1,1575,862619,862623,6739.2109375,6739.2421875,0.008895932072891808,8.535547868315033
H1,1576,864655,864659,6755.1171875,6755.1484375,0.017553239551127198,18.595631533706232
H1,1577,864753,864757,6755.8828125,6755.9140625,0.008231335893848273,7.76326466344034
H1,1578,865497,865500,6761.6953125,6761.71875,0.008151441966204834,7.670425221330849
H1,1579,865998,866001,6765.609375,6765.6328125,0.007104269486122558,6.453575434233975
H1,1580,866140,866144,6766.71875,6766.75,0.012708718765873681,12.966134771473765
H1,1581,866716,866719,6771.21875,6771.2421875,0.007513991106470671,6.9296857942487975
H1,1582,867330,867333,6776.015625,6776.0390625,0.006713972568565129,6.000037234875445
H1,1583,867911,867915,6780.5546875,6780.5859375,0.009166294578294501,8.849718230309644
H1,1584,869236,869240,6790.90625,6790.9375,0.012750579073075332,13.014777862153666
H1,1585,870184,870188,6798.3125,6798.34375,0.008818218427531815,8.445241987851674
H1,1586,870312,870316,6799.3125,6799.34375,0.008530003171923017,8.110326127192234
H1,1587,870916,870922,6804.03125,6804.078125,0.013862417327743942,14.306771463220565
H1,1588,871184,871190,6806.125,6806.171875,0.011810903882640429,11.922843556039085
H1,1589,873040,873043,6820.625,6820.6484375,0.007643767946107254,7.080490864746329
H1,1590,874121,874126,6829.0703125,6829.109375,0.012489250909067894,12.71110570996926
H1,1591,874230,874233,6829.921875,6829.9453125,0.006727884078044422,6.016202878711638
H1,1592,874975,874977,6835.7421875,6835.7578125,0.007047507506419845,6.387616096846675
H1,1593,875587,875593,6840.5234375,6840.5703125,0.02102359877502288,22.62830615328307
H1,1594,877266,877269,6853.640625,6853.6640625,0.007499934770255011,6.913351856853839
H1,1595,878099,878102,6860.1484375,6860.171875,0.007120796031976411,6.472779838652746
H1,1596,878236,878240,6861.21875,6861.25,0.007484342815720535,6.89523347911132
H1,1597,879368,879371,6870.0625,6870.0859375,0.006821208130467707,6.124648579379182
H1,1598,880634,880637,6879.953125,6879.9765625,0.007887020971086615,7.363159094944232
H1,1599,881883,881887,6889.7109375,6889.7421875,0.008212114161526833,7.740928361324055
H1,1600,882717,882722,6896.2265625,6896.265625,0.010750443907559297,10.690553251006582
H1,1601,883290,883294,6900.703125,6900.734375,0.010100280936187226,9.935041920886244
H1,1602,883706,883711,6903.953125,6903.9921875,0.015630164164250122,16.360952987810197
H1,1603,883826,883832,6904.890625,6904.9375,0.009603387447848975,9.357634906287544
H1,1604,883910,883915,6905.546875,6905.5859375,0.00791612946818047,7.396984151623131
H1,1605,885652,885655,6919.15625,6919.1796875,0.007761703614639405,7.217536094518983
H1,1606,885763,885767,6920.0234375,6920.0546875,0.007235380660913871,6.605931047244637
H1,1607,885933,885951,6921.3515625,6921.4921875,0.01318452377182645,13.519036257337644
H1,1608,886734,886737,6927.609375,6927.6328125,0.007833664623691903,7.301157217314272
H1,1609,886801,886813,6928.1328125,6928.2265625,0.010055496085066243,9.883000411404012
H1,1610,887235,887238,6931.5234375,6931.546875,0.00992658448592465,9.733200779582672
H1,1611,887360,887364,6932.5,6932.53125,0.00876764762305862,8.386477005170226
H1,1612,887440,887443,6933.125,6933.1484375,0.008009058905804563,7.5049712965670325
H1,1613,888171,888175,6938.8359375,6938.8671875,0.010112100481939591,9.948776632221684
H1,1614,889127,889131,6946.3046875,6946.3359375,0.010588027809462516,10.501820259881143
H1,1615,889946,889954,6952.703125,6952.765625,0.00749520927559687,6.9078606724710765
H1,1616,890194,890200,6954.640625,6954.6875,0.01755960897851287,18.603033023437487
H1,1617,890428,890434,6956.46875,6956.515625,0.01593718066606938,16.717716531524253
H1,1618,891279,891283,6963.1171875,6963.1484375,0.012915356429993925,13.206254715774783
H1,1619,892113,892117,6969.6328125,6969.6640625,0.009669741536638314,9.434740598379424
H1,1620,892628,892632,6973.65625,6973.6875,0.010017214675397772,9.838516120524647
H1,1621,893432,893435,6979.9375,6979.9609375,0.006813103785459227,6.115231056778365
H1,1622,893597,893601,6981.2265625,6981.2578125,0.007759628945085636,7.215125258431501
H1,1623,893958,893963,6984.046875,6984.0859375,0.00901513092101556,8.674060955433388
H1,1624,894413,894419,6987.6015625,6987.6484375,0.010033542851328885,9.85749001239382
H1,1625,894766,894776,6990.359375,6990.4375,0.014807371440509441,15.404840055363731
H1,1626,895832,895845,6998.6875,6998.7890625,0.01227543027275356,12.462638909394466
H1,1627,896466,896469,7003.640625,7003.6640625,0.006763558750600235,6.05765805303104
H1,1628,896628,896634,7004.90625,7004.953125,0.03307768504655553,36.63556149292815
H1,1629,896705,896715,7005.5078125,7005.5859375,0.009582079159737765,9.33287395587612
H1,1630,896845,896850,7006.6015625,7006.640625,0.011718601127878236,11.815584637745124
H1,1631,897057,897060,7008.2578125,7008.28125,0.007273324335020754,6.65002287799539
H1,1632,897732,897738,7013.53125,7013.578125,0.01947617019409454,20.830141882290846
H1,1633,899460,899463,7027.03125,7027.0546875,0.0100857023358507,9.918101094944868
H1,1634,899529,899533,7027.5703125,7027.6015625,0.008320695504308619,7.867103548659314
H1,1635,900238,900241,7033.109375,7033.1328125,0.008509319811641434,8.086291364023978
H1,1636,900578,900582,7035.765625,7035.796875,0.010863070141574598,10.821428738559764
H1,1637,901805,901811,7045.3515625,7045.3984375,0.01675685316967271,17.67020366279465
H1,1638,902186,902190,7048.328125,7048.359375,0.008027859702154331,7.526818456868333
H1,1639,902571,902574,7051.3359375,7051.359375,0.007177019323409412,6.538113202077994
H1,1640,903324,903330,7057.21875,7057.265625,0.008633030009198597,8.230046791541819
H1,1641,903905,903908,7061.7578125,7061.78125,0.0073189827758301605,6.703079528198551
H1,1642,904070,904075,7063.046875,7063.0859375,0.013422203769799128,13.795228441940809
H1,1643,904240,904244,7064.375,7064.40625,0.009253206532779602,8.950712856622836
H1,1644,905634,905637,7075.265625,7075.2890625,0.008066982998663796,7.572281048689242
H1,1645,906845,906848,7084.7265625,7084.75,0.00813377272750266,7.649892969231161
H1,1646,907206,907210,7087.546875,7087.578125,0.011123132707702977,11.123630223266773
H1,1647,907978,907985,7093.578125,7093.6328125,0.007543590427520741,6.964081204940989
H1,1648,908783,908787,7099.8671875,7099.8984375,0.01177726639723256,11.883755661985736
H1,1649,911643,911647,7122.2109375,7122.2421875,0.011806921214551711,11.918215561216826
H1,1650,912215,912219,7126.6796875,7126.7109375,0.008872967030267964,8.508861713207807
H1,1651,912398,912401,7128.109375,7128.1328125,0.008449165779954046,8.016390347673676
H1,1652,914687,914691,7145.9921875,7146.0234375,0.010740548287998922,10.679054206881313
H1,1653,914761,914765,7146.5703125,7146.6015625,0.008945458355323687,8.593099081108743
H1,1654,914835,914842,7147.1484375,7147.203125,0.012429035316976865,12.6411331583509
H1,1655,914941,914945,7147.9765625,7148.0078125,0.007620784170417623,7.053782941184002
H1,1656,915993,915996,7156.1953125,7156.21875,0.006992942699567346,6.324209948514522
H1,1657,916112,916115,7157.125,7157.1484375,0.007653018494297442,7.091240314154008
H1,1658,916419,916424,7159.5234375,7159.5625,0.0072920018543443585,6.671726786228961
H1,1659,916663,916668,7161.4296875,7161.46875,0.00955679249463778,9.30348999704549
H1,1660,917320,917326,7166.5625,7166.609375,0.015171286196649042,15.827721292173058
H1,1661,917393,917397,7167.1328125,7167.1640625,0.009877608758496576,9.676289330296797
H1,1662,917492,917504,7167.90625,7168.0,0.06468748255857192,73.36721373196546
H1,1663,917882,917886,7170.953125,7170.984375,0.006909851526954242,6.227655199772519
H1,1664,918263,918266,7173.9296875,7173.953125,0.008100005340662703,7.610654125326678
H1,1665,919530,919537,7183.828125,7183.8828125,0.012049246096937076,12.199805258375156
H1,1666,919975,919979,7187.3046875,7187.3359375,0.02187980029888221,23.62324123975362
H1,1667,920217,920225,7189.1953125,7189.2578125,0.010764676248992803,10.707091712408749
H1,1668,920543,920549,7191.7421875,7191.7890625,0.015323359329402918,16.00443540826611
H1,1669,920642,920655,7192.515625,7192.6171875,0.010958154557504473,10.931920041073184
H1,1670,920997,921002,7195.2890625,7195.328125,0.01641046677440767,17.26769097329158
H1,1671,921125,921128,7196.2890625,7196.3125,0.008244393695042455,7.778438269417691
H1,1672,921339,921343,7197.9609375,7197.9921875,0.011220883428934724,11.237219862587766
H1,1673,922039,922044,7203.4296875,7203.46875,0.011289412696456216,11.316853185826819
H1,1674,922264,922268,7205.1875,7205.21875,0.008517746716240886,8.096083711763027
H1,1675,922419,922422,7206.3984375,7206.421875,0.007235095833658063,6.605600068354167
H1,1676,922587,922592,7207.7109375,7207.75,0.008227472557628082,7.7587753362794
H1,1677,923041,923045,7211.2578125,7211.2890625,0.00987525669639704,9.673556154702998
H1,1678,923379,923383,7213.8984375,7213.9296875,0.009024893171150645,8.685405019782301
H1,1679,925126,925130,7227.546875,7227.578125,0.009194286783517778,8.882246118135383
H1,1680,925615,925627,7231.3671875,7231.4609375,0.022957714043794375,24.87581341478071
H1,1681,925884,925888,7233.46875,7233.5,0.011645627956688233,11.730787348363185
H1,1682,926337,926340,7237.0078125,7237.03125,0.00802131444879554,7.519212651418295
H1,1683,926486,926490,7238.171875,7238.203125,0.008147162268994137,7.665452068637544
H1,1684,926922,926928,7241.578125,7241.625,0.027496893626948186,30.15049338815167
H1,1685,927245,927250,7244.1015625,7244.140625,0.00837215153178497,7.926897190366294
H1,1686,927698,927703,7247.640625,7247.6796875,0.01174856786358515,11.850406996676941
H1,1687,928712,928720,7255.5625,7255.625,0.00829742023111423,7.840056895151968
H1,1688,928794,928798,7256.203125,7256.234375,0.007339118314968632,6.726477704697426
H1,1689,928958,928961,7257.484375,7257.5078125,0.007943303429961326,7.428561212934955
H1,1690,929120,929124,7258.75,7258.78125,0.007705939912210938,7.1527367890383005
H1,1691,929225,929229,7259.5703125,7259.6015625,0.00804508385783073,7.546833507460669
H1,1692,929492,929498,7261.65625,7261.703125,0.013161789686949484,13.492618482932222
H1,1693,929560,929565,7262.1875,7262.2265625,0.01593024520191855,16.70965728795562
H1,1694,930353,930360,7268.3828125,7268.4375,0.007752716702859193,7.2070929995232555
H1,1695,930776,930780,7271.6875,7271.71875,0.0079720412782171,7.461955563146406
H1,1696,931152,931158,7274.625,7274.671875,0.01718238323994263,18.16468397550358
H1,1697,932936,932941,7288.5625,7288.6015625,0.007371859049145866,6.764523543535582
H1,1698,933421,933425,7292.3515625,7292.3828125,0.012403577652367355,12.611550492315187
H1,1699,935810,935814,7311.015625,7311.046875,0.007745438772703917,7.198635798891649
H1,1700,935908,935917,7311.78125,7311.8515625,0.007281919398669278,6.66001063222855
H1,1701,936021,936025,7312.6640625,7312.6953125,0.008938463013297543,8.584970257426788
H1,1702,936599,936604,7317.1796875,7317.21875,0.017720739372639942,18.79027198312917
H1,1703,936826,936829,7318.953125,7318.9765625,0.00778948324710405,7.249816965620155
H1,1704,936926,936933,7319.734375,7319.7890625,0.008215816739979358,7.745230882529837
H1,1705,937260,937264,7322.34375,7322.375,0.00819556684166914,7.72169981681124
H1,1706,938186,938194,7329.578125,7329.640625,0.008854054896013902,8.4868851745016
H1,1707,938339,938344,7330.7734375,7330.8125,0.010428905583425711,10.31691485933046
H1,1708,939235,939240,7337.7734375,7337.8125,0.019260042777417784,20.57899452503004
H1,1709,939348,939352,7338.65625,7338.6875,0.008197924548720004,7.724439552029124
H1,1710,940240,940243,7345.625,7345.6484375,0.007812644979300953,7.276731680653904
H1,1711,940711,940730,7349.3046875,7349.453125,0.013206722089000996,13.544831451578839
H1,1712,941116,941123,7352.46875,7352.5234375,0.009356734037533995,9.07101531349141
H1,1713,941226,941230,7353.328125,7353.359375,0.00929850018920996,9.003345615057999
H1,1714,941369,941374,7354.4453125,7354.484375,0.014355816003874153,14.880117388006283
H1,1715,942282,942287,7361.578125,7361.6171875,0.007368045317100062,6.760091858100517
H1,1716,943005,943008,7367.2265625,7367.25,0.0068074555918748395,6.1086676650818
H1,1717,943836,943840,7373.71875,7373.75,0.01581327782763042,16.573737248795872
H1,1718,944042,944046,7375.328125,7375.359375,0.011416221704587578,11.464209535885303
H1,1719,944405,944411,7378.1640625,7378.2109375,0.017990502226262306,19.103745529503524
H1,1720,944547,944553,7379.2734375,7379.3203125,0.008571317972945608,8.158335321269163
H1,1721,945324,945330,7385.34375,7385.390625,0.013477350195150535,13.859310450611186
H1,1722,946552,946556,7394.9375,7394.96875,0.007442109539929179,6.84615698633424
H1,1723,946868,946878,7397.40625,7397.484375,0.00758592485238296,7.013275236354431
H1,1724,947121,947126,7399.3828125,7399.421875,0.009482398617137792,9.217041798951076
H1,1725,947335,947340,7401.0546875,7401.09375,0.009358766484525435,9.073377085535519
H1,1726,947528,947532,7402.5625,7402.59375,0.008844255930768952,8.475498445955076
H1,1727,947720,947728,7404.0625,7404.125,0.006786170932274071,6.083934171797493
H1,1728,947850,947856,7405.078125,7405.125,0.02052538329148887,22.04936293562031
H1,1729,948161,948165,7407.5078125,7407.5390625,0.007556553578057148,6.979144823657451
H1,1730,948453,948457,7409.7890625,7409.8203125,0.011787125723246979,11.895212531784894
H1,1731,948720,948724,7411.875,7411.90625,0.008200625839174573,7.727578542765656
H1,1732,949830,949838,7420.546875,7420.609375,0.02084569849316646,22.42158001769512
H1,1733,950996,951000,7429.65625,7429.6875,0.007724576665431063,7.174393325682871
H1,1734,951068,951072,7430.21875,7430.25,0.010809314710798571,10.758963112562823
H1,1735,951807,951812,7435.9921875,7436.03125,0.011363679829369788,11.403154102431383
H1,1736,953059,953062,7445.7734375,7445.796875,0.0074454626734452795,6.850053440722396
H1,1737,954209,954213,7454.7578125,7454.7890625,0.009514583395722007,9.254441598614342
H1,1738,954321,954324,7455.6328125,7455.65625,0.008756107039651583,8.373066457501208
H1,1739,954750,954755,7458.984375,7459.0234375,0.013181069692778396,13.51502250083221
H1,1740,955130,955134,7461.953125,7461.984375,0.01004164697216038,9.866907274493409
H1,1741,955458,955469,7464.515625,7464.6015625,0.01623832663607847,17.06765831901455
H1,1742,955741,955746,7466.7265625,7466.765625,0.010555753257639553,10.46431614068262
H1,1743,956583,956588,7473.3046875,7473.34375,0.013958071399941357,14.41792472555537
H1,1744,956653,956656,7473.8515625,7473.875,0.006820037035904395,6.12328772794626
H1,1745,956732,956736,7474.46875,7474.5,0.01041624783559486,10.302206128871953
H1,1746,957690,957702,7481.953125,7482.046875,0.011202701219707538,11.21609152141391
H1,1747,957789,957794,7482.7265625,7482.765625,0.010967155336949523,10.942379250763793
H1,1748,957853,957867,7483.2265625,7483.3359375,0.007068867727307599,6.4124373948983235
H1,1749,958648,958651,7489.4375,7489.4609375,0.00719581070921815,6.559949427012803
H1,1750,958825,958836,7490.8203125,7490.90625,0.017202543006455216,18.188110305029383
H1,1751,959123,959126,7493.1484375,7493.171875,0.006747267395189352,6.038726947849882
H1,1752,959530,959534,7496.328125,7496.359375,0.010320434434862823,10.190867721399052
H1,1753,960024,960028,7500.1875,7500.21875,0.008284239326838303,7.824740239236177
H1,1754,960251,960256,7501.9609375,7502.0,0.013787520490941403,14.219738809430583
H1,1755,962555,962559,7519.9609375,7519.9921875,0.011500319555998352,11.561934079387882
H1,1756,962946,962950,7523.015625,7523.046875,0.009129393240915386,8.806837630038487
H1,1757,963543,963557,7527.6796875,7527.7890625,0.008083533106478432,7.591512832902182
H1,1758,965329,965332,7541.6328125,7541.65625,0.008036657043462658,7.5370412645735305
H1,1759,965824,965828,7545.5,7545.53125,0.009124089666050729,8.800674696932754
H1,1760,966252,966256,7548.84375,7548.875,0.007685904665603071,7.129455155847081
H1,1761,966473,966479,7550.5703125,7550.6171875,0.016730318251476233,17.639369191709733
H1,1762,966600,966606,7551.5625,7551.609375,0.014441086512019502,14.979204598237551
H1,1763,966687,966692,7552.2421875,7552.28125,0.007315582526887968,6.699128324094087
H1,1764,966769,966775,7552.8828125,7552.9296875,0.01676175152940386,17.67589572223027
H1,1765,967894,967897,7561.671875,7561.6953125,0.00923495115795476,8.929499494553546
H1,1766,968213,968217,7564.1640625,7564.1953125,0.011161165718941444,11.16782586678153
H1,1767,968673,968676,7567.7578125,7567.78125,0.0073459085835566205,6.734368226118476
H1,1768,968752,968755,7568.375,7568.3984375,0.0068512401342965155,6.1595467820728835
H1,1769,968872,968877,7569.3125,7569.3515625,0.009302401195283902,9.00787871586119
H1,1770,968956,968964,7569.96875,7570.03125,0.012118411490152185,12.280177781153508
H1,1771,969206,969211,7571.921875,7571.9609375,0.014323610552241644,14.842693565562726
H1,1772,969520,969525,7574.375,7574.4140625,0.009969575038802962,9.783157253909653
H1,1773,969922,969926,7577.515625,7577.546875,0.008001470513565678,7.496153328509307
H1,1774,970331,970336,7580.7109375,7580.75,0.011897017935026141,12.022910993165937
H1,1775,970569,970577,7582.5703125,7582.6328125,0.008363819209077033,7.917214749979416
H1,1776,971589,971599,7590.5390625,7590.6171875,0.009408785386080882,9.13150073838761
H1,1777,973058,973062,7602.015625,7602.046875,0.008770757190894778,8.390090428012558
H1,1778,973721,973725,7607.1953125,7607.2265625,0.010897640669149387,10.861600859121893
H1,1779,973901,973904,7608.6015625,7608.625,0.0069629970255293255,6.2894120639532565
H1,1780,974674,974679,7614.640625,7614.6796875,0.010298478173660272,10.165353804372062
H1,1781,974776,974804,7615.4375,7615.65625,0.020279937279876915,21.76414638089351
H1,1782,975346,975350,7619.890625,7619.921875,0.009262007580308927,8.960939971082002
H1,1783,975833,975836,7623.6953125,7623.71875,0.006770728130941756,6.065989115113107
H1,1784,976374,976377,7627.921875,7627.9453125,0.00739639896907109,6.793039759253967
H1,1785,976657,976661,7630.1328125,7630.1640625,0.016094849381933184,16.90093290416578
H1,1786,976877,976881,7631.8515625,7631.8828125,0.012388274391813486,12.593767586727942
H1,1787,977020,977024,7632.96875,7633.0,0.012050299144034595,12.201028934666112
H1,1788,977218,977222,7634.515625,7634.546875,0.01241014322750867,12.619179912362828
H1,1789,977690,977701,7638.203125,7638.2890625,0.008825940324689984,8.454215093134353
H1,1790,979250,979259,7650.390625,7650.4609375,0.022943723461154534,24.85955588526149
H1,1791,979349,979354,7651.1640625,7651.203125,0.012601500067035998,12.841543022420938
H1,1792,979915,979921,7655.5859375,7655.6328125,0.026622020839585515,29.133861662921966
H1,1793,980674,980678,7661.515625,7661.546875,0.009340985189263946,9.05271461992952
H1,1794,980990,980994,7663.984375,7664.015625,0.0069902653272084034,6.321098751412873
H1,1795,983013,983040,7679.7890625,7680.0,0.19501700834900168,224.814524205652
H1,1796,983814,983818,7686.046875,7686.078125,0.009624374515174616,9.382022587297827
H1,1797,984238,984243,7689.359375,7689.3984375,0.01194664526586807,12.080579627624743
H1,1798,984975,984979,7695.1171875,7695.1484375,0.010880271090572465,10.841416822207908
H1,1799,985600,985606,7700.0,7700.046875,0.012944424479314483,13.240032770775104
H1,1800,985722,985727,7700.953125,7700.9921875,0.009781498034071696,9.564605422651562
H1,1801,985874,985883,7702.140625,7702.2109375,0.008082085428357855,7.589830582034903
H1,1802,986232,986235,7704.9375,7704.9609375,0.0078649075079343,7.33746250394257
H1,1803,986914,986918,7710.265625,7710.296875,0.008243757398340941,7.77769887116144
H1,1804,988022,988026,7718.921875,7718.953125,0.008005699299600313,7.50106732069665
H1,1805,988887,988890,7725.6796875,7725.703125,0.00898611055089023,8.640338305268148
H1,1806,989507,989511,7730.5234375,7730.5546875,0.00790473366048016,7.383741838214715
H1,1807,990174,990178,7735.734375,7735.765625,0.012501518924189504,12.725361557857527
H1,1808,990275,990283,7736.5234375,7736.5859375,0.006847231420685141,6.1548885214736835
H1,1809,991012,991026,7742.28125,7742.390625,0.016528066821928512,17.404346200114457
H1,1810,991129,991138,7743.1953125,7743.265625,0.007013883794171527,6.348544207669874
H1,1811,991624,991629,7747.0625,7747.1015625,0.013883834579606947,14.331659033191512
H1,1812,991769,991774,7748.1953125,7748.234375,0.015635445596574694,16.367090190536548
H1,1813,992508,992513,7753.96875,7754.0078125,0.008241408858154184,7.774969788149232
H1,1814,993052,993056,7758.21875,7758.25,0.010038861941964138,9.863670975348985
H1,1815,993799,993807,7764.0546875,7764.1171875,0.010994487961089181,10.974140683094909
H1,1816,994834,994838,7772.140625,7772.171875,0.012693319936752658,12.948240811983935
H1,1817,994942,994950,7772.984375,7773.046875,0.007434036770249519,6.8367761553318775
H1,1818,995231,995235,7775.2421875,7775.2734375,0.007965011743510338,7.453787006414815
H1,1819,995346,995350,7776.140625,7776.171875,0.0110177773916991,11.001203787997227
H1,1820,996119,996123,7782.1796875,7782.2109375,0.007432879851321156,6.835431776465508
H1,1821,996744,996748,7787.0625,7787.09375,0.00768049862865925,7.123173158344997
H1,1822,997217,997222,7790.7578125,7790.796875,0.009644613397276635,9.405540851810457
H1,1823,997468,997472,7792.71875,7792.75,0.00784955944347617,7.319627534705452
H1,1824,997722,997727,7794.703125,7794.7421875,0.016024834246500756,16.8195729522333
H1,1825,998272,998277,7799.0,7799.0390625,0.012335614463978411,12.53257497214585
H1,1826,998479,998483,7800.6171875,7800.6484375,0.01442649961351935,14.962254129549796
H1,1827,998608,998613,7801.625,7801.6640625,0.01911241327240988,20.40744405444857
H1,1828,999166,999171,7805.984375,7806.0234375,0.017567418858160346,18.6121083673441
H1,1829,999523,999526,7808.7734375,7808.796875,0.007185973198940427,6.548517907836449
H1,1830,999879,999883,7811.5546875,7811.5859375,0.008688206848947862,8.294164142769667
H1,1831,1000383,1000388,7815.4921875,7815.53125,0.008617284056002605,8.211749462153756
H1,1832,1000594,1000599,7817.140625,7817.1796875,0.01020361165029446,10.05511570037678
H1,1833,1001473,1001476,7824.0078125,7824.03125,0.007581270135685352,7.00786629835213
H1,1834,1002009,1002013,7828.1953125,7828.2265625,0.00848075327441068,8.05309608300914
H1,1835,1003304,1003308,7838.3125,7838.34375,0.010988344100910754,10.967001310076355
H1,1836,1003405,1003409,7839.1015625,7839.1328125,0.006829127284657884,6.133850903994842
H1,1837,1003591,1003595,7840.5546875,7840.5859375,0.010235816809145959,10.092539182598912
H1,1838,1004053,1004058,7844.1640625,7844.203125,0.018676395111109544,19.900776225757156
H1,1839,1004188,1004192,7845.21875,7845.25,0.01249805634244202,12.721337920928201
H1,1840,1004270,1004274,7845.859375,7845.890625,0.010531628078058417,10.436281867250727
H1,1841,1004352,1004357,7846.5,7846.5390625,0.010762772430098357,10.70487941055739
H1,1842,1004469,1004472,7847.4140625,7847.4375,0.008201838080631624,7.7289872082787205
H1,1843,1004991,1004994,7851.4921875,7851.515625,0.00755541758156712,6.977824757371021
H1,1844,1005480,1005483,7855.3125,7855.3359375,0.007665106678305991,7.10528719221562
H1,1845,1005682,1005689,7856.890625,7856.9453125,0.009547892183949275,9.29314753544303
H1,1846,1005775,1005778,7857.6171875,7857.640625,0.007263537538489183,6.638650289904776
H1,1847,1006997,1007001,7867.1640625,7867.1953125,0.008517920619183094,8.096285792854946
H1,1848,1007409,1007413,7870.3828125,7870.4140625,0.007294332249028278,6.674434783554059
H1,1849,1007797,1007800,7873.4140625,7873.4375,0.00795646094316588,7.443850687635846
H1,1850,1007989,1007992,7874.9140625,7874.9375,0.008060188062866777,7.5643851038136765
H1,1851,1009235,1009240,7884.6484375,7884.6875,0.01014714617375558,9.989500909679395
H1,1852,1009374,1009384,7885.734375,7885.8125,0.020208571972314786,21.68121748334814
H1,1853,1009595,1009599,7887.4609375,7887.4921875,0.014644928699356574,15.216076104107326
H1,1854,1009747,1009750,7888.6484375,7888.671875,0.007094847585767695,6.442626867824016
H1,1855,1010474,1010479,7894.328125,7894.3671875,0.010954836313141834,10.92806412905963
H1,1856,1011564,1011567,7902.84375,7902.8671875,0.006742299236410438,6.032953779563499
H1,1857,1011675,1011680,7903.7109375,7903.75,0.010443544685424884,10.333925990247101
H1,1858,1011800,1011804,7904.6875,7904.71875,0.010544549867562139,10.45129742305036
H1,1859,1012172,1012181,7907.59375,7907.6640625,0.008860651975107806,8.494551203206104
H1,1860,1012511,1012515,7910.2421875,7910.2734375,0.007534212893973717,6.953184194260099
H1,1861,1013902,1013906,7921.109375,7921.140625,0.0075826117431424395,7.0094252915262025
H1,1862,1014482,1014486,7925.640625,7925.671875,0.008584499402682189,8.173652587787979
H1,1863,1014891,1014895,7928.8359375,7928.8671875,0.011372646517419307,11.413573696769046
H1,1864,1015080,1015083,7930.3125,7930.3359375,0.007882601133448552,7.358023094341488
H1,1865,1015464,1015470,7933.3125,7933.359375,0.0073000181944663225,6.6810420441795335
H1,1866,1016095,1016099,7938.2421875,7938.2734375,0.008290507523947287,7.832024095967161
H1,1867,1016435,1016444,7940.8984375,7940.96875,0.008114700740014984,7.627730675668912
H1,1868,1017130,1017133,7946.328125,7946.3515625,0.0077648472561483335,7.2211891121198155
H1,1869,1017265,1017270,7947.3828125,7947.421875,0.01115370879085207,11.159160664505361
H1,1870,1018061,1018066,7953.6015625,7953.640625,0.010588277245487448,10.502110112966099
H1,1871,1018766,1018771,7959.109375,7959.1484375,0.015054390129967876,15.691884114860814
H1,1872,1018855,1018860,7959.8046875,7959.84375,0.01545566361134755,16.158177452082693
H1,1873,1019108,1019113,7961.78125,7961.8203125,0.007357074097576289,6.747342930492482
H1,1874,1019456,1019460,7964.5,7964.53125,0.006750580912703492,6.042577367105845
H1,1875,1019549,1019552,7965.2265625,7965.25,0.007325124101953338,6.710215956559324
H1,1876,1019743,1019748,7966.7421875,7966.78125,0.010870049917971558,10.82953947445492
H1,1877,1020621,1020625,7973.6015625,7973.6328125,0.008192666581235297,7.718329616239153
H1,1878,1022737,1022742,7990.1328125,7990.171875,0.009032804205593124,8.694597908976917
H1,1879,1023246,1023250,7994.109375,7994.140625,0.00807096130569394,7.576903975814158
H1,1880,1023644,1023647,7997.21875,7997.2421875,0.007552456364562399,6.974383723204941
H1,1881,1024250,1024254,8001.953125,8001.984375,0.012932103284277052,13.225715126028653
H1,1882,1024323,1024329,8002.5234375,8002.5703125,0.026341599457702803,28.808002546747925
H1,1883,1025516,1025520,8011.84375,8011.875,0.012383790180024584,12.58855678118787
H1,1884,1025862,1025865,8014.546875,8014.5703125,0.008202099913830096,7.729291467298009
H1,1885,1026145,1026149,8016.7578125,8016.7890625,0.007914833256488382,7.395477909861101
H1,1886,1028092,1028095,8031.96875,8031.9921875,0.006798648421457183,6.098433435619611
H1,1887,1029040,1029044,8039.375,8039.40625,0.00855736849459606,8.142125556323442
H1,1888,1029553,1029557,8043.3828125,8043.4140625,0.00898840717757381,8.643007063036436
H1,1889,1030083,1030088,8047.5234375,8047.5625,0.019907276323311462,21.33110176381156
H1,1890,1030631,1030635,8051.8046875,8051.8359375,0.007954626497931851,7.441719000320788
H1,1891,1030940,1030945,8054.21875,8054.2578125,0.014895232302238335,15.506937343940825
H1,1892,1031230,1031233,8056.484375,8056.5078125,0.00678041101449634,6.0772409528151
H1,1893,1031440,1031442,8058.125,8058.140625,0.007619519749304798,7.052313641148708
H1,1894,1031801,1031804,8060.9453125,8060.96875,0.008838053946457189,8.468291530730609
H1,1895,1033417,1033421,8073.5703125,8073.6015625,0.006850191034587832,6.158327692781065
H1,1896,1033931,1033934,8077.5859375,8077.609375,0.008569324443835454,8.156018773117447
H1,1897,1034235,1034239,8079.9609375,8079.9921875,0.009091701031812062,8.763038010114377
H1,1898,1034474,1034477,8081.828125,8081.8515625,0.0068830393872742965,6.196498587961454
H1,1899,1034598,1034605,8082.796875,8082.8515625,0.008724297006653522,8.33610212486501
H1,1900,1034727,1034730,8083.8046875,8083.828125,0.008495501592414823,8.07023412661201
H1,1901,1035595,1035599,8090.5859375,8090.6171875,0.009221462221448744,8.913824894783488
H1,1902,1036556,1036565,8098.09375,8098.1640625,0.01857699416033274,19.785268963973046
H1,1903,1037726,1037730,8107.234375,8107.265625,0.007170200556260687,6.530189564366911
H1,1904,1037968,1037971,8109.125,8109.1484375,0.008603733619442932,8.196003397244361
H1,1905,1038036,1038039,8109.65625,8109.6796875,0.00891243629854233,8.554726335903734
H1,1906,1039085,1039097,8117.8515625,8117.9453125,0.008618383777900042,8.213027376138525
H1,1907,1039874,1039886,8124.015625,8124.109375,0.019157260581388988,20.459558142071273
H1,1908,1040049,1040053,8125.3828125,8125.4140625,0.00785322558732515,7.3238877176714405
H1,1909,1040797,1040801,8131.2265625,8131.2578125,0.006743342189217075,6.034165725947545
H1,1910,1040886,1040889,8131.921875,8131.9453125,0.00773316473071397,7.184372947578833
H1,1911,1041197,1041206,8134.3515625,8134.421875,0.009598376736995458,9.351812291053397
H1,1912,1041871,1041880,8139.6171875,8139.6875,0.010103405172252816,9.938672388706554
H1,1913,1041971,1041974,8140.3984375,8140.421875,0.006753125502416136,6.045534266288142
H1,1914,1042691,1042696,8146.0234375,8146.0625,0.02292623866894083,24.839237966210554
H1,1915,1042864,1042872,8147.375,8147.4375,0.0072335380392926744,6.603789858691558
H1,1916,1043226,1043229,8150.203125,8150.2265625,0.009946865284971962,9.756767753001355
H1,1917,1043377,1043383,8151.3828125,8151.4296875,0.03429832556820416,38.05398700270973
H1,1918,1043787,1043790,8154.5859375,8154.609375,0.00782348685495619,7.289330306318483
H1,1919,1043993,1043999,8156.1953125,8156.2421875,0.00916952195350362,8.853468549297965
H1,1920,1044487,1044497,8160.0546875,8160.1328125,0.008703478180033135,8.311909945236076
H1,1921,1045279,1045284,8166.2421875,8166.28125,0.05194243130614306,58.55703374916237
H1,1922,1046060,1046063,8172.34375,8172.3671875,0.00690592511197991,6.223092572968962
H1,1923,1046157,1046164,8173.1015625,8173.15625,0.008946146033651072,8.593898186549524
H1,1924,1047957,1047967,8187.1640625,8187.2421875,0.008118966114579618,7.6326871849637845
H1,1925,1048252,1048261,8189.46875,8189.5390625,0.012161875051321807,12.330683907089487
H1,1926,1048563,1048575,8191.8984375,8191.9921875,0.09126185379126595,104.24753057737784
H1,1927,1050392,1050396,8206.1875,8206.21875,0.012783972533802415,13.05358219128671
H1,1928,1050489,1050494,8206.9453125,8206.984375,0.013179847487759964,13.513602257324331
H1,1929,1051128,1051132,8211.9375,8211.96875,0.007612296159684243,7.043919586053643
H1,1930,1051992,1051996,8218.6875,8218.71875,0.008137404722313876,7.654113469861982
H1,1931,1052521,1052524,8222.8203125,8222.84375,0.006810080664324997,6.111718087923162
H1,1932,1054009,1054015,8234.4453125,8234.4921875,0.015273809594930757,15.946856943409568
H1,1933,1054744,1054750,8240.1875,8240.234375,0.020323683604886286,21.814981087960817
H1,1934,1054959,1054963,8241.8671875,8241.8984375,0.010984858217299201,10.962950595594029
H1,1935,1055713,1055717,8247.7578125,8247.7890625,0.007473264334557474,6.882359909855978
H1,1936,1055909,1055925,8249.2890625,8249.4140625,0.007472143877885919,6.881057901363428
H1,1937,1056408,1056411,8253.1875,8253.2109375,0.006786898042332052,6.084779098240921
H1,1938,1056624,1056628,8254.875,8254.90625,0.009590962451702666,9.343196641146994
H1,1939,1056995,1057000,8257.7734375,8257.8125,0.01175746019851093,11.860740190173757
H1,1940,1057908,1057913,8264.90625,8264.9453125,0.011118832380384554,11.118633097691568
H1,1941,1058059,1058064,8266.0859375,8266.125,0.009931273875402689,9.738650008526808
H1,1942,1058323,1058327,8268.1484375,8268.1796875,0.009660190626718775,9.423642118498384
H1,1943,1058435,1058438,8269.0234375,8269.046875,0.0091143924310071,8.789406182315812
H1,1944,1058592,1058596,8270.25,8270.28125,0.009832114641443245,9.623423629847759
H1,1945,1060147,1060151,8282.3984375,8282.4296875,0.007914362351024091,7.394930701808115
H1,1946,1060684,1060688,8286.59375,8286.625,0.012687755744318234,12.941775032460525
H1,1947,1060937,1060941,8288.5703125,8288.6015625,0.007806501854582362,7.269593162264516
H1,1948,1061483,1061486,8292.8359375,8292.859375,0.007024631219780095,6.361033079190444
H1,1949,1061627,1061631,8293.9609375,8293.9921875,0.007938081930215644,7.422493653889324
H1,1950,1062109,1062113,8297.7265625,8297.7578125,0.01588171115384447,16.653259084995536
H1,1951,1062527,1062531,8300.9921875,8301.0234375,0.006830113761132893,6.134997222974213
H1,1952,1063072,1063076,8305.25,8305.28125,0.008139907833127083,7.657022169162302
H1,1953,1063137,1063141,8305.7578125,8305.7890625,0.010169534829548573,10.015517283823364
H1,1954,1063398,1063401,8307.796875,8307.8203125,0.007221392698676195,6.589676562721231
H1,1955,1063719,1063723,8310.3046875,8310.3359375,0.008199203582014666,7.725925831913195
H1,1956,1064436,1064441,8315.90625,8315.9453125,0.010989751668401649,10.968636951037322
H1,1957,1064503,1064507,8316.4296875,8316.4609375,0.010410297264986264,10.295291364861342
H1,1958,1064910,1064913,8319.609375,8319.6328125,0.007118069361580165,6.469611355566852
H1,1959,1065995,1065999,8328.0859375,8328.1171875,0.009784332936852397,9.567899675423432
H1,1960,1066617,1066626,8332.9453125,8333.015625,0.009814744579874662,9.603239031681152
H1,1961,1066707,1066710,8333.6484375,8333.671875,0.007028661267238436,6.3657161304403065
H1,1962,1067136,1067142,8337.0,8337.046875,0.008419209276366088,7.981579878809647
H1,1963,1067453,1067460,8339.4765625,8339.53125,0.015796471526332245,16.554207759102862
H1,1964,1068396,1068400,8346.84375,8346.875,0.007835234747087803,7.302981753726714
H1,1965,1069420,1069423,8354.84375,8354.8671875,0.008658569201830002,8.259724195892352
H1,1966,1070144,1070148,8360.5,8360.53125,0.00841960747157484,7.982042595090117
H1,1967,1070377,1070381,8362.3203125,8362.3515625,0.010290850979040185,10.15649074663694
H1,1968,1070660,1070662,8364.53125,8364.546875,0.007170428620081882,6.530454582229338
H1,1969,1070972,1070976,8366.96875,8367.0,0.011228153212466504,11.245667596567742
H1,1970,1072345,1072349,8377.6953125,8377.7265625,0.008232604207742298,7.764738487018855
H1,1971,1073356,1073367,8385.59375,8385.6796875,0.011985948435696926,12.12625123831749
H1,1972,1073510,1073515,8386.796875,8386.8359375,0.007923403333664139,7.405436628969058
H1,1973,1073843,1073848,8389.3984375,8389.4375,0.015717602840113774,16.462559682153767
H1,1974,1073961,1073972,8390.3203125,8390.40625,0.019707905039421946,21.09942559873976
H1,1975,1074758,1074761,8396.546875,8396.5703125,0.007263430272854628,6.638525643614834
H1,1976,1074930,1074934,8397.890625,8397.921875,0.00794168718631699,7.426683083236254
H1,1977,1075480,1075485,8402.1875,8402.2265625,0.008364710826060752,7.918250839026299
H1,1978,1075610,1075615,8403.203125,8403.2421875,0.024056523005985302,26.15266653796163
H1,1979,1077555,1077561,8418.3984375,8418.4453125,0.01578385030390128,16.539541472392564
H1,1980,1077644,1077648,8419.09375,8419.125,0.009139265642066626,8.818309693588207
H1,1981,1078333,1078336,8424.4765625,8424.5,0.007210922356774624,6.577509671825895
H1,1982,1079117,1079121,8430.6015625,8430.6328125,0.009666881653470948,9.43141731755461
H1,1983,1079933,1079938,8436.9765625,8437.015625,0.01568806258885725,16.428232912556588
H1,1984,1080794,1080799,8443.703125,8443.7421875,0.038360597773211755,42.77448449649857
H1,1985,1080878,1080883,8444.359375,8444.3984375,0.024436459132879566,26.59416514866363
H1,1986,1080956,1080962,8444.96875,8445.015625,0.012815117213985164,13.089773361481138
H1,1987,1081056,1081062,8445.75,8445.796875,0.015792925000268965,16.550086576043604
H1,1988,1081266,1081271,8447.390625,8447.4296875,0.01039804224177152,10.281050614007615
H1,1989,1081505,1081509,8449.2578125,8449.2890625,0.010422219794268207,10.309145746536123
H1,1990,1082156,1082161,8454.34375,8454.3828125,0.011690298186939656,11.782695664523999
H1,1991,1082229,1082232,8454.9140625,8454.9375,0.008647146407354575,8.246450522939847
H1,1992,1082500,1082505,8457.03125,8457.0703125,0.01753681593347903,18.57654673533857
H1,1993,1082574,1082578,8457.609375,8457.640625,0.007209406176421906,6.575747819051404
H1,1994,1083168,1083178,8462.25,8462.328125,0.013034888677840705,13.345155224630913
H1,1995,1083530,1083534,8465.078125,8465.109375,0.008870918874971483,8.506481687582735
H1,1996,1083757,1083761,8466.8515625,8466.8828125,0.010616463785729106,10.534863824646303
H1,1997,1085010,1085013,8476.640625,8476.6640625,0.00837216420042132,7.9269119117495785
H1,1998,1085543,1085546,8480.8046875,8480.828125,0.0067140639038429,6.0001433695528
H1,1999,1086465,1086473,8488.0078125,8488.0703125,0.007873428290109051,7.347363940594564
H1,2000,1087352,1087356,8494.9375,8494.96875,0.010642954309574931,10.56564670799647
H1,2001,1088220,1088233,8501.71875,8501.8203125,0.007996823468232245,7.490753304891256
H1,2002,1089903,1089907,8514.8671875,8514.8984375,0.006967676946701553,6.2948502904062735
H1,2003,1090121,1090125,8516.5703125,8516.6015625,0.007475816143337163,6.885325197837985
H1,2004,1090333,1090342,8518.2265625,8518.296875,0.016477273976179454,17.34532319797165
H1,2005,1090533,1090537,8519.7890625,8519.8203125,0.007514117946874394,6.929833187081595
H1,2006,1090924,1090929,8522.84375,8522.8828125,0.011135769425508745,11.138314516125904
H1,2007,1092480,1092485,8535.0,8535.0390625,0.011735921154515362,11.835711093631591
H1,2008,1092558,1092561,8535.609375,8535.6328125,0.006990207944650101,6.321032070942196
H1,2009,1093251,1093256,8541.0234375,8541.0625,0.013326972234017465,13.68456618119106
H1,2010,1093671,1093682,8544.3046875,8544.390625,0.02052347773593784,22.04714861571535
H1,2011,1093908,1093911,8546.15625,8546.1796875,0.007035411353134031,6.3735599582157425
H1,2012,1094038,1094047,8547.171875,8547.2421875,0.007443164899386249,6.847383349665088
H1,2013,1094398,1094411,8549.984375,8550.0859375,0.009854936944439424,9.649943916687018
H1,2014,1094645,1094649,8551.9140625,8551.9453125,0.01143933600726697,11.491069136217904
H1,2015,1096291,1096294,8564.7734375,8564.796875,0.00984042960257503,9.63308589549681
H1,2016,1099032,1099036,8586.1875,8586.21875,0.009165360620906522,8.848632940283085
H1,2017,1099338,1099347,8588.578125,8588.6484375,0.011611876120952512,11.691566575367018
H1,2018,1099450,1099456,8589.453125,8589.5,0.006763848556634906,6.057994817430695
H1,2019,1100244,1100253,8595.65625,8595.7265625,0.011451282324244829,11.504951159998704
H1,2020,1100655,1100658,8598.8671875,8598.890625,0.006826011149173706,6.130229849323708
H1,2021,1100949,1100957,8601.1640625,8601.2265625,0.011012580978338295,10.995165380178044
H1,2022,1101283,1101286,8603.7734375,8603.796875,0.008749150120307051,8.364982282272903
H1,2023,1101662,1101666,8606.734375,8606.765625,0.008447637100639052,8.014613970682904
H1,2024,1102389,1102393,8612.4140625,8612.4453125,0.009365331024084707,9.081005302201852
H1,2025,1103312,1103316,8619.625,8619.65625,0.007933122491572823,7.416730618695579
H1,2026,1103409,1103419,8620.3828125,8620.4609375,0.016963002389224782,17.909756018011638
H1,2027,1103814,1103818,8623.546875,8623.578125,0.008097004495154691,7.607167041501434
H1,2028,1103969,1103973,8624.7578125,8624.7890625,0.008166391478735699,7.687797059768539
H1,2029,1104794,1104799,8631.203125,8631.2421875,0.014643684204829576,15.214629959437728
H1,2030,1105091,1105096,8633.5234375,8633.5625,0.008338948037584514,7.888313608752764
H1,2031,1105741,1105745,8638.6015625,8638.6328125,0.008246418193483176,7.780790804977426
H1,2032,1105894,1105898,8639.796875,8639.828125,0.007562153428860672,6.985652039410014
H1,2033,1105973,1105981,8640.4140625,8640.4765625,0.010025416246460177,9.848046623083656
H1,2034,1106052,1106058,8641.03125,8641.078125,0.026197166023425877,28.64016601829395
H1,2035,1106687,1106693,8645.9921875,8646.0390625,0.010734154351447074,10.671624236671233
H1,2036,1107457,1107461,8652.0078125,8652.0390625,0.009038278301417948,8.700958993197219
H1,2037,1109384,1109390,8667.0625,8667.109375,0.007366405642116739,6.758186500394584
H1,2038,1109672,1109678,8669.3125,8669.359375,0.007702696704103961,7.1489680716879604
H1,2039,1109763,1109766,8670.0234375,8670.046875,0.008014997969459151,7.511872689108473
H1,2040,1109917,1109921,8671.2265625,8671.2578125,0.01726195117261602,18.25714460044833
H1,2041,1110020,1110024,8672.03125,8672.0625,0.007828937786388204,7.295664472732027
H1,2042,1110699,1110702,8677.3359375,8677.359375,0.007076804352398393,6.42166002129053
H1,2043,1111305,1111310,8682.0703125,8682.109375,0.0070636621499220575,6.406388338172907
H1,2044,1111524,1111527,8683.78125,8683.8046875,0.007732752166645659,7.18389353419829
H1,2045,1112221,1112225,8689.2265625,8689.2578125,0.007573377298202501,6.998694554639152
H1,2046,1113125,1113129,8696.2890625,8696.3203125,0.008247630303313979,7.782199317536345
H1,2047,1113257,1113262,8697.3203125,8697.359375,0.006770151899265396,6.065319514444607
H1,2048,1115170,1115174,8712.265625,8712.296875,0.007247805098162736,6.620368662927484
H1,2049,1117818,1117821,8732.953125,8732.9765625,0.007059845129284718,6.401952831283414
H1,2050,1118095,1118098,8735.1171875,8735.140625,0.008486168966328107,8.059389299916619
H1,2051,1118419,1118423,8737.6484375,8737.6796875,0.010747819360769675,10.687503439000515
H1,2052,1120187,1120192,8751.4609375,8751.5,0.011572739388136459,11.646088370104081
H1,2053,1120324,1120327,8752.53125,8752.5546875,0.0074783224899230005,6.888237657215382
H1,2054,1121031,1121036,8758.0546875,8758.09375,0.011574332164188598,11.6479392296681
H1,2055,1121578,1121582,8762.328125,8762.359375,0.013488201864572169,13.871920456963075
H1,2056,1121658,1121666,8762.953125,8763.015625,0.01159903555240214,11.676645401058183
H1,2057,1122273,1122277,8767.7578125,8767.7890625,0.007569570696683805,6.9942711551174
H1,2058,1122997,1123000,8773.4140625,8773.4375,0.006774178876434752,6.069998997914981
H1,2059,1123402,1123407,8776.578125,8776.6171875,0.012177144074340002,12.348427027504004
H1,2060,1123845,1123849,8780.0390625,8780.0703125,0.007407988394827171,6.8065070633820834
H1,2061,1124097,1124101,8782.0078125,8782.0390625,0.01023915170312248,10.096414442026092
H1,2062,1124164,1124168,8782.53125,8782.5625,0.009081624871817715,8.751329171907598
H1,2063,1126700,1126704,8802.34375,8802.375,0.007877585108236924,7.3521943036437385
H1,2064,1127211,1127215,8806.3359375,8806.3671875,0.00994350935895295,9.752868053630507
H1,2065,1128002,1128007,8812.515625,8812.5546875,0.03233234064461559,35.76944612600865
H1,2066,1129031,1129043,8820.5546875,8820.6484375,0.011671365749157182,11.760695532432083
H1,2067,1129162,1129167,8821.578125,8821.6171875,0.0074481658856139984,6.853194664555672
H1,2068,1129409,1129416,8823.5078125,8823.5625,0.011181946773779974,11.191974154324312
H1,2069,1129995,1129999,8828.0859375,8828.1171875,0.008039717577260295,7.540597708207119
H1,2070,1130102,1130108,8828.921875,8828.96875,0.01281452258294415,13.089082380129524
H1,2071,1132670,1132675,8848.984375,8849.0234375,0.009686731655575409,9.45448369037677
H1,2072,1132976,1132979,8851.375,8851.3984375,0.006858319089048863,6.167772766566465
H1,2073,1133048,1133053,8851.9375,8851.9765625,0.007479515572316845,6.889624059249957
H1,2074,1133170,1133174,8852.890625,8852.921875,0.007084747158125677,6.430889829791073
H1,2075,1133759,1133764,8857.4921875,8857.53125,0.0071601604301453825,6.518522598744519
H1,2076,1134247,1134251,8861.3046875,8861.3359375,0.016464548101114397,17.330535301366194
H1,2077,1135250,1135253,8869.140625,8869.1640625,0.006899667146948922,6.215820606258169
H1,2078,1136088,1136093,8875.6875,8875.7265625,0.01042222887805861,10.309156302207352
H1,2079,1137356,1137361,8885.59375,8885.6328125,0.01243053675799895,12.64287788352542
H1,2080,1137467,1137475,8886.4609375,8886.5234375,0.029887590510131266,32.92856390532752
H1,2081,1139659,1139663,8903.5859375,8903.6171875,0.011442777398651908,11.495068149230308
H1,2082,1140126,1140130,8907.234375,8907.265625,0.007154274783424975,6.511683278484601
H1,2083,1140388,1140392,8909.28125,8909.3125,0.012205358254625721,12.381212857848869
H1,2084,1140659,1140663,8911.3984375,8911.4296875,0.010823906986692187,10.775919829963389
H1,2085,1140746,1140750,8912.078125,8912.109375,0.008117406903912239,7.63087532951043
H1,2086,1141008,1141012,8914.125,8914.15625,0.009010790413881349,8.66901713955528
H1,2087,1141940,1141945,8921.40625,8921.4453125,0.006821150606657406,6.1245817347689115
H1,2088,1142666,1142677,8927.078125,8927.1640625,0.01015907424938901,10.003361736401917
H1,2089,1143523,1143530,8933.7734375,8933.828125,0.010222003562367493,10.076487723339621
H1,2090,1144001,1144008,8937.5078125,8937.5625,0.010238851569401875,10.096065676506594
H1,2091,1144614,1144622,8942.296875,8942.359375,0.011783592958664603,11.891107340031201
H1,2092,1146136,1146140,8954.1875,8954.21875,0.012687941238412385,12.941990582862458
H1,2093,1146667,1146670,8958.3359375,8958.359375,0.006781759332831351,6.07880774425596
H1,2094,1146918,1146923,8960.296875,8960.3359375,0.018876588989041754,20.13340827288732
H1,2095,1148120,1148125,8969.6875,8969.7265625,0.009164218294156102,8.847305518020296
H1,2096,1148795,1148799,8974.9609375,8974.9921875,0.008497696200189808,8.072784334963115
H1,2097,1150068,1150073,8984.90625,8984.9453125,0.012963752781889737,13.262492911125426
H1,2098,1151018,1151024,8992.328125,8992.375,0.00695269574293699,6.277441625684745
H1,2099,1151854,1151858,8998.859375,8998.890625,0.011996230979599034,12.138199901595112
H1,2100,1151965,1151975,8999.7265625,8999.8046875,0.010201971290857786,10.053209547312937
H1,2101,1152258,1152261,9002.015625,9002.0390625,0.008056040790674547,7.559565833464105
H1,2102,1152338,1152345,9002.640625,9002.6953125,0.00894853009031356,8.596668540905997
H1,2103,1152703,1152708,9005.4921875,9005.53125,0.011165440512436581,11.172793321191746
H1,2104,1152781,1152792,9006.1015625,9006.1875,0.008095571092061118,7.605501378697633
H1,2105,1153046,1153049,9008.171875,9008.1953125,0.007099008754072977,6.447462285926255
H1,2106,1155621,1155626,9028.2890625,9028.328125,0.00742019601200403,6.820692726818784
H1,2107,1155931,1155948,9030.7109375,9030.84375,0.015343288483764199,16.027593758683835
H1,2108,1156985,1156988,9038.9453125,9038.96875,0.007033957393279778,6.371870407761784
H1,2109,1157262,1157267,9041.109375,9041.1484375,0.00704829161027003,6.388527252001444
H1,2110,1157411,1157414,9042.2734375,9042.296875,0.00992049999381613,9.726130394266335
H1,2111,1157669,1157673,9044.2890625,9044.3203125,0.008502814048562861,8.078731447613224
H1,2112,1158240,1158243,9048.75,9048.7734375,0.008065885955265023,7.571006247210381
H1,2113,1158312,1158315,9049.3125,9049.3359375,0.007040633330993813,6.3796280728461054
H1,2114,1159106,1159112,9055.515625,9055.5625,0.025696807046601485,28.05873198903744
H1,2115,1159208,1159214,9056.3125,9056.359375,0.00763424181019716,7.069421173100934
H1,2116,1159857,1159861,9061.3828125,9061.4140625,0.008651322727173096,8.251303547612169
H1,2117,1160888,1160894,9069.4375,9069.484375,0.01646412268575861,17.33004095435559
H1,2118,1161486,1161489,9074.109375,9074.1328125,0.007008442402504996,6.342221126785995
H1,2119,1161772,1161776,9076.34375,9076.375,0.007873053811156128,7.346928783404316
H1,2120,1161996,1162000,9078.09375,9078.125,0.010426183039303061,10.313751171113836
H1,2121,1162613,1162617,9082.9140625,9082.9453125,0.010283961942834907,10.148485453909007
H1,2122,1163615,1163619,9090.7421875,9090.7734375,0.014602550184590505,15.166830838736601
H1,2123,1163831,1163834,9092.4296875,9092.453125,0.0071903776939894444,6.55363607983257
H1,2124,1163986,1163990,9093.640625,9093.671875,0.007153624800925345,6.510927976868739
H1,2125,1164678,1164686,9099.046875,9099.109375,0.008070886931109,7.5768175500346695
H1,2126,1165915,1165918,9108.7109375,9108.734375,0.009635742486500249,9.395232553898778
H1,2127,1166692,1166697,9114.78125,9114.8203125,0.01013507711795893,9.97547625924601
H1,2128,1166988,1166992,9117.09375,9117.125,0.008995852637050055,8.65165893839683
H1,2129,1168693,1168698,9130.4140625,9130.453125,0.007060137234496957,6.40229226740505
H1,2130,1169208,1169213,9134.4375,9134.4765625,0.022522044400339024,24.36955057559536
H1,2131,1170190,1170193,9142.109375,9142.1328125,0.006767663890384291,6.062428364099413
H1,2132,1170699,1170704,9146.0859375,9146.125,0.01711426546201262,18.085528817066706
H1,2133,1170958,1170963,9148.109375,9148.1484375,0.011861308009060288,11.981414853193487
H1,2134,1171597,1171607,9153.1015625,9153.1796875,0.011636667318018377,11.720374783608992
H1,2135,1172767,1172772,9162.2421875,9162.28125,0.0074498372911468705,6.855136894231787
H1,2136,1173465,1173474,9167.6953125,9167.765625,0.014691706596175916,15.270433600000443
H1,2137,1174010,1174016,9171.953125,9172.0,0.021492881007646108,23.173627956250098
H1,2138,1175280,1175283,9181.875,9181.8984375,0.008215291935162032,7.74462104160833
H1,2139,1175895,1175903,9186.6796875,9186.7421875,0.007228774913516933,6.59825494567926
H1,2140,1177121,1177124,9196.2578125,9196.28125,0.006869424688893213,6.18067784864532
H1,2141,1178031,1178035,9203.3671875,9203.3984375,0.008154913662762725,7.674459449977692
H1,2142,1179204,1179209,9212.53125,9212.5703125,0.007133606817077222,6.487666403587341
H1,2143,1180258,1180272,9220.765625,9220.875,0.008969380775084267,8.620897740781517
H1,2144,1180997,1181002,9226.5390625,9226.578125,0.011695748515381443,11.789029130242534
H1,2145,1181284,1181289,9228.78125,9228.8203125,0.0102000830342016,10.051015329308006
H1,2146,1181472,1181474,9230.25,9230.265625,0.007131342918453092,6.485035676929433
H1,2147,1182524,1182529,9238.46875,9238.5078125,0.010102237750119269,9.937315804761045
H1,2148,1182710,1182716,9239.921875,9239.96875,0.021304143475405154,22.954308569718332
H1,2149,1183825,1183830,9248.6328125,9248.671875,0.01332315513566207,13.680130583990564
H1,2150,1184259,1184263,9252.0234375,9252.0546875,0.007551011239169969,6.97270443869398
H1,2151,1185232,1185239,9259.625,9259.6796875,0.011242820932509565,11.262711982617875
H1,2152,1185664,1185668,9263.0,9263.03125,0.008423445730945557,7.986502782105069
H1,2153,1186186,1186189,9267.078125,9267.1015625,0.007120501223508087,6.472437261256245
H1,2154,1186400,1186404,9268.75,9268.78125,0.007150050690677187,6.506774740055079
H1,2155,1186567,1186574,9270.0546875,9270.109375,0.008637782493997912,8.23556933938014
H1,2156,1186838,1186846,9272.171875,9272.234375,0.00817503654066281,7.697842913689965
H1,2157,1187519,1187522,9277.4921875,9277.515625,0.007668062816317571,7.108722324420142
H1,2158,1188229,1188232,9283.0390625,9283.0625,0.00868292065328808,8.288021404886933
H1,2159,1188747,1188751,9287.0859375,9287.1171875,0.009108167227479631,8.782172285578532
H1,2160,1188976,1188980,9288.875,9288.90625,0.014598245022143895,15.161828094579151
H1,2161,1189166,1189171,9290.359375,9290.3984375,0.011286495967836926,11.313463848667077
H1,2162,1189920,1189925,9296.25,9296.2890625,0.022827518812040735,24.724522158513164
H1,2163,1190003,1190007,9296.8984375,9296.9296875,0.007362351290261081,6.753475206614228
H1,2164,1190072,1190077,9297.4375,9297.4765625,0.008664460641194747,8.26657024740062
H1,2165,1190178,1190183,9298.265625,9298.3046875,0.008137874462274066,7.65465932355984
H1,2166,1193008,1193012,9320.375,9320.40625,0.010377889993961786,10.257633021468447
H1,2167,1193101,1193107,9321.1015625,9321.1484375,0.012157219688677322,12.3252742184751
H1,2168,1193167,1193172,9321.6171875,9321.65625,0.011304016047305031,11.333822772699353
H1,2169,1193243,1193247,9322.2109375,9322.2421875,0.012491950172312662,12.714242345019539
H1,2170,1193526,1193530,9324.421875,9324.453125,0.012558119447874492,12.791133277899517
H1,2171,1195044,1195047,9336.28125,9336.3046875,0.007177919892383181,6.539159693639643
H1,2172,1195153,1195158,9337.1328125,9337.171875,0.015489746936800355,16.197783427325227
H1,2173,1195499,1195508,9339.8359375,9339.90625,0.012142701538215185,12.308403637329285
H1,2174,1195644,1195650,9340.96875,9341.015625,0.035835567907349944,39.84031451673958
H1,2175,1195948,1195953,9343.34375,9343.3828125,0.012384366219014472,12.589226157948183
H1,2176,1196084,1196087,9344.40625,9344.4296875,0.006851227322627756,6.159531894481108
H1,2177,1198063,1198066,9359.8671875,9359.890625,0.010041205026936327,9.86639371921763
H1,2178,1198288,1198293,9361.625,9361.6640625,0.007076940974532623,6.421818780824527
H1,2179,1198462,1198465,9362.984375,9363.0078125,0.006784042379208587,6.0814607212496385
H1,2180,1199347,1199351,9369.8984375,9369.9296875,0.010027854444531371,9.850879891585516
H1,2181,1200043,1200047,9375.3359375,9375.3671875,0.009326998362725802,9.036461455127323
H1,2182,1200370,1200378,9377.890625,9377.953125,0.01017006106095437,10.016128782488853
H1,2183,1200585,1200589,9379.5703125,9379.6015625,0.009658841323010049,9.422074182019989
H1,2184,1200719,1200723,9380.6171875,9380.6484375,0.01586003463224792,16.628070234838116
H1,2185,1200886,1200891,9381.921875,9381.9609375,0.007004647912577434,6.337811801342176
H1,2186,1201503,1201508,9386.7421875,9386.78125,0.009768716464280488,9.549752806893387
H1,2187,1201674,1201683,9388.078125,9388.1484375,0.007104145695412576,6.4534315852483015
H1,2188,1202877,1202890,9397.4765625,9397.578125,0.009208031934992172,8.89821844835162
H1,2189,1202966,1202985,9398.171875,9398.3203125,0.014299498078590376,14.814674056850448
H1,2190,1203502,1203507,9402.359375,9402.3984375,0.015769737657170452,16.523142100277255
H1,2191,1203898,1203901,9405.453125,9405.4765625,0.008292533901215695,7.834378814788121
H1,2192,1204613,1204619,9411.0390625,9411.0859375,0.02454083238917409,26.715450397384664
H1,2193,1204918,1204922,9413.421875,9413.453125,0.009506647598510838,9.245219934246219
H1,2194,1205046,1205051,9414.421875,9414.4609375,0.011271724133179388,11.296298477918752
H1,2195,1205273,1205281,9416.1953125,9416.2578125,0.0074507419455040035,6.856188133146878
H1,2196,1205996,1206006,9421.84375,9421.921875,0.018260849112334596,19.417897741308707
H1,2197,1206359,1206363,9424.6796875,9424.7109375,0.010810906321661365,10.760812618137471
H1,2198,1207638,1207646,9434.671875,9434.734375,0.00911173358063196,8.786316508384868
H1,2199,1207917,1207922,9436.8515625,9436.890625,0.007473245597138453,6.882338136342273
H1,2200,1209200,1209204,9446.875,9446.90625,0.00675618207846948,6.049086110889201
H1,2201,1209493,1209497,9449.1640625,9449.1953125,0.008016896712355844,7.5140790924790135
H1,2202,1209596,1209606,9449.96875,9450.046875,0.009287540347656484,8.990609909035706
H1,2203,1209664,1209670,9450.5,9450.546875,0.019518511532489537,20.87934394746286
H1,2204,1210704,1210713,9458.625,9458.6953125,0.007458704753495604,6.865441184954073
H1,2205,1211895,1211899,9467.9296875,9467.9609375,0.011429650512400732,11.479814264083581
H1,2206,1212066,1212071,9469.265625,9469.3046875,0.014436562777103123,14.973947865488572
H1,2207,1212393,1212396,9471.8203125,9471.84375,0.007706506752890826,7.153395477051747
H1,2208,1213893,1213899,9483.5390625,9483.5859375,0.00919239494749836,8.880047740789495
H1,2209,1214251,1214255,9486.3359375,9486.3671875,0.009505174419025115,9.243508049931403
H1,2210,1214352,1214357,9487.125,9487.1640625,0.014888432829589827,15.49903612709061
H1,2211,1215209,1215214,9493.8203125,9493.859375,0.013416612762623853,13.788731502782937
H1,2212,1217480,1217484,9511.5625,9511.59375,0.007161791743551563,6.520418240015424
H1,2213,1217863,1217867,9514.5546875,9514.5859375,0.009017290409349746,8.676570353808225
H1,2214,1218378,1218382,9518.578125,9518.609375,0.008419650530616102,7.982092631150257
H1,2215,1218606,1218610,9520.359375,9520.390625,0.01103463381752314,11.020791524082103
H1,2216,1218683,1218687,9520.9609375,9520.9921875,0.007543119317574562,6.963533759273144
H1,2217,1219091,1219095,9524.1484375,9524.1796875,0.006909281290458528,6.226992565706398
H1,2218,1219711,1219714,9528.9921875,9529.015625,0.009761857043165114,9.541781927900088
H1,2219,1219779,1219783,9529.5234375,9529.5546875,0.010851018535707814,10.807424365534205
H1,2220,1221351,1221358,9541.8046875,9541.859375,0.00853438164271524,8.115414058123065
H1,2221,1221432,1221435,9542.4375,9542.4609375,0.009647965321656272,9.409435901141208
H1,2222,1222857,1222861,9553.5703125,9553.6015625,0.009953816658065315,9.764845483298481
H1,2223,1224004,1224009,9562.53125,9562.5703125,0.01129667969403827,11.325297682439126
H1,2224,1225171,1225180,9571.6484375,9571.71875,0.008073054734015138,7.579336610222915
H1,2225,1226068,1226072,9578.65625,9578.6875,0.007399440971713747,6.796574669059632
H1,2226,1226315,1226320,9580.5859375,9580.625,0.010204908159590473,10.056622287964622
H1,2227,1227144,1227152,9587.0625,9587.125,0.01503141413666431,15.665185234693922
H1,2228,1227272,1227277,9588.0625,9588.1015625,0.00837201637244885,7.926740130653105
H1,2229,1227489,1227493,9589.7578125,9589.7890625,0.013881162212433344,14.328553652284265
H1,2230,1228649,1228652,9598.8203125,9598.84375,0.007222771945000546,6.591279293530207
H1,2231,1229058,1229062,9602.015625,9602.046875,0.014762519920884521,15.352721074828388
H1,2232,1230407,1230410,9612.5546875,9612.578125,0.007256833477292021,6.630859944383272
H1,2233,1230486,1230503,9613.171875,9613.3046875,0.012658648614340415,12.907951564416628
H1,2234,1230656,1230660,9614.5,9614.53125,0.007880178615826725,7.355208047051352
H1,2235,1231716,1231721,9622.78125,9622.8203125,0.039358219883954375,43.933755081001436
H1,2236,1232210,1232216,9626.640625,9626.6875,0.011852253428338953,11.970893124602851
H1,2237,1232282,1232288,9627.203125,9627.25,0.009521403078744752,9.262366300601968
H1,2238,1232826,1232829,9631.453125,9631.4765625,0.007913601392355798,7.394046442136367
H1,2239,1233139,1233146,9633.8984375,9633.953125,0.0099214224511129,9.727202320798527
H1,2240,1234438,1234448,9644.046875,9644.125,0.014056806022452484,14.532657691391442
H1,2241,1234757,1234760,9646.5390625,9646.5625,0.00721420155174492,6.581320207126765
H1,2242,1236798,1236801,9662.484375,9662.5078125,0.007409878434822328,6.808703353687126
H1,2243,1237501,1237505,9667.9765625,9668.0078125,0.015224373344482681,15.88941035082161
H1,2244,1238464,1238469,9675.5,9675.5390625,0.017640017697922585,18.696470670965006
H1,2245,1238591,1238597,9676.4921875,9676.5390625,0.015392059962981569,16.08426786465098
H1,2246,1239172,1239176,9681.03125,9681.0625,0.009158386272586807,8.840528511997006
H1,2247,1240627,1240631,9692.3984375,9692.4296875,0.015754939388089594,16.505946011836283
H1,2248,1241056,1241061,9695.75,9695.7890625,0.010708846303663987,10.6422154304407
H1,2249,1241533,1241538,9699.4765625,9699.515625,0.00966186352114409,9.425586078317801
H1,2250,1241605,1241609,9700.0390625,9700.0703125,0.010603757841771444,10.520099088660755
H1,2251,1241900,1241904,9702.34375,9702.375,0.014261354707297502,14.770350171225376
H1,2252,1243329,1243333,9713.5078125,9713.5390625,0.008146699658673725,7.664914499821891
H1,2253,1243475,1243478,9714.6484375,9714.671875,0.006836913656453956,6.14289893098421
H1,2254,1243709,1243713,9716.4765625,9716.5078125,0.010362076125346703,10.239256772069751
H1,2255,1243843,1243846,9717.5234375,9717.546875,0.006807828699084623,6.109101228260191
H1,2256,1244096,1244100,9719.5,9719.53125,0.01082590275611397,10.778238981432878
H1,2257,1244514,1244524,9722.765625,9722.84375,0.009195962211152035,8.884193021629144
H1,2258,1244658,1244667,9723.890625,9723.9609375,0.012186270331856383,12.35903204695116
H1,2259,1245172,1245184,9727.90625,9728.0,0.08453932554707429,96.43572572355414
H1,2260,1245770,1245777,9732.578125,9732.6328125,0.01007674189093001,9.90768875533375
H1,2261,1246117,1246121,9735.2890625,9735.3203125,0.008859329262137079,8.49301416606329
H1,2262,1246620,1246625,9739.21875,9739.2578125,0.010234047124860418,10.090482749693113
H1,2263,1247436,1247439,9745.59375,9745.6171875,0.00726303612312687,6.638067628319906
H1,2264,1247741,1247745,9747.9765625,9748.0078125,0.01104236810616835,11.029779028691213
H1,2265,1249617,1249625,9762.6328125,9762.6953125,0.011791368658678513,11.900142966049287
H1,2266,1249975,1249982,9765.4296875,9765.484375,0.007444817212878417,6.849303393745128
H1,2267,1250267,1250270,9767.7109375,9767.734375,0.008317932567607494,7.86389292290236
H1,2268,1250748,1250752,9771.46875,9771.5,0.007487864526527811,6.899325826005038
H1,2269,1250933,1250936,9772.9140625,9772.9375,0.006816751279253999,6.11946956775151
H1,2270,1252099,1252102,9782.0234375,9782.046875,0.0067412553284429575,6.0317407232502935
H1,2271,1253174,1253179,9790.421875,9790.4609375,0.012159344431584913,12.327743241490806
H1,2272,1253252,1253256,9791.03125,9791.0625,0.007995291060043893,7.488972594823709
H1,2273,1254021,1254030,9797.0390625,9797.109375,0.00831833258322018,7.864357754553678
H1,2274,1254096,1254099,9797.625,9797.6484375,0.006968603429017124,6.295926894146246
H1,2275,1254419,1254422,9800.1484375,9800.171875,0.007986051714463765,7.478236163227254
H1,2276,1254639,1254642,9801.8671875,9801.890625,0.007130211621862774,6.483721072085192
H1,2277,1255725,1255734,9810.3515625,9810.421875,0.012890470190183658,13.177336064654018
H1,2278,1256940,1256945,9819.84375,9819.8828125,0.009809910598449939,9.597621782011792
H1,2279,1257098,1257103,9821.078125,9821.1171875,0.01294761923255589,13.243745181935228
H1,2280,1257264,1257272,9822.375,9822.4375,0.013334895398756626,13.693773166200087
H1,2281,1257424,1257427,9823.625,9823.6484375,0.0076523371326630875,7.090448548923858
H1,2282,1257812,1257816,9826.65625,9826.6875,0.007977319231897498,7.468088723570747
H1,2283,1260097,1260101,9844.5078125,9844.5390625,0.007693058953486124,7.137768679982703
H1,2284,1261264,1261267,9853.625,9853.6484375,0.007501212317353175,6.914836409727388
H1,2285,1261626,1261633,9856.453125,9856.5078125,0.007809301082421415,7.272845959549372
H1,2286,1262189,1262193,9860.8515625,9860.8828125,0.007138032519963246,6.492809219806298
H1,2287,1264328,1264332,9877.5625,9877.59375,0.008693213552102907,8.29998210092284
H1,2288,1265063,1265068,9883.3046875,9883.34375,0.04111857626789551,45.979348650119185
H1,2289,1265449,1265457,9886.3203125,9886.3828125,0.014384273023681457,14.913185406076439
H1,2290,1265576,1265579,9887.3125,9887.3359375,0.007607472856887351,7.038314745310462
H1,2291,1268337,1268342,9908.8828125,9908.921875,0.008559755104627862,8.144898877781293
H1,2292,1268728,1268736,9911.9375,9912.0,0.008785612563726973,8.407352872941097
H1,2293,1269442,1269447,9917.515625,9917.5546875,0.00699496748835688,6.326562821469382
H1,2294,1270868,1270873,9928.65625,9928.6953125,0.010502811853935139,10.402796441634317
H1,2295,1271073,1271076,9930.2578125,9930.28125,0.00738568652885961,6.780591541946344
H1,2296,1271313,1271317,9932.1328125,9932.1640625,0.007152056125579416,6.5091051231392685
H1,2297,1271870,1271873,9936.484375,9936.5078125,0.007120602233770954,6.472554638593029
H1,2298,1274284,1274288,9955.34375,9955.375,0.007786154865956787,7.2459492743205285
H1,2299,1274783,1274787,9959.2421875,9959.2734375,0.008437643829207527,8.003001451785446
H1,2300,1274882,1274886,9960.015625,9960.046875,0.011144659943392275,11.148645598158259
H1,2301,1274950,1274957,9960.546875,9960.6015625,0.006948775590993772,6.27288627673486
H1,2302,1275869,1275875,9967.7265625,9967.7734375,0.018062708702127134,19.18765189302468
H1,2303,1276240,1276245,9970.625,9970.6640625,0.014557849205582988,15.114886791482757
H1,2304,1276310,1276313,9971.171875,9971.1953125,0.006868051039839449,6.179081622053797
H1,2305,1277376,1277382,9979.5,9979.546875,0.009167601207076067,8.851236577081457
H1,2306,1278218,1278222,9986.078125,9986.109375,0.008512323398731224,8.089781633659836
H1,2307,1278338,1278343,9987.015625,9987.0546875,0.014595434199107294,15.158561823283149
H1,2308,1278735,1278739,9990.1171875,9990.1484375,0.00792509766029904,7.4074054937398275
H1,2309,1278888,1278890,9991.3125,9991.328125,0.006730971966962744,6.019791109919303
H1,2310,1279554,1279562,9996.515625,9996.578125,0.00720043715404314,6.56532551214432
H1,2311,1279887,1279890,9999.1171875,9999.140625,0.008546230674640824,8.129183033387598
H1,2312,1280645,1280649,10005.0390625,10005.0703125,0.009302651121201648,9.00816913821814
H1,2313,1280761,1280764,10005.9453125,10005.96875,0.006891759177728228,6.206631278954786
H1,2314,1282179,1282182,10017.0234375,10017.046875,0.008337854984694726,7.887043444380109
H1,2315,1282438,1282441,10019.046875,10019.0703125,0.0069055509036111675,6.22265773020667
H1,2316,1284407,1284413,10034.4296875,10034.4765625,0.019770663922089857,21.172353539900783
H1,2317,1285027,1285033,10039.2734375,10039.3203125,0.007120085782256242,6.4719545044912685
H1,2318,1285231,1285234,10040.8671875,10040.890625,0.007688060829788474,7.131960691448769
H1,2319,1286250,1286254,10048.828125,10048.859375,0.007982290404744003,7.473865394305464
H1,2320,1286350,1286353,10049.609375,10049.6328125,0.00921368845134892,8.904791511390746
H1,2321,1286983,1286986,10054.5546875,10054.578125,0.007251352811261695,6.624491225362287
H1,2322,1287301,1287305,10057.0390625,10057.0703125,0.008403681193344937,7.963535721922688
H1,2323,1288157,1288160,10063.7265625,10063.75,0.007686926612998842,7.130642693234303
H1,2324,1288433,1288441,10065.8828125,10065.9453125,0.008543637719425205,8.126169931857437
H1,2325,1288543,1288551,10066.7421875,10066.8046875,0.014506392344002665,15.055092180518793
H1,2326,1288661,1288665,10067.6640625,10067.6953125,0.0075380694847162226,6.95766568294816
H1,2327,1290184,1290189,10079.5625,10079.6015625,0.01175153538076453,11.853855351858746
H1,2328,1290731,1290741,10083.8359375,10083.9140625,0.019066007751329012,20.35351927173948
H1,2329,1290802,1290805,10084.390625,10084.4140625,0.0073044205649127085,6.686157747315645
H1,2330,1292028,1292031,10093.96875,10093.9921875,0.007117754007639204,6.469244903637283
H1,2331,1292101,1292105,10094.5390625,10094.5703125,0.01111754029098531,11.11713164617304
H1,2332,1292196,1292200,10095.28125,10095.3125,0.01008460719394511,9.916828503065302
H1,2333,1293898,1293902,10108.578125,10108.609375,0.009621292939752873,9.378441692586408
H1,2334,1294181,1294185,10110.7890625,10110.8203125,0.007103400687546518,6.452565860947441
H1,2335,1294432,1294435,10112.75,10112.7734375,0.00921610437493728,8.907598896191297
H1,2336,1294736,1294740,10115.125,10115.15625,0.016604674867400488,17.49336733616948
H1,2337,1294823,1294827,10115.8046875,10115.8359375,0.014600636143113176,15.164606657898695
H1,2338,1294913,1294917,10116.5078125,10116.5390625,0.0083703223657601,7.9247716376705695
H1,2339,1295007,1295012,10117.2421875,10117.28125,0.0206304809006091,22.17148990678775
H1,2340,1295370,1295374,10120.078125,10120.109375,0.007010372461029687,6.344463919973867
H1,2341,1296233,1296237,10126.8203125,10126.8515625,0.008763370560239707,8.381506913729142
H1,2342,1297086,1297092,10133.484375,10133.53125,0.010154050477743688,9.997523944086602
H1,2343,1298861,1298865,10147.3515625,10147.3828125,0.009569542709406834,9.318306177208996
H1,2344,1299590,1299594,10153.046875,10153.078125,0.008770256452462715,8.3895085530435
H1,2345,1300896,1300900,10163.25,10163.28125,0.007756075071932555,7.2109955378057675
H1,2346,1301499,1301502,10167.9609375,10167.984375,0.007500482721893354,6.913988595163086
H1,2347,1301968,1301973,10171.625,10171.6640625,0.04006361078571347,44.75344313139614
H1,2348,1304248,1304252,10189.4375,10189.46875,0.0075940293977058305,7.022692991727335
H1,2349,1304585,1304589,10192.0703125,10192.1015625,0.012966093076170955,13.265212412116915
H1,2350,1305214,1305218,10196.984375,10197.015625,0.007431953679336605,6.834355533340662
H1,2351,1305469,1305473,10198.9765625,10199.0078125,0.010593324115978856,10.507974746920663
H1,2352,1305827,1305841,10201.7734375,10201.8828125,0.036293474028537075,40.372416894022386
H1,2353,1305992,1305996,10203.0625,10203.09375,0.009830897137668975,9.622008849344367
H1,2354,1306245,1306248,10205.0390625,10205.0625,0.006791538570336202,6.090171548502241
H1,2355,1306553,1306557,10207.4453125,10207.4765625,0.007256583150600647,6.630569056313831
H1,2356,1306837,1306841,10209.6640625,10209.6953125,0.018209769253413416,19.35854122016685
H1,2357,1307402,1307408,10214.078125,10214.125,0.028869682388768855,31.74572029138275
H1,2358,1307855,1307860,10217.6171875,10217.65625,0.01208788447795743,12.244704362021093
H1,2359,1308220,1308226,10220.46875,10220.515625,0.00956614628936459,9.314359422415581
H1,2360,1310066,1310076,10234.890625,10234.96875,0.019857857133188182,21.273674995897178
H1,2361,1310241,1310244,10236.2578125,10236.28125,0.00686771833526255,6.178695008099299
H1,2362,1310714,1310719,10239.953125,10239.9921875,0.08170102439965125,93.13752393478372
H1,2363,1311644,1311648,10247.21875,10247.25,0.00812787769901973,7.64304274704635
H1,2364,1312130,1312138,10251.015625,10251.078125,0.01091525061426868,10.882064210075802
H1,2365,1312206,1312210,10251.609375,10251.640625,0.00912348606429528,8.799973291308007
H1,2366,1313182,1313193,10259.234375,10259.3203125,0.00817244315128974,7.694829307654183
H1,2367,1313545,1313548,10262.0703125,10262.09375,0.007085966994472087,6.432307320822069
H1,2368,1315536,1315539,10277.625,10277.6484375,0.00977823080878576,9.560808796528159
H1,2369,1316286,1316294,10283.484375,10283.546875,0.008374321338953513,7.929418579575143
H1,2370,1317555,1317559,10293.3984375,10293.4296875,0.006893969626733466,6.2091998953504355
H1,2371,1318838,1318843,10303.421875,10303.4609375,0.009458381210513777,9.189132761335081
H1,2372,1319159,1319162,10305.9296875,10305.953125,0.007779048813466887,7.237691801340761
H1,2373,1320019,1320024,10312.6484375,10312.6875,0.006993218318220124,6.324530226697277
H1,2374,1322312,1322315,10330.5625,10330.5859375,0.008691046377057735,8.297463770330241
H1,2375,1323644,1323648,10340.96875,10341.0,0.01056598166737233,10.47620189822725
H1,2376,1324626,1324630,10348.640625,10348.671875,0.008523282402670269,8.102516366345872
H1,2377,1325240,1325246,10353.4375,10353.484375,0.01749866532154143,18.532214435839794
H1,2378,1325355,1325358,10354.3359375,10354.359375,0.008402415786667849,7.962065276628437
H1,2379,1327027,1327030,10367.3984375,10367.421875,0.0072734250148278135,6.650139871331364
H1,2380,1327177,1327180,10368.5703125,10368.59375,0.0071651926936027715,6.524370258832243
H1,2381,1327554,1327558,10371.515625,10371.546875,0.008474873497704042,8.046263583903464
H1,2382,1328668,1328671,10380.21875,10380.2421875,0.00848716618872672,8.06054810602213
H1,2383,1328787,1328798,10381.1484375,10381.234375,0.008653021423414835,8.253277490013653
H1,2384,1329799,1329810,10389.0546875,10389.140625,0.011070376970508394,11.062326274973246
H1,2385,1330624,1330627,10395.5,10395.5234375,0.010327803511108593,10.19943083686601
H1,2386,1331074,1331077,10399.015625,10399.0390625,0.007322822867303365,6.707541844178468
H1,2387,1331359,1331363,10401.2421875,10401.2734375,0.012592367404168366,12.830930559739304
H1,2388,1331637,1331642,10403.4140625,10403.453125,0.007066298353081016,6.409451695273804
H1,2389,1332008,1332012,10406.3125,10406.34375,0.007861872068269273,7.3339352205385575
H1,2390,1333401,1333408,10417.1953125,10417.25,0.007042934829345078,6.382302491656768
H1,2391,1334906,1334912,10428.953125,10429.0,0.008012555507928011,7.509034466322169
H1,2392,1334987,1334995,10429.5859375,10429.6484375,0.014026641075956574,14.497605004828811
H1,2393,1336197,1336207,10439.0390625,10439.1171875,0.007342108008794816,6.729951829891769
H1,2394,1336814,1336820,10443.859375,10443.90625,0.0229808080807059,24.90264946560663
H1,2395,1337651,1337656,10450.3984375,10450.4375,0.007685945796231443,7.129502951026319
H1,2396,1338116,1338119,10454.03125,10454.0546875,0.01003124035286984,9.85481443142414
H1,2397,1338317,1338322,10455.6015625,10455.640625,0.012713301799364017,12.971460411168323
H1,2398,1338720,1338726,10458.75,10458.796875,0.007100394905049004,6.449073040173665
H1,2399,1339233,1339239,10462.7578125,10462.8046875,0.035750051097508874,39.74094109561975
H1,2400,1339582,1339585,10465.484375,10465.5078125,0.007315364234682005,6.698874661178565
H1,2401,1340905,1340908,10475.8203125,10475.84375,0.006948355075353931,6.272397623359658
H1,2402,1341556,1341560,10480.90625,10480.9375,0.0069241243836636246,6.24424074129354
H1,2403,1341967,1341973,10484.1171875,10484.1640625,0.008588928307624503,8.178799124904486
H1,2404,1343216,1343220,10493.875,10493.90625,0.019581326156853016,20.952336662356654
H1,2405,1343339,1343342,10494.8359375,10494.859375,0.007578589605825729,7.004751432128055
H1,2406,1343993,1343996,10499.9453125,10499.96875,0.007596301073542602,7.0253327557689875
H1,2407,1344529,1344532,10504.1328125,10504.15625,0.007908322046230227,7.387911663643709
H1,2408,1345146,1345149,10508.953125,10508.9765625,0.007774987991009342,7.232972988502485
H1,2409,1345675,1345681,10513.0859375,10513.1328125,0.007860085736620321,7.331859442834258
H1,2410,1346321,1346326,10518.1328125,10518.171875,0.023678168709587322,25.713006067718087
H1,2411,1346900,1346903,10522.65625,10522.6796875,0.006771910274023181,6.067362805297207
H1,2412,1347181,1347184,10524.8515625,10524.875,0.00841559963283013,7.977385351115526
H1,2413,1348677,1348688,10536.5390625,10536.625,0.010166993337994458,10.012563984805908
H1,2414,1350732,1350737,10552.59375,10552.6328125,0.02028460442021659,21.769569755587465
H1,2415,1351002,1351005,10554.703125,10554.7265625,0.00697897644112395,6.307980684533051
H1,2416,1351093,1351099,10555.4140625,10555.4609375,0.007480524032703651,6.890795924277279
H1,2417,1351799,1351802,10560.9296875,10560.953125,0.007500964010211595,6.9145478684430115
H1,2418,1351860,1351866,10561.40625,10561.453125,0.007061497604048488,6.403873062766503
H1,2419,1353012,1353023,10570.40625,10570.4921875,0.009880971950224946,9.680197472667299
H1,2420,1353541,1353544,10574.5390625,10574.5625,0.007285407786298476,6.664064256463945
H1,2421,1353891,1353894,10577.2734375,10577.296875,0.009163456146378354,8.846419876563202
H1,2422,1354843,1354847,10584.7109375,10584.7421875,0.0067940260813214685,6.093062120275656
H1,2423,1355210,1355216,10587.578125,10587.625,0.009640015392314258,9.40019781475977
H1,2424,1356756,1356760,10599.65625,10599.6875,0.0107267047159144,10.662967508592235
H1,2425,1357695,1357698,10606.9921875,10607.015625,0.007074284738628932,6.418732144997701
H1,2426,1357833,1357840,10608.0703125,10608.125,0.011595940880542619,11.67304928784377
H1,2427,1357916,1357919,10608.71875,10608.7421875,0.008065309603888423,7.57033650744616
H1,2428,1359459,1359467,10620.7734375,10620.8359375,0.008395209138567337,7.953690908151813
H1,2429,1360597,1360606,10629.6640625,10629.734375,0.01385773624215295,14.301331883673619
H1,2430,1361042,1361045,10633.140625,10633.1640625,0.007661691856138037,7.101319053530652
H1,2431,1361301,1361304,10635.1640625,10635.1875,0.006886447683854026,6.200459143692522
H1,2432,1362211,1362215,10642.2734375,10642.3046875,0.010689685446867854,10.619949867740717
H1,2433,1362837,1362843,10647.1640625,10647.2109375,0.012038394667701475,12.187195531127548
H1,2434,1363939,1363942,10655.7734375,10655.796875,0.007638792232341919,7.074708917310575
H1,2435,1364894,1364899,10663.234375,10663.2734375,0.012659958170648949,12.909473313073645
H1,2436,1365490,1365495,10667.890625,10667.9296875,0.014799642004176479,15.39585818930533
H1,2437,1366895,1366898,10678.8671875,10678.890625,0.006925876174880452,6.246276381849208
H1,2438,1367984,1367987,10687.375,10687.3984375,0.007108440467752001,6.458422255750308
H1,2439,1368727,1368730,10693.1796875,10693.203125,0.007076665453525982,6.421498616109879
H1,2440,1369228,1369232,10697.09375,10697.125,0.008256137808315104,7.792085325664186
H1,2441,1369599,1369603,10699.9921875,10700.0234375,0.007015452510783799,6.350367109352229
H1,2442,1370106,1370110,10703.953125,10703.984375,0.00851278209068652,8.090314649202893
H1,2443,1370358,1370364,10705.921875,10705.96875,0.012429254372813553,12.641387708631115
H1,2444,1371187,1371191,10712.3984375,10712.4296875,0.006901513104555951,6.217965671339449
H1,2445,1372149,1372152,10719.9140625,10719.9375,0.00821851767893606,7.748369464813976
H1,2446,1372559,1372562,10723.1171875,10723.140625,0.00788890495450007,7.365348347296791
H1,2447,1373245,1373249,10728.4765625,10728.5078125,0.013733892591356947,14.157421378985246
H1,2448,1373362,1373366,10729.390625,10729.421875,0.017544428045229963,18.585392266270354
H1,2449,1373434,1373441,10729.953125,10730.0078125,0.008399179801241557,7.958304952276978
H1,2450,1373950,1373953,10733.984375,10734.0078125,0.009637740772635467,9.397554629874271
H1,2451,1374775,1374778,10740.4296875,10740.453125,0.008001468020046483,7.496150430955791
H1,2452,1374880,1374885,10741.25,10741.2890625,0.009594408508317625,9.347201075314235
H1,2453,1375143,1375147,10743.3046875,10743.3359375,0.009491552211010454,9.227678584167439
H1,2454,1375502,1375506,10746.109375,10746.140625,0.007764405529103414,7.220675810375558
H1,2455,1375644,1375646,10747.21875,10747.234375,0.006889120579532006,6.203565138739705
H1,2456,1376234,1376256,10751.828125,10752.0,0.15983005458195923,183.9260955901015
H1,2457,1376325,1376329,10752.5390625,10752.5703125,0.008058772491552308,7.56274016213941
H1,2458,1377037,1377044,10758.1015625,10758.15625,0.00813360499567568,7.6496980591835495
H1,2459,1377436,1377439,10761.21875,10761.2421875,0.00781716059346506,7.281978976814488
H1,2460,1377961,1377965,10765.3203125,10765.3515625,0.00969895533899082,9.46868802332526
H1,2461,1378619,1378622,10770.4609375,10770.484375,0.007107908083550741,6.457803607328696
H1,2462,1378882,1378887,10772.515625,10772.5546875,0.018061327218072697,19.18604656189777
H1,2463,1378972,1378976,10773.21875,10773.25,0.00851886047156298,8.097377933061185
H1,2464,1379957,1379962,10780.9140625,10780.953125,0.012797665586086132,13.06949398048388
H1,2465,1380244,1380249,10783.15625,10783.1953125,0.007731770855642432,7.182753217671581
H1,2466,1381902,1381910,10796.109375,10796.171875,0.013827722747768978,14.26645518957992
H1,2467,1382225,1382228,10798.6328125,10798.65625,0.00738403683661043,6.778674543839182
H1,2468,1382394,1382399,10799.953125,10799.9921875,0.012834624584618001,13.112441584961879
H1,2469,1384493,1384496,10816.3515625,10816.375,0.007162472078516443,6.521208812220973
H1,2470,1384699,1384709,10817.9609375,10818.0390625,0.014253088824172738,14.76074493587795
H1,2471,1385088,1385092,10821.0,10821.03125,0.008848817963023599,8.480799681504504
H1,2472,1385509,1385514,10824.2890625,10824.328125,0.009801795144556542,9.588191350511533
H1,2473,1386330,1386332,10830.703125,10830.71875,0.007483608395956292,6.894380058542352
H1,2474,1386394,1386402,10831.203125,10831.265625,0.01634218046772931,17.18833997875755
H1,2475,1387927,1387933,10843.1796875,10843.2265625,0.00974317568114272,9.520073554320748
H1,2476,1388211,1388214,10845.3984375,10845.421875,0.008088871098834695,7.597715760295511
H1,2477,1388482,1388485,10847.515625,10847.5390625,0.008224017753503697,7.754760737210783
H1,2478,1389480,1389483,10855.3125,10855.3359375,0.007081598500705518,6.427230983531993
H1,2479,1389799,1389805,10857.8046875,10857.8515625,0.010807609922386342,10.756982090853482
H1,2480,1389918,1389923,10858.734375,10858.7734375,0.014558232522996371,15.115332219262552
H1,2481,1390615,1390618,10864.1796875,10864.203125,0.007185150319004575,6.547561693560583
H1,2482,1390805,1390809,10865.6640625,10865.6953125,0.007735147900920253,7.18667745833441
H1,2483,1391406,1391411,10870.359375,10870.3984375,0.007890265080981809,7.366928860202935
H1,2484,1391719,1391724,10872.8046875,10872.84375,0.009921889646891613,9.727745218071586
H1,2485,1391912,1391915,10874.3125,10874.3359375,0.007056834563171363,6.3984544517864785
H1,2486,1392994,1392997,10882.765625,10882.7890625,0.00799786471251918,7.491963265917708
H1,2487,1393123,1393128,10883.7734375,10883.8125,0.012313737958398682,12.507153733846096
H1,2488,1393194,1393197,10884.328125,10884.3515625,0.009850464974675644,9.644747336793579
H1,2489,1393262,1393266,10884.859375,10884.890625,0.009866875832759261,9.663817308116315
H1,2490,1393852,1393855,10889.46875,10889.4921875,0.007539486674403848,6.9593125052266895
H1,2491,1394010,1394014,10890.703125,10890.734375,0.007999185398770519,7.493497947944148
H1,2492,1394136,1394140,10891.6875,10891.71875,0.007397895647152715,6.7947789497308175
H1,2493,1395160,1395163,10899.6875,10899.7109375,0.0073191338393155374,6.703255069070294
H1,2494,1397109,1397113,10914.9140625,10914.9453125,0.00760177239776624,7.031690619295107
H1,2495,1397191,1397195,10915.5546875,10915.5859375,0.007676365694642926,7.11837054944006
H1,2496,1397980,1397985,10921.71875,10921.7578125,0.008942647420134972,8.589832679488197
H1,2497,1399183,1399186,10931.1171875,10931.140625,0.0076986514092738595,7.144267302477174
H1,2498,1400148,1400153,10938.65625,10938.6953125,0.00874199786470423,8.356671119715545
H1,2499,1401314,1401323,10947.765625,10947.8359375,0.010072639057471943,9.902921124294066
H1,2500,1402166,1402171,10954.421875,10954.4609375,0.015105606219025139,15.751398940021582
H1,2501,1403720,1403723,10966.5625,10966.5859375,0.007855677828546358,7.326737304787884
H1,2502,1403803,1403807,10967.2109375,10967.2421875,0.014239802532873387,14.745305816681796
H1,2503,1403920,1403924,10968.125,10968.15625,0.009130314581295968,8.807908258676347
H1,2504,1404728,1404738,10974.4375,10974.515625,0.012767306106703902,13.034215240137556
H1,2505,1405361,1405365,10979.3828125,10979.4140625,0.01146441030386077,11.520206315672212
H1,2506,1406357,1406360,10987.1640625,10987.1875,0.008011781212415319,7.508134708786814
H1,2507,1407839,1407845,10998.7421875,10998.7890625,0.007099460978169467,6.447987785598945
H1,2508,1408922,1408926,11007.203125,11007.234375,0.00878823250347183,8.410397331405557
H1,2509,1410431,1410435,11018.9921875,11019.0234375,0.008726933832035209,8.339166205009729
H1,2510,1410509,1410513,11019.6015625,11019.6328125,0.008219961463555735,7.750047191301715
H1,2511,1410585,1410588,11020.1953125,11020.21875,0.009677921833584062,9.444246379696406
H1,2512,1410841,1410846,11022.1953125,11022.234375,0.014183467773931403,14.679842924246618
H1,2513,1411372,1411377,11026.34375,11026.3828125,0.01412709357120452,14.614334196801282
H1,2514,1411841,1411845,11030.0078125,11030.0390625,0.007406939158396972,6.805287815215248
H1,2515,1411963,1411966,11030.9609375,11030.984375,0.007659657032633794,7.098954519898404
H1,2516,1412621,1412626,11036.1015625,11036.140625,0.011162552396743759,11.169437233218877
H1,2517,1413141,1413146,11040.1640625,11040.203125,0.0195526846984872,20.919054320452624
H1,2518,1414609,1414612,11051.6328125,11051.65625,0.008239003764505908,7.772174988104809
H1,2519,1415550,1415553,11058.984375,11059.0078125,0.008336995772707387,7.886045011033406
H1,2520,1417837,1417840,11076.8515625,11076.875,0.006792858908298869,6.09170582580548
H1,2521,1419613,1419616,11090.7265625,11090.75,0.007327126631864622,6.712542963945929
H1,2522,1420506,1420508,11097.703125,11097.71875,0.00745033989284656,6.855720934380754
H1,2523,1420775,1420784,11099.8046875,11099.875,0.007440853703319328,6.8446976617813196
H1,2524,1421963,1421971,11109.0859375,11109.1484375,0.020786540438906483,22.35283636075175
H1,2525,1422084,1422094,11110.03125,11110.109375,0.012230826963106406,12.410808357235865
H1,2526,1422188,1422196,11110.84375,11110.90625,0.007739149279221539,7.191327195055558
H1,2527,1424809,1424813,11131.3203125,11131.3515625,0.00788226968697619,7.357637942346951
H1,2528,1425492,1425504,11136.65625,11136.75,0.03486679403693831,38.71456656176775
H1,2529,1425765,1425768,11138.7890625,11138.8125,0.007127198098919348,6.4802192566518535
H1,2530,1426300,1426308,11142.96875,11143.03125,0.013519314437988327,13.90807431801041
H1,2531,1427665,1427669,11153.6328125,11153.6640625,0.011433590561855032,11.484392734613325
H1,2532,1428006,1428013,11156.296875,11156.3515625,0.008200101557652642,7.726969309931071
H1,2533,1429038,1429041,11164.359375,11164.3828125,0.00720543181436999,6.57112947612442
H1,2534,1429484,1429489,11167.84375,11167.8828125,0.024505341177292896,26.674208410565026
H1,2535,1429634,1429637,11169.015625,11169.0390625,0.006898257625307997,6.21418269450887
H1,2536,1429743,1429747,11169.8671875,11169.8984375,0.009198556874415176,8.887208107968208
H1,2537,1430034,1430040,11172.140625,11172.1875,0.011856849290835421,11.976233672035795
H1,2538,1431082,1431085,11180.328125,11180.3515625,0.010406576780750885,10.290968036531167
H1,2539,1431957,1431960,11187.1640625,11187.1875,0.010231048201193048,10.0869978991116
H1,2540,1433247,1433250,11197.2421875,11197.265625,0.00789647717053302,7.374147518056917
H1,2541,1433316,1433320,11197.78125,11197.8125,0.007086371525719665,6.432777399793635
H1,2542,1433844,1433850,11201.90625,11201.953125,0.010171951276466019,10.018325276749986
H1,2543,1434241,1434245,11205.0078125,11205.0390625,0.00794985016840154,7.436168744099763
H1,2544,1435556,1435559,11215.28125,11215.3046875,0.006806718203849033,6.107810795292651
H1,2545,1436806,1436810,11225.046875,11225.078125,0.012494539373919988,12.717251084730096
H1,2546,1436910,1436914,11225.859375,11225.890625,0.018200052548856167,19.347250081317554
H1,2547,1437309,1437320,11228.9765625,11229.0625,0.010386572594025614,10.26772249597248
H1,2548,1438606,1438615,11239.109375,11239.1796875,0.009871389526763355,9.669062372986115
H1,2549,1438851,1438855,11241.0234375,11241.0546875,0.01338848080534852,13.756041218352987
H1,2550,1439140,1439144,11243.28125,11243.3125,0.014613058692128362,15.179042079390234
H1,2551,1440488,1440491,11253.8125,11253.8359375,0.010582054820300552,10.494879444754396
H1,2552,1440872,1440875,11256.8125,11256.8359375,0.00687439264720642,6.186450783983784
H1,2553,1441853,1441858,11264.4765625,11264.515625,0.006807526005842901,6.108749488490716
H1,2554,1443494,1443509,11277.296875,11277.4140625,0.02912773522935668,32.045586407138934
H1,2555,1444125,1444129,11282.2265625,11282.2578125,0.009095626075402045,8.767599043323004
H1,2556,1444361,1444366,11284.0703125,11284.109375,0.009840774236051383,9.633486371235339
H1,2557,1445153,1445157,11290.2578125,11290.2890625,0.008289641558155786,7.83101781447193
H1,2558,1445326,1445329,11291.609375,11291.6328125,0.007303682023523598,6.685299537279384
H1,2559,1445814,1445818,11295.421875,11295.453125,0.010280887726605748,10.144913110827906
H1,2560,1446244,1446249,11298.78125,11298.8203125,0.009608326813248611,9.363374615694793
H1,2561,1448888,1448892,11319.4375,11319.46875,0.011105258554514713,11.10285985361385
H1,2562,1450055,1450059,11328.5546875,11328.5859375,0.009810082759284935,9.597821838716296
H1,2563,1450410,1450414,11331.328125,11331.359375,0.009772059724866548,9.553637788603409
H1,2564,1451006,1451016,11335.984375,11336.0625,0.011632629955396944,11.715683231892566
H1,2565,1452209,1452213,11345.3828125,11345.4140625,0.008611834392134499,8.205416768692281
H1,2566,1453254,1453259,11353.546875,11353.5859375,0.01990563192478621,21.32919091719038
H1,2567,1453953,1453956,11359.0078125,11359.03125,0.008350031059529908,7.901192454550528
H1,2568,1454136,1454140,11360.4375,11360.46875,0.012416200577033487,12.626218757080238
H1,2569,1455290,1455296,11369.453125,11369.5,0.0166375322919566,17.531548773168776
H1,2570,1456355,1456361,11377.7734375,11377.8203125,0.007557742973714359,6.980526941579551
H1,2571,1456619,1456624,11379.8359375,11379.875,0.007500321196435618,6.913800897126137
H1,2572,1457751,1457754,11388.6796875,11388.703125,0.007511941201591507,6.927303735549564
H1,2573,1458457,1458459,11394.1953125,11394.2109375,0.006749225604354075,6.041002453032178
H1,2574,1459528,1459531,11402.5625,11402.5859375,0.0073892889553121835,6.784777683145835
H1,2575,1460089,1460092,11406.9453125,11406.96875,0.007511393999209129,6.926667867901052
H1,2576,1461747,1461751,11419.8984375,11419.9296875,0.008043877191039002,7.545431319896978
H1,2577,1461919,1461922,11421.2421875,11421.265625,0.007461672249801852,6.8688895158805945
H1,2578,1463381,1463391,11432.6640625,11432.7421875,0.011077936402328075,11.071110590045803
H1,2579,1464099,1464104,11438.2734375,11438.3125,0.008885809921242814,8.523785586252318
H1,2580,1465409,1465418,11448.5078125,11448.578125,0.009666960528006722,9.43150897242894
H1,2581,1465628,1465631,11450.21875,11450.2421875,0.00672359249662666,6.01121591616837
H1,2582,1466073,1466076,11453.6953125,11453.71875,0.006964846105745062,6.291560757611313
H1,2583,1466554,1466557,11457.453125,11457.4765625,0.0075088322533896365,6.923691032743197
H1,2584,1468275,1468277,11470.8984375,11470.9140625,0.008207941206479965,7.736079246630029
H1,2585,1468340,1468346,11471.40625,11471.453125,0.01141374728688821,11.461334178952288
H1,2586,1468503,1468507,11472.6796875,11472.7109375,0.007914461347200552,7.3950457387084745
H1,2587,1469483,1469486,11480.3359375,11480.359375,0.007260886521266929,6.635569718362028
H1,2588,1470546,1470550,11488.640625,11488.671875,0.008342073784082771,7.891945831746844
H1,2589,1470675,1470680,11489.6484375,11489.6875,0.01013899345270201,9.98002717248042
H1,2590,1470966,1470971,11491.921875,11491.9609375,0.016750086083789965,17.66234008046002
H1,2591,1471103,1471107,11492.9921875,11493.0234375,0.009639205549560475,9.399256750129762
H1,2592,1471529,1471534,11496.3203125,11496.359375,0.01337429891746501,13.73956138567984
H1,2593,1471600,1471603,11496.875,11496.8984375,0.00887366774553332,8.509675968010795
H1,2594,1471994,1471998,11499.953125,11499.984375,0.01182832695115209,11.943089750063706
H1,2595,1474087,1474098,11516.3046875,11516.390625,0.01611290745126168,16.921916990584894
H1,2596,1475019,1475023,11523.5859375,11523.6171875,0.009651720567941509,9.413799624147305
H1,2597,1475852,1475855,11530.09375,11530.1171875,0.009127785747570427,8.804969668483176
H1,2598,1476349,1476355,11533.9765625,11534.0234375,0.009705997273719222,9.476870989300771
H1,2599,1476766,1476769,11537.234375,11537.2578125,0.007561228487899676,6.984577226776114
H1,2600,1477572,1477576,11543.53125,11543.5625,0.011904387813641316,12.031475041013243
H1,2601,1479084,1479096,11555.34375,11555.4375,0.008708417653026823,8.317649779671248
H1,2602,1479161,1479164,11555.9453125,11555.96875,0.009509931424152242,9.249035850543304
H1,2603,1479254,1479261,11556.671875,11556.7265625,0.009411242892496617,9.13435644383791
H1,2604,1479452,1479455,11558.21875,11558.2421875,0.008112855396233692,7.625586323873867
H1,2605,1480882,1480886,11569.390625,11569.421875,0.012118980780506154,12.280839315770967
H1,2606,1481624,1481627,11575.1875,11575.2109375,0.00864050543966784,8.238733494208262
H1,2607,1483821,1483824,11592.3515625,11592.375,0.00773617149660534,7.1878669110894835
H1,2608,1484666,1484671,11598.953125,11598.9921875,0.02041593034080098,21.922174910462108
H1,2609,1485423,1485426,11604.8671875,11604.890625,0.007578983513954371,7.005209166676654
H1,2610,1485662,1485664,11606.734375,11606.75,0.006946739948315144,6.270520791194312
H1,2611,1486678,1486683,11614.671875,11614.7109375,0.025442808597963898,27.763577213652873
H1,2612,1486922,1486925,11616.578125,11616.6015625,0.006739487787460134,6.029686780934636
H1,2613,1487242,1487245,11619.078125,11619.1015625,0.008959044538596425,8.608886684905963
H1,2614,1487384,1487388,11620.1875,11620.21875,0.009332268901375793,9.042585999035909
H1,2615,1489197,1489201,11634.3515625,11634.3828125,0.009533440621682831,9.276354332029436
H1,2616,1489842,1489847,11639.390625,11639.4296875,0.0190152878737729,20.294581061101162
H1,2617,1493168,1493172,11665.375,11665.40625,0.009391189422933679,9.11105363495747
H1,2618,1494043,1494048,11672.2109375,11672.25,0.007286103735288038,6.664872972693494
H1,2619,1496050,1496054,11687.890625,11687.921875,0.009693007759264596,9.461776734820972
H1,2620,1497287,1497293,11697.5546875,11697.6015625,0.007168490931168234,6.528202922271806
H1,2621,1499013,1499017,11711.0390625,11711.0703125,0.008379250751379427,7.935146723290793
H1,2622,1500232,1500237,11720.5625,11720.6015625,0.00749691451084944,6.909842213423984
H1,2623,1502608,1502612,11739.125,11739.15625,0.008095088345460723,7.604940410844593
H1,2624,1502776,1502780,11740.4375,11740.46875,0.00787426056019763,7.348331066545024
H1,2625,1503428,1503431,11745.53125,11745.5546875,0.007367316967273976,6.759245491004682
H1,2626,1503519,1503527,11746.2421875,11746.3046875,0.012679876216687933,12.932618755245711
H1,2627,1503671,1503676,11747.4296875,11747.46875,0.012636967051424067,12.88275685607535
H1,2628,1503969,1503975,11749.7578125,11749.8046875,0.019037890100702032,20.320845612118077
H1,2629,1504830,1504835,11756.484375,11756.5234375,0.011896677271276898,12.022515130384377
H1,2630,1505279,1505282,11759.9921875,11760.015625,0.006722055984599679,6.009430437301739
H1,2631,1505798,1505803,11764.046875,11764.0859375,0.04675871642553639,52.533381992823706
H1,2632,1507079,1507085,11774.0546875,11774.1015625,0.012869411302724332,13.152864926222874
H1,2633,1507146,1507150,11774.578125,11774.609375,0.008740636339105474,8.355088980988176
H1,2634,1507885,1507888,11780.3515625,11780.375,0.007083247339216885,6.429146989566983
H1,2635,1508919,1508922,11788.4296875,11788.453125,0.007577232432386526,7.003174350757068
H1,2636,1509683,1509689,11794.3984375,11794.4453125,0.024485627899648775,26.651300916183253
H1,2637,1510120,1510123,11797.8125,11797.8359375,0.008435810522010293,8.000871086907578
H1,2638,1510379,1510384,11799.8359375,11799.875,0.00762138559806086,7.054481820416933
H1,2639,1514076,1514079,11828.71875,11828.7421875,0.007109324118522748,6.4594490877886805
H1,2640,1515297,1515301,11838.2578125,11838.2890625,0.009278761184888922,8.980408225408805
H1,2641,1515928,1515932,11843.1875,11843.21875,0.015508357685252558,16.219409745551232
H1,2642,1516006,1516009,11843.796875,11843.8203125,0.007231435010718401,6.601346068464504
H1,2643,1516768,1516771,11849.75,11849.7734375,0.008012458729421083,7.508922006428701
H1,2644,1517909,1517916,11858.6640625,11858.71875,0.009792153191665699,9.576987075623121
H1,2645,1518852,1518855,11866.03125,11866.0546875,0.007060491233256698,6.402703625919161
H1,2646,1519371,1519374,11870.0859375,11870.109375,0.009762551847873023,9.54258931443571
H1,2647,1519885,1519891,11874.1015625,11874.1484375,0.02177711133574042,23.50391319655823
H1,2648,1521294,1521297,11885.109375,11885.1328125,0.0075948234219254,7.023615674686361
H1,2649,1521506,1521509,11886.765625,11886.7890625,0.0068494492809643825,6.1574657500200205
H1,2650,1522142,1522146,11891.734375,11891.765625,0.006959435384870669,6.2852733172237185
H1,2651,1522941,1522945,11897.9765625,11898.0078125,0.009080970937704241,8.750569278382995
H1,2652,1523109,1523112,11899.2890625,11899.3125,0.006979445565038798,6.308525822365417
H1,2653,1523334,1523338,11901.046875,11901.078125,0.01110159539723139,11.09860314113802
H1,2654,1524347,1524350,11908.9609375,11908.984375,0.007271370928738339,6.647752953924541
H1,2655,1525772,1525777,11920.09375,11920.1328125,0.009241754480056184,8.937405184598054
H1,2656,1525897,1525901,11921.0703125,11921.1015625,0.007472575747384937,6.8815597483064375
H1,2657,1526270,1526276,11923.984375,11924.03125,0.015083734873546847,15.725983697933966
H1,2658,1527923,1527939,11936.8984375,11937.0234375,0.01078677615533879,10.732772549943615
H1,2659,1528165,1528170,11938.7890625,11938.828125,0.008666646684799413,8.269110503896583
H1,2660,1528764,1528768,11943.46875,11943.5,0.018113745660346466,19.24695856210214
H1,2661,1528969,1528973,11945.0703125,11945.1015625,0.006812457648782974,6.1144802241391485
H1,2662,1529656,1529659,11950.4375,11950.4609375,0.008704424585805469,8.313009700705663
H1,2663,1529868,1529872,11952.09375,11952.125,0.011182205234196392,11.192274494056948
H1,2664,1529945,1529950,11952.6953125,11952.734375,0.012601527000110595,12.841574319563206
H1,2665,1530792,1530795,11959.3125,11959.3359375,0.007042147335249345,6.381387396922176
H1,2666,1530880,1530883,11960.0,11960.0234375,0.007507316106010131,6.921929218284693
H1,2667,1531175,1531181,11962.3046875,11962.3515625,0.007315489355601068,6.699020055912116
H1,2668,1531267,1531271,11963.0234375,11963.0546875,0.007225399906759187,6.594333073845605
H1,2669,1532497,1532500,11972.6328125,11972.65625,0.0071344556671949,6.488652796091557
H1,2670,1534314,1534317,11986.828125,11986.8515625,0.0070634515406569325,6.406143603094109
H1,2671,1536684,1536688,12005.34375,12005.375,0.010202661532477807,10.054011631386329
H1,2672,1537450,1537454,12011.328125,12011.359375,0.009136908307144679,8.81557039079669
H1,2673,1541485,1541494,12042.8515625,12042.921875,0.009350594223747484,9.063880642516917
H1,2674,1542085,1542090,12047.5390625,12047.578125,0.012470904389418032,12.68978643453514
H1,2675,1543631,1543634,12059.6171875,12059.640625,0.007355153393614924,6.745111007623118
H1,2676,1543726,1543729,12060.359375,12060.3828125,0.007297403973215462,6.678004230798225
H1,2677,1547148,1547152,12087.09375,12087.125,0.007229526451424567,6.599128258108963
H1,2678,1548430,1548440,12097.109375,12097.1875,0.01555140227762319,16.269429015593317
H1,2679,1550138,1550142,12110.453125,12110.484375,0.009454953978295285,9.185150201752274
H1,2680,1550308,1550312,12111.78125,12111.8125,0.010438037863582052,10.327526877288646
H1,2681,1550445,1550451,12112.8515625,12112.8984375,0.032072239520761804,35.46719983592254
H1,2682,1550518,1550524,12113.421875,12113.46875,0.00739949265996309,6.7966347325509915
H1,2683,1550655,1550660,12114.4921875,12114.53125,0.008707775337483493,8.316903387317538
H1,2684,1551588,1551592,12121.78125,12121.8125,0.013195220700766652,13.531466450024194
H1,2685,1552210,1552213,12126.640625,12126.6640625,0.006795241981878653,6.09447503778665
H1,2686,1552465,1552469,12128.6328125,12128.6640625,0.007509521833734631,6.9244923483926755
H1,2687,1553644,1553648,12137.84375,12137.875,0.00759664482228862,7.025732203420985
H1,2688,1553714,1553719,12138.390625,12138.4296875,0.008636738580434393,8.234356276564151
H1,2689,1554085,1554089,12141.2890625,12141.3203125,0.0068006887699920485,6.100804389524033
H1,2690,1554252,1554255,12142.59375,12142.6171875,0.006966901148798619,6.293948787042719
H1,2691,1554882,1554886,12147.515625,12147.546875,0.008150688998584425,7.669550247526615
H1,2692,1555602,1555606,12153.140625,12153.171875,0.014403845013948095,14.935928719754
H1,2693,1556876,1556880,12163.09375,12163.125,0.00918094833393975,8.866746389257912
H1,2694,1557197,1557201,12165.6015625,12165.6328125,0.008762952186134742,8.38102074888979
H1,2695,1558179,1558184,12173.2734375,12173.3125,0.010172259388483734,10.01868331332017
H1,2696,1558283,1558287,12174.0859375,12174.1171875,0.016160497356828757,16.977218068066136
H1,2697,1559166,1559177,12180.984375,12181.0703125,0.011689935203774513,11.782273865827388
H1,2698,1560868,1560872,12194.28125,12194.3125,0.007368481506940307,6.7605987254259405
H1,2699,1561299,1561303,12197.6484375,12197.6796875,0.011238916537321269,11.258174943549346
H1,2700,1561421,1561430,12198.6015625,12198.671875,0.008180833467730372,7.704579138717026
H1,2701,1562080,1562086,12203.75,12203.796875,0.007825023410394202,7.291115835630197
H1,2702,1564736,1564741,12224.5,12224.5390625,0.01257494711069614,12.810687590404227
H1,2703,1566144,1566158,12235.5,12235.609375,0.015093884398190847,15.73777778834132
H1,2704,1567052,1567056,12242.59375,12242.625,0.007982089003974525,7.473631359809598
H1,2705,1568678,1568682,12255.296875,12255.328125,0.01428518289179011,14.79803932633424
H1,2706,1569759,1569762,12263.7421875,12263.765625,0.0069556382248665265,6.2808608890607385
H1,2707,1570138,1570144,12266.703125,12266.75,0.010345967560687773,10.220538075915595
H1,2708,1570219,1570222,12267.3359375,12267.359375,0.009343629253315524,9.055787111653117
H1,2709,1570895,1570898,12272.6171875,12272.640625,0.008045952951279502,7.547843423399276
H1,2710,1572852,1572864,12287.90625,12288.0,0.0846782483671749,96.59715873223008
H1,2711,1573115,1573118,12289.9609375,12289.984375,0.007454947067766582,6.861074627231915
H1,2712,1574675,1574678,12302.1484375,12302.171875,0.007259928469909588,6.634456430329367
H1,2713,1575190,1575194,12306.171875,12306.203125,0.007757296756450803,7.212415176474856
H1,2714,1576238,1576246,12314.359375,12314.421875,0.009346793468542438,9.059464036609068
H1,2715,1576898,1576902,12319.515625,12319.546875,0.009292499072748858,8.996372115059735
H1,2716,1579146,1579155,12337.078125,12337.1484375,0.007042263983464111,6.381522946087192
H1,2717,1580171,1580177,12345.0859375,12345.1328125,0.01116040092871991,11.166937154715516
H1,2718,1581897,1581901,12358.5703125,12358.6015625,0.015829424284772436,16.592499977295084
H1,2719,1581971,1581974,12359.1484375,12359.171875,0.007227602817249303,6.596892930232091
H1,2720,1582241,1582246,12361.2578125,12361.296875,0.013395060106473426,13.763686588457116
H1,2721,1584960,1584969,12382.5,12382.5703125,0.011383015053548804,11.425622285919033
H1,2722,1585416,1585426,12386.0625,12386.140625,0.011807205837327672,11.918546302494809
H1,2723,1587602,1587605,12403.140625,12403.1640625,0.007829337233923097,7.296128644257766
H1,2724,1588166,1588172,12407.546875,12407.59375,0.008475791086868247,8.047329853501207
H1,2725,1588249,1588252,12408.1953125,12408.21875,0.007285029745628171,6.663624960437814
H1,2726,1588327,1588331,12408.8046875,12408.8359375,0.009155001530691008,8.836595327604156
H1,2727,1589559,1589564,12418.4296875,12418.46875,0.038354528215561394,42.76743146552699
H1,2728,1590527,1590530,12425.9921875,12426.015625,0.007581312276623637,7.007915267545607
H1,2729,1591966,1591971,12437.234375,12437.2734375,0.009829790680790863,9.620723109084597
H1,2730,1592644,1592648,12442.53125,12442.5625,0.01139845341212764,11.443562179973837
H1,2731,1593717,1593725,12450.9140625,12450.9765625,0.015203323348146856,15.864949544176245
H1,2732,1594594,1594597,12457.765625,12457.7890625,0.006842975321685497,6.149942790698586
H1,2733,1595602,1595606,12465.640625,12465.671875,0.007802695624750722,7.265170194655676
H1,2734,1595849,1595853,12467.5703125,12467.6015625,0.007729957562054023,7.18064610928307
H1,2735,1596619,1596630,12473.5859375,12473.671875,0.014248214176388965,14.755080430525986
H1,2736,1596815,1596819,12475.1171875,12475.1484375,0.006946607188131991,6.2703665193778955
H1,2737,1596895,1596901,12475.7421875,12475.7890625,0.032072282697711174,35.46725000899588
H1,2738,1597614,1597618,12481.359375,12481.390625,0.009942682938642321,9.751907725319585
H1,2739,1597812,1597816,12482.90625,12482.9375,0.01101126725107242,10.993638784727734
H1,2740,1598094,1598099,12485.109375,12485.1484375,0.01205313294118299,12.204321902655902
H1,2741,1598166,1598176,12485.671875,12485.75,0.01998432808089167,21.420638508321453
H1,2742,1598248,1598267,12486.3125,12486.4609375,0.006977567746249113,6.306343733513871
H1,2743,1599644,1599656,12497.21875,12497.3125,0.020736401577171455,22.294573310119674
H1,2744,1599850,1599853,12498.828125,12498.8515625,0.007828248896296908,7.294863959180658
H1,2745,1601012,1601016,12507.90625,12507.9375,0.009510058688448824,9.249183735953919
H1,2746,1601131,1601135,12508.8359375,12508.8671875,0.006996932501817253,6.328846233473018
H1,2747,1601422,1601425,12511.109375,12511.1328125,0.008792122217080946,8.414917309983249
H1,2748,1602443,1602446,12519.0859375,12519.109375,0.008967129029595887,8.618281136477789
H1,2749,1603819,1603822,12529.8359375,12529.859375,0.006957456769019777,6.282974098782919
H1,2750,1604250,1604257,12533.203125,12533.2578125,0.008469447088960174,8.039957913681727
H1,2751,1604516,1604520,12535.28125,12535.3125,0.011672944633582176,11.76253024945621
H1,2752,1606459,1606462,12550.4609375,12550.484375,0.007298963499568274,6.679816453088713
H1,2753,1607563,1607566,12559.0859375,12559.109375,0.007859616316694533,7.331313961027183
H1,2754,1607955,1607958,12562.1484375,12562.171875,0.00827196878599478,7.810481456373749
H1,2755,1608029,1608034,12562.7265625,12562.765625,0.007701604957167723,7.147699424877437
H1,2756,1608988,1608991,12570.21875,12570.2421875,0.0078001039047333,7.262158528467536
H1,2757,1610769,1610773,12584.1328125,12584.1640625,0.00782103537473766,7.286481603512851
H1,2758,1611387,1611390,12588.9609375,12588.984375,0.007948768411861033,7.434911706466475
H1,2759,1612991,1612995,12601.4921875,12601.5234375,0.007803747473136355,7.266392478002937
H1,2760,1614118,1614123,12610.296875,12610.3359375,0.008534987324150083,8.116117880405502
H1,2761,1614385,1614388,12612.3828125,12612.40625,0.007347788669828964,6.736552949861451
H1,2762,1614981,1614985,12617.0390625,12617.0703125,0.00959049328827461,9.342651457398945
H1,2763,1616298,1616303,12627.328125,12627.3671875,0.014824731675021775,15.425013234159096
H1,2764,1616647,1616657,12630.0546875,12630.1328125,0.009259382221728535,8.957889215747645
H1,2765,1617061,1617065,12633.2890625,12633.3203125,0.00988571051110749,9.685703840444093
H1,2766,1617946,1617970,12640.203125,12640.390625,0.02207803932079012,23.853601678163905
H1,2767,1618515,1618518,12644.6484375,12644.671875,0.009800026812193849,9.586136488585739
H1,2768,1619066,1619070,12648.953125,12648.984375,0.008686957525006573,8.292712386157563
H1,2769,1619460,1619464,12652.03125,12652.0625,0.011011778038761782,10.994232337273159
H1,2770,1619972,1619976,12656.03125,12656.0625,0.0068549988912867555,6.163914584636759
H1,2771,1620058,1620061,12656.703125,12656.7265625,0.006925898559753039,6.246302393827139
H1,2772,1620547,1620551,12660.5234375,12660.5546875,0.012087888361897562,12.244708875290694
H1,2773,1621291,1621299,12666.3359375,12666.3984375,0.01805903029991486,19.183377465426553
H1,2774,1624226,1624229,12689.265625,12689.2890625,0.0067796320872944614,6.0763358131004885
H1,2775,1625459,1625463,12698.8984375,12698.9296875,0.01148964246890227,11.549526943594302
H1,2776,1627089,1627092,12711.6328125,12711.65625,0.007820977361742257,7.286414190452971
H1,2777,1627444,1627449,12714.40625,12714.4453125,0.01774700059607769,18.820788411661187
H1,2778,1628660,1628665,12723.90625,12723.9453125,0.013934278930875753,14.390277072978868
H1,2779,1628913,1628917,12725.8828125,12725.9140625,0.007932847923783463,7.4164115616516035
H1,2780,1629711,1629716,12732.1171875,12732.15625,0.014860091201879913,15.466102198534658
H1,2781,1630524,1630527,12738.46875,12738.4921875,0.008808694129549344,8.434174431940248
H1,2782,1631059,1631061,12742.6484375,12742.6640625,0.006738088902990951,6.028061229938142
H1,2783,1631164,1631168,12743.46875,12743.5,0.01058719528423661,10.500852837452493
H1,2784,1631709,1631714,12747.7265625,12747.765625,0.012788389114382863,13.058714407078508
H1,2785,1632126,1632134,12750.984375,12751.046875,0.010990823630783112,10.969882607527031
H1,2786,1632487,1632491,12753.8046875,12753.8359375,0.00782459551071826,7.29061860175567
H1,2787,1633030,1633033,12758.046875,12758.0703125,0.00703467485780335,6.372704125768479
H1,2788,1633671,1633674,12763.0546875,12763.078125,0.008185423324100273,7.70991270682806
H1,2789,1634254,1634258,12767.609375,12767.640625,0.008245637112090755,7.779883162020654
H1,2790,1635598,1635601,12778.109375,12778.1328125,0.009925162650746642,9.731548559087429
H1,2791,1635908,1635911,12780.53125,12780.5546875,0.007218969687393358,6.586860941780331
H1,2792,1636073,1636080,12781.8203125,12781.875,0.010777298296158852,10.721758957489069
H1,2793,1636922,1636926,12788.453125,12788.484375,0.009841337859817195,9.634141321085986
H1,2794,1637164,1637167,12790.34375,12790.3671875,0.008952909099470979,8.601757097435367
H1,2795,1637543,1637547,12793.3046875,12793.3359375,0.007982504854456078,7.474114592113318
H1,2796,1638304,1638308,12799.25,12799.28125,0.0077353278190663375,7.186886529296379
H1,2797,1638767,1638770,12802.8671875,12802.890625,0.007654940810079654,7.09347411001363
H1,2798,1638943,1638946,12804.2421875,12804.265625,0.0082310705419591,7.762956315583623
H1,2799,1639211,1639215,12806.3359375,12806.3671875,0.009759332337866725,9.538848135078693
H1,2800,1641000,1641003,12820.3125,12820.3359375,0.006761724042692647,6.055526060480436
H1,2801,1641068,1641071,12820.84375,12820.8671875,0.00747737295656552,6.887134267386228
H1,2802,1641860,1641867,12827.03125,12827.0859375,0.006935788980795244,6.25779539709873
H1,2803,1642627,1642632,12833.0234375,12833.0625,0.007700083854980279,7.145931852764772
H1,2804,1642705,1642708,12833.6328125,12833.65625,0.007746397741957477,7.199750153550716
H1,2805,1643438,1643441,12839.359375,12839.3828125,0.007633701212654918,7.06879298049972
H1,2806,1643823,1643827,12842.3671875,12842.3984375,0.01694167696396995,17.884975153660566
H1,2807,1646393,1646403,12862.4453125,12862.5234375,0.010084191850348444,9.91634585977894
H1,2808,1646958,1646961,12866.859375,12866.8828125,0.006801506642249337,6.1017547847082865
H1,2809,1647171,1647176,12868.5234375,12868.5625,0.012877372549640503,13.162116164007701
H1,2810,1647884,1647888,12874.09375,12874.125,0.01712277563795801,18.095417928921986
H1,2811,1648029,1648032,12875.2265625,12875.25,0.01062391922922682,10.543527301776827
H1,2812,1649656,1649663,12887.9375,12887.9921875,0.013168931653461826,13.50091768921896
H1,2813,1651067,1651070,12898.9609375,12898.984375,0.007203157413694155,6.568486545727753
H1,2814,1651152,1651161,12899.625,12899.6953125,0.00753102939943232,6.949484866089617
H1,2815,1653283,1653287,12916.2734375,12916.3046875,0.007140249430233233,6.495385344409797
H1,2816,1653493,1653502,12917.9140625,12917.984375,0.009406874512863952,9.129280239175285
H1,2817,1654013,1654017,12921.9765625,12922.0078125,0.007597121670404636,7.026286317035972
H1,2818,1654131,1654135,12922.8984375,12922.9296875,0.008652411671020382,8.252568937138665
H1,2819,1654260,1654265,12923.90625,12923.9453125,0.0298980726645559,32.94074452277359
H1,2820,1655479,1655483,12933.4296875,12933.4609375,0.009818943363043323,9.608118159524972
H1,2821,1656870,1656874,12944.296875,12944.328125,0.008829709903447195,8.458595470956922
H1,2822,1657882,1657887,12952.203125,12952.2421875,0.014594567397468035,15.157554570504596
H1,2823,1662497,1662501,12988.2578125,12988.2890625,0.007105364544268259,6.454847928781722
H1,2824,1662793,1662797,12990.5703125,12990.6015625,0.010353424469654376,10.229203255970459
H1,2825,1662868,1662871,12991.15625,12991.1796875,0.007101180005377539,6.4499853532699305
H1,2826,1663575,1663579,12996.6796875,12996.7109375,0.006961246698893645,6.287378125290344
H1,2827,1664441,1664445,13003.4453125,13003.4765625,0.009116765566107092,8.79216384544782
H1,2828,1664580,1664584,13004.53125,13004.5625,0.009027862584453844,8.68885557832402
H1,2829,1664911,1664915,13007.1171875,13007.1484375,0.011002087806039888,10.982971959590555
H1,2830,1665278,1665283,13009.984375,13010.0234375,0.010009042646447646,9.829019946897807
H1,2831,1665382,1665388,13010.796875,13010.84375,0.007775074189914148,7.233073154540989
H1,2832,1665713,1665717,13013.3828125,13013.4140625,0.009098800863567048,8.771288254390086
H1,2833,1665798,1665802,13014.046875,13014.078125,0.021490893278097337,23.171318147384575
H1,2834,1666072,1666076,13016.1875,13016.21875,0.00849873366766055,8.073989907201598
H1,2835,1667579,1667589,13027.9609375,13028.0390625,0.010627526384140874,10.547718937608249
H1,2836,1667917,1667919,13030.6015625,13030.6171875,0.007235107101647682,6.6056131621386465
H1,2837,1668021,1668024,13031.4140625,13031.4375,0.008821187799709985,8.44869249860472
H1,2838,1668644,1668652,13036.28125,13036.34375,0.011059295766069564,11.04944954117949
H1,2839,1668870,1668874,13038.046875,13038.078125,0.007395332059512086,6.791799974314601
H1,2840,1669024,1669029,13039.25,13039.2890625,0.007623570233193899,7.057020440221297
H1,2841,1669210,1669221,13040.703125,13040.7890625,0.007702681531392458,7.148950440484779
H1,2842,1670011,1670016,13046.9609375,13047.0,0.00994339728345363,9.75273781811527
H1,2843,1670147,1670152,13048.0234375,13048.0625,0.008932025628157472,8.577489798489843
H1,2844,1670708,1670712,13052.40625,13052.4375,0.01039774234699731,10.280702126151901
H1,2845,1674003,1674008,13078.1484375,13078.1875,0.007317208666413403,6.7010179531408305
H1,2846,1676210,1676215,13095.390625,13095.4296875,0.01993784922773553,21.366628511264317
H1,2847,1677778,1677782,13107.640625,13107.671875,0.00828522821020161,7.825889355101033
H1,2848,1678071,1678075,13109.9296875,13109.9609375,0.025572957563136933,27.91481470659123
H1,2849,1679028,1679032,13117.40625,13117.4375,0.008929701951777079,8.574789608060334
H1,2850,1680285,1680301,13127.2265625,13127.3515625,0.035874791950015826,39.88589417899666
H1,2851,1681046,1681051,13133.171875,13133.2109375,0.010484870762540085,10.38194828752446
H1,2852,1681237,1681241,13134.6640625,13134.6953125,0.016610378618590337,17.49999528767989
H1,2853,1682555,1682561,13144.9609375,13145.0078125,0.007821169630597877,7.286637613356529
H1,2854,1683062,1683078,13148.921875,13149.046875,0.018494434832456743,19.689332236777087
H1,2855,1683209,1683215,13150.0703125,13150.1171875,0.011806781764279049,11.91805351529046
H1,2856,1683519,1683524,13152.4921875,13152.53125,0.009000612920377534,8.65719054838825
H1,2857,1683791,1683795,13154.6171875,13154.6484375,0.01276293676624698,13.029137918964695
H1,2858,1684484,1684488,13160.03125,13160.0625,0.00973785843340978,9.51389473288031
H1,2859,1685283,1685287,13166.2734375,13166.3046875,0.007070982451344882,6.414894775648373
H1,2860,1685850,1685880,13170.703125,13170.9375,0.03295237776475413,36.48995019958157
H1,2861,1686048,1686053,13172.25,13172.2890625,0.01271778115936631,12.976665578768497
H1,2862,1690344,1690348,13205.8125,13205.84375,0.014097280947482357,14.579690921200436
H1,2863,1691389,1691394,13213.9765625,13214.015625,0.01113830235644466,11.1412578674159
H1,2864,1691484,1691487,13214.71875,13214.7421875,0.007622644183596551,7.055944339314515
H1,2865,1691879,1691882,13217.8046875,13217.828125,0.008506322193969958,8.082808031053801
H1,2866,1692604,1692607,13223.46875,13223.4921875,0.00945579992598926,9.186133221542125
H1,2867,1693470,1693475,13230.234375,13230.2734375,0.01352505220167502,13.914741793190828
H1,2868,1693929,1693933,13233.8203125,13233.8515625,0.011194478101100427,11.206535979880247
H1,2869,1694117,1694120,13235.2890625,13235.3125,0.009969439436679571,9.7829996796627
H1,2870,1694433,1694437,13237.7578125,13237.7890625,0.01109433114049443,11.090161829480275
H1,2871,1694673,1694679,13239.6328125,13239.6796875,0.008034233290197266,7.534224781423843
H1,2872,1695138,1695142,13243.265625,13243.296875,0.00679657129554596,6.09601974516181
H1,2873,1696076,1696079,13250.59375,13250.6171875,0.0072584665578084295,6.63275763909594
H1,2874,1696272,1696275,13252.125,13252.1484375,0.0071518566655935385,6.5088733438994915
H1,2875,1696767,1696772,13255.9921875,13256.03125,0.013155143949306648,13.484895911350558
H1,2876,1696887,1696892,13256.9296875,13256.96875,0.006895297924916736,6.210743422698849
H1,2877,1697900,1697904,13264.84375,13264.875,0.007964860857171819,7.453611671393703
H1,2878,1699474,1699477,13277.140625,13277.1640625,0.006725488849792961,6.013419542591489
H1,2879,1701473,1701476,13292.7578125,13292.78125,0.007010402476745013,6.344498799248771
H1,2880,1701662,1701666,13294.234375,13294.265625,0.008221894856967641,7.752293859741156
H1,2881,1702777,1702787,13302.9453125,13303.0234375,0.017495168520136332,18.52815103451265
H1,2882,1703343,1703346,13307.3671875,13307.390625,0.006884943979477353,6.198711788423534
H1,2883,1704002,1704006,13312.515625,13312.546875,0.009908452188529001,9.71213043764269
H1,2884,1704775,1704780,13318.5546875,13318.59375,0.014416769378831552,14.95094726823186
H1,2885,1704893,1704897,13319.4765625,13319.5078125,0.008956197732214921,8.60557859974795
H1,2886,1705075,1705080,13320.8984375,13320.9375,0.025350984963939165,27.656875049836767
H1,2887,1705793,1705797,13326.5078125,13326.5390625,0.008967010763969486,8.618143707825828
H1,2888,1708791,1708795,13349.9296875,13349.9609375,0.00822941652153948,7.761034287996239
H1,2889,1709020,1709024,13351.71875,13351.75,0.0077372737474501446,7.189147763796501
H1,2890,1709233,1709237,13353.3828125,13353.4140625,0.008060013379833334,7.564182116229398
H1,2891,1709507,1709510,13355.5234375,13355.546875,0.008074762567768236,7.581321170721193
H1,2892,1711021,1711027,13367.3515625,13367.3984375,0.020173706757933358,21.640702926764494
H1,2893,1711093,1711097,13367.9140625,13367.9453125,0.012680817947526154,12.933713078283978
H1,2894,1712473,1712478,13378.6953125,13378.734375,0.0195795606844784,20.95028512383359
H1,2895,1713208,1713212,13384.4375,13384.46875,0.0074541592402438345,6.86015914504387
H1,2896,1714563,1714567,13395.0234375,13395.0546875,0.011494179171921208,11.554798745716415
H1,2897,1714916,1714920,13397.78125,13397.8125,0.011588983819146984,11.664964947547286
H1,2898,1716073,1716077,13406.8203125,13406.8515625,0.01382804132517203,14.266825387281303
H1,2899,1716150,1716154,13407.421875,13407.453125,0.007649865585495492,7.087576527645708
H1,2900,1716795,1716800,13412.4609375,13412.5,0.0071830148756709886,6.545080236288495
H1,2901,1717480,1717485,13417.8125,13417.8515625,0.008555098358212734,8.139487581178686
H1,2902,1717593,1717597,13418.6953125,13418.7265625,0.014195351306992418,14.693651990995695
H1,2903,1719012,1719015,13429.78125,13429.8046875,0.007685528284673147,7.129017788495325
H1,2904,1719156,1719159,13430.90625,13430.9296875,0.007017095189357319,6.352275957331407
H1,2905,1719429,1719433,13433.0390625,13433.0703125,0.016820937098537766,17.744671352386383
H1,2906,1719615,1719619,13434.4921875,13434.5234375,0.010359296176442028,10.236026377557735
H1,2907,1719853,1719857,13436.3515625,13436.3828125,0.010313358109001199,10.182644791765274
H1,2908,1723002,1723006,13460.953125,13460.984375,0.006959686125161113,6.285564685909247
H1,2909,1724203,1724206,13470.3359375,13470.359375,0.00768955514041186,7.13369713085919
H1,2910,1726905,1726915,13491.4453125,13491.5234375,0.007697889347964799,7.143381761499615
H1,2911,1728285,1728289,13502.2265625,13502.2578125,0.01176849134527694,11.873558755261142
H1,2912,1728828,1728832,13506.46875,13506.5,0.009698396820421793,9.46803900588569
H1,2913,1729049,1729052,13508.1953125,13508.21875,0.006951765799882387,6.276361000449142
H1,2914,1729360,1729363,13510.625,13510.6484375,0.008472324611756043,8.04330169235059
H1,2915,1730750,1730757,13521.484375,13521.5390625,0.008809844729781312,8.435511468268013
H1,2916,1731006,1731012,13523.484375,13523.53125,0.007172397588691734,6.532742590250243
H1,2917,1731986,1731990,13531.140625,13531.171875,0.010488236909887459,10.385859864424061
H1,2918,1732169,1732173,13532.5703125,13532.6015625,0.007731882576366681,7.182883040926206
H1,2919,1732889,1732892,13538.1953125,13538.21875,0.008177498158365736,7.700703396594829
H1,2920,1733096,1733100,13539.8125,13539.84375,0.009633213106628678,9.392293329065474
H1,2921,1733262,1733267,13541.109375,13541.1484375,0.009736663432246743,9.51250610117113
H1,2922,1734504,1734508,13550.8125,13550.84375,0.006972650766429333,6.300630036906421
H1,2923,1734702,1734709,13552.359375,13552.4140625,0.012684100751747229,12.937527807656146
H1,2924,1735235,1735238,13556.5234375,13556.546875,0.009694684962094888,9.463725701152478
H1,2925,1735419,1735423,13557.9609375,13557.9921875,0.006776853233465954,6.073106691103962
H1,2926,1735641,1735644,13559.6953125,13559.71875,0.0070289722009298705,6.366077445890646
H1,2927,1736640,1736645,13567.5,13567.5390625,0.011919682678400783,12.049248190403846
H1,2928,1737449,1737453,13573.8203125,13573.8515625,0.008943624636974994,8.590968238458995
H1,2929,1737610,1737615,13575.078125,13575.1171875,0.006862762758414002,6.17293646044092
H1,2930,1737901,1737905,13577.3515625,13577.3828125,0.01053532487883643,10.4405776746036
H1,2931,1739921,1739924,13593.1328125,13593.15625,0.007751793621379239,7.206020347669124
H1,2932,1740690,1740693,13599.140625,13599.1640625,0.007286075642254277,6.664840327639503
H1,2933,1741199,1741204,13603.1171875,13603.15625,0.007563442554655563,6.987150047120197
H1,2934,1741965,1741971,13609.1015625,13609.1484375,0.03334252187956297,36.943310836985766
H1,2935,1742057,1742062,13609.8203125,13609.859375,0.012379199721572625,12.583222513437152
H1,2936,1742364,1742369,13612.21875,13612.2578125,0.01042139630292029,10.30818882177879
H1,2937,1742505,1742508,13613.3203125,13613.34375,0.009287547069198343,8.990617719694349
H1,2938,1743786,1743789,13623.328125,13623.3515625,0.008200559967118834,7.727501997212248
H1,2939,1744217,1744220,13626.6953125,13626.71875,0.008182377126289386,7.706372922095232
H1,2940,1744493,1744497,13628.8515625,13628.8828125,0.011369608749704998,11.410043708093143
H1,2941,1745205,1745210,13634.4140625,13634.453125,0.01737835568408233,18.39241057400005
H1,2942,1746742,1746746,13646.421875,13646.453125,0.007095757381272515,6.443684080926346
H1,2943,1748575,1748579,13660.7421875,13660.7734375,0.007173573010605943,6.534108470211051
H1,2944,1750104,1750117,13672.6875,13672.7890625,0.027106122389616922,29.696404013197157
H1,2945,1752275,1752278,13689.6484375,13689.671875,0.007817995587436276,7.282949268008562
H1,2946,1752639,1752646,13692.4921875,13692.546875,0.010312783256415837,10.18197679364709
H1,2947,1752831,1752835,13693.9921875,13694.0234375,0.006719690351006571,6.006681491174072
H1,2948,1753331,1753335,13697.8984375,13697.9296875,0.010627924042448007,10.548181029990904
H1,2949,1753489,1753493,13699.1328125,13699.1640625,0.017949724593630104,19.056360543237545
H1,2950,1755036,1755044,13711.21875,13711.28125,0.012584399251545104,12.821671297289617
H1,2951,1756664,1756667,13723.9375,13723.9609375,0.0075959923067663035,7.024973958347217
H1,2952,1757044,1757047,13726.90625,13726.9296875,0.0090205062331913,8.68030724971732
H1,2953,1757664,1757668,13731.75,13731.78125,0.009453717904794427,9.183713842599447
H1,2954,1757944,1757950,13733.9375,13733.984375,0.008702981143893108,8.311332372455398
H1,2955,1758529,1758533,13738.5078125,13738.5390625,0.010459689147594315,10.352686400520794
H1,2956,1758820,1758823,13740.78125,13740.8046875,0.006922818737550699,6.242723536415875
H1,2957,1759064,1759067,13742.6875,13742.7109375,0.007551868178188928,6.9737002307746625
H1,2958,1760292,1760297,13752.28125,13752.3203125,0.014243029009736494,14.749055091761711
H1,2959,1760473,1760477,13753.6953125,13753.7265625,0.00843140654257616,7.995753514073366
H1,2960,1761281,1761286,13760.0078125,13760.046875,0.009997194835835202,9.81525239084039
H1,2961,1763458,1763462,13777.015625,13777.046875,0.013919060352356944,14.372592570776256
H1,2962,1763654,1763658,13778.546875,13778.578125,0.009249734234361567,8.94667792859418
H1,2963,1763815,1763818,13779.8046875,13779.828125,0.007191054420082185,6.5544224584068145
H1,2964,1764810,1764814,13787.578125,13787.609375,0.007381470454382736,6.775692321018417
H1,2965,1767476,1767479,13808.40625,13808.4296875,0.007291281987649807,6.6708902768184615
H1,2966,1767943,1767947,13812.0546875,13812.0859375,0.007518831293628711,6.935310255189852
H1,2967,1768125,1768129,13813.4765625,13813.5078125,0.008571538975382357,8.158592133564387
H1,2968,1768558,1768563,13816.859375,13816.8984375,0.009741538315927618,9.518170880643495
H1,2969,1769018,1769028,13820.453125,13820.53125,0.013040708876957017,13.351918492564568
H1,2970,1769447,1769472,13823.8046875,13824.0,0.17835117185033683,205.4482593534681
H1,2971,1770081,1770084,13828.7578125,13828.78125,0.0075694133277980045,6.994088287157419
H1,2972,1770446,1770450,13831.609375,13831.640625,0.011409785219371282,11.456730122690175
H1,2973,1774097,1774101,13860.1328125,13860.1640625,0.007595688071753545,7.0246204269877275
H1,2974,1774500,1774503,13863.28125,13863.3046875,0.007279450355414847,6.657141520582061
H1,2975,1775195,1775198,13868.7109375,13868.734375,0.009026250969256713,8.686982827037282
H1,2976,1775305,1775307,13869.5703125,13869.5859375,0.0075437859176366185,6.964308371057756
H1,2977,1775418,1775421,13870.453125,13870.4765625,0.006829288539629951,6.134038287718309
H1,2978,1775798,1775802,13873.421875,13873.453125,0.008403243605602564,7.963027230187782
H1,2979,1776865,1776869,13881.7578125,13881.7890625,0.009525406516451954,9.267018430422342
H1,2980,1778340,1778343,13893.28125,13893.3046875,0.007373179861227305,6.766058371780847
H1,2981,1778609,1778613,13895.3828125,13895.4140625,0.006722558500425505,6.010014377662377
H1,2982,1778923,1778926,13897.8359375,13897.859375,0.008107197705874144,7.619011896603838
H1,2983,1782378,1782383,13924.828125,13924.8671875,0.02659997435583387,29.10824290424592
H1,2984,1782588,1782592,13926.46875,13926.5,0.010276171676981246,10.13943290189321
H1,2985,1783213,1783217,13931.3515625,13931.3828125,0.010868469294271016,10.827702736333869
H1,2986,1783661,1783663,13934.8515625,13934.8671875,0.006793286763003981,6.092203007422383
H1,2987,1784018,1784023,13937.640625,13937.6796875,0.012987297551170613,13.289852728186725
H1,2988,1784266,1784271,13939.578125,13939.6171875,0.008707385895902746,8.316450843048438
H1,2989,1784772,1784776,13943.53125,13943.5625,0.007805360978022529,7.268267425172162
H1,2990,1785206,1785213,13946.921875,13946.9765625,0.022719810343439378,24.59936128045438
H1,2991,1785935,1785949,13952.6171875,13952.7265625,0.008541585159216403,8.123784787575486
H1,2992,1787220,1787226,13962.65625,13962.703125,0.00771700902053711,7.165599466740637
H1,2993,1789153,1789157,13977.7578125,13977.7890625,0.008457324951021541,8.025871580006662
H1,2994,1795914,1795917,14030.578125,14030.6015625,0.006868144639211442,6.179190387685105
H1,2995,1796379,1796382,14034.2109375,14034.234375,0.007304628182339812,6.686399005777622
H1,2996,1796736,1796742,14037.0,14037.046875,0.009305257984958641,9.0111984019431
H1,2997,1797352,1797358,14041.8125,14041.859375,0.007352417462684441,6.741931763483693
H1,2998,1797472,1797476,14042.75,14042.78125,0.008279221127788701,7.818908922465288
H1,2999,1799311,1799315,14057.1171875,14057.1484375,0.009981696925281799,9.797243295379943
H1,3000,1800121,1800125,14063.4453125,14063.4765625,0.009682174592852906,9.449188229591524
H1,3001,1800217,1800222,14064.1953125,14064.234375,0.013987718818619068,14.452376027315239
H1,3002,1801538,1801542,14074.515625,14074.546875,0.009092266231807386,8.763694791596949
H1,3003,1802450,1802453,14081.640625,14081.6640625,0.008987726982992486,8.64221665396132
H1,3004,1802540,1802545,14082.34375,14082.3828125,0.012833898696130134,13.11159807802418
H1,3005,1803395,1803399,14089.0234375,14089.0546875,0.00812035513480072,7.6343012733708715
H1,3006,1803491,1803494,14089.7734375,14089.796875,0.008763684673336224,8.381871923755563
H1,3007,1804594,1804598,14098.390625,14098.421875,0.008173942825492747,7.696571979725266
H1,3008,1805189,1805193,14103.0390625,14103.0703125,0.014967008839950174,15.590344104808281
H1,3009,1805578,1805587,14106.078125,14106.1484375,0.008059217251470402,7.563256988184723
H1,3010,1806605,1806608,14114.1015625,14114.125,0.009152799311896704,8.834036274991563
H1,3011,1806674,1806678,14114.640625,14114.671875,0.011464169476127054,11.51992646571237
H1,3012,1806748,1806757,14115.21875,14115.2890625,0.007367824127238599,6.759834828011445
H1,3013,1807674,1807679,14122.453125,14122.4921875,0.028505710036457244,31.3227721258764
H1,3014,1807902,1807906,14124.234375,14124.265625,0.01055636014263835,10.465021361547018
H1,3015,1808112,1808115,14125.875,14125.8984375,0.007766243664828443,7.222811786165793
H1,3016,1809135,1809138,14133.8671875,14133.890625,0.008426516880515768,7.990071561624905
H1,3017,1811338,1811341,14151.078125,14151.1015625,0.0074803874894687995,6.890637256427025
H1,3018,1811497,1811501,14152.3203125,14152.3515625,0.007588230719330577,7.015954731621592
H1,3019,1812355,1812359,14159.0234375,14159.0546875,0.007758648635675403,7.213986105789677
H1,3020,1812997,1813003,14164.0390625,14164.0859375,0.007142410216209887,6.497896250689006
H1,3021,1813824,1813828,14170.5,14170.53125,0.010554083797217426,10.46237617129088
H1,3022,1814894,1814898,14178.859375,14178.890625,0.00712621485968233,6.479076699452358
H1,3023,1815308,1815312,14182.09375,14182.125,0.009271749064864656,8.972259905126407
H1,3024,1815661,1815664,14184.8515625,14184.875,0.0075811240571999824,7.00769655021875
H1,3025,1815728,1815731,14185.375,14185.3984375,0.008334835423633622,7.883534612450109
H1,3026,1816080,1816085,14188.125,14188.1640625,0.00883048412071206,8.459495137565657
H1,3027,1816496,1816507,14191.375,14191.4609375,0.008424161432412001,7.987334451379837
H1,3028,1817746,1817748,14201.140625,14201.15625,0.006835583671167689,6.141353443165137
H1,3029,1818051,1818054,14203.5234375,14203.546875,0.008721801225073218,8.333201942380844
H1,3030,1821717,1821721,14232.1640625,14232.1953125,0.01111293012736329,11.111774480349224
H1,3031,1821991,1821995,14234.3046875,14234.3359375,0.007632108480893854,7.066942172403425
H1,3032,1822116,1822119,14235.28125,14235.3046875,0.0074012482902637315,6.798674834251704
H1,3033,1823034,1823039,14242.453125,14242.4921875,0.013442761407636571,13.81911711138306
H1,3034,1823495,1823500,14246.0546875,14246.09375,0.012480434036085324,12.700860205798966
H1,3035,1823646,1823650,14247.234375,14247.265625,0.007616970957647826,7.049351859165195
H1,3036,1824878,1824882,14256.859375,14256.890625,0.012732072004239195,12.993272023143009
H1,3037,1825541,1825545,14262.0390625,14262.0703125,0.009098462891179607,8.770895519061833
H1,3038,1825883,1825886,14264.7109375,14264.734375,0.0071634838861177235,6.522384566824553
H1,3039,1827119,1827124,14274.3671875,14274.40625,0.009830309958853556,9.621326527730572
H1,3040,1827447,1827451,14276.9296875,14276.9609375,0.008238167310889593,7.771203000753833
H1,3041,1829051,1829055,14289.4609375,14289.4921875,0.00790134963564706,7.379809487072937
H1,3042,1829870,1829875,14295.859375,14295.8984375,0.00897085924194152,8.622615769200616
H1,3043,1830653,1830658,14301.9765625,14302.015625,0.019782279404302012,21.18585112251084
H1,3044,1831539,1831542,14308.8984375,14308.921875,0.00809319189507524,7.6027366714495
H1,3045,1832705,1832709,14318.0078125,14318.0390625,0.0071596473979078385,6.5179264379583035
H1,3046,1836331,1836334,14346.3359375,14346.359375,0.008713137196452737,8.323134048521176
H1,3047,1837063,1837068,14352.0546875,14352.09375,0.017014953385753345,17.970124830473445
H1,3048,1837168,1837172,14352.875,14352.90625,0.008670181018967537,8.273217519561921
H1,3049,1837323,1837326,14354.0859375,14354.109375,0.0070093959336811895,6.343329162215509
H1,3050,1837388,1837392,14354.59375,14354.625,0.007941508430279024,7.426475362683165
H1,3051,1837632,1837636,14356.5,14356.53125,0.009635790287315952,9.39528810006096
H1,3052,1837777,1837781,14357.6328125,14357.6640625,0.011448846598955216,11.50212076495255
H1,3053,1838312,1838315,14361.8125,14361.8359375,0.006743274657089381,6.0340872513344594
H1,3054,1838423,1838428,14362.6796875,14362.71875,0.011391276502077047,11.435222368115536
H1,3055,1839308,1839312,14369.59375,14369.625,0.008996514801450136,8.652428395792423
H1,3056,1841740,1841744,14388.59375,14388.625,0.0073136683504053035,6.696903986375419
H1,3057,1842597,1842600,14395.2890625,14395.3125,0.00673020056278235,6.0188947122097245
H1,3058,1844094,1844097,14406.984375,14407.0078125,0.007655729284145743,7.0943903435068725
H1,3059,1845863,1845866,14420.8046875,14420.828125,0.0077024844059076485,7.148721374014084
H1,3060,1848434,1848437,14440.890625,14440.9140625,0.008164066335335495,7.6850951646124654
H1,3061,1849282,1849287,14447.515625,14447.5546875,0.007665892316361803,7.10620013016914
H1,3062,1849423,1849431,14448.6171875,14448.6796875,0.010290365187275908,10.15592624020063
H1,3063,1849865,1849882,14452.0703125,14452.203125,0.06059894641005832,68.61619664883341
H1,3064,1850108,1850112,14453.96875,14454.0,0.007658697981423362,7.097840070002684
H1,3065,1851532,1851537,14465.09375,14465.1328125,0.027435742055992786,30.079433197482917
H1,3066,1852091,1852096,14469.4609375,14469.5,0.02195519331974945,23.710850476183982
H1,3067,1854359,1854362,14487.1796875,14487.203125,0.008081766531714865,7.5894600133659305
H1,3068,1855281,1855287,14494.3828125,14494.4296875,0.02041277498633071,21.918508282004623
H1,3069,1855354,1855358,14494.953125,14494.984375,0.009334549096853955,9.045235663188583
H1,3070,1856551,1856555,14504.3046875,14504.3359375,0.011848906961948704,11.967004417640096
H1,3071,1857079,1857083,14508.4296875,14508.4609375,0.008875152470403491,8.51140126845225
H1,3072,1857571,1857579,14512.2734375,14512.3359375,0.013783318565225843,14.214856029841135
H1,3073,1858367,1858374,14518.4921875,14518.546875,0.009121020000772008,8.797107642209758
H1,3074,1858671,1858675,14520.8671875,14520.8984375,0.007566572876420139,6.990787586728256
H1,3075,1858862,1858867,14522.359375,14522.3984375,0.010262013293515828,10.12298038214768
H1,3076,1859211,1859220,14525.0859375,14525.15625,0.009700327788451988,9.470282855949673
H1,3077,1859400,1859408,14526.5625,14526.625,0.006765124807929501,6.059477864536733
H1,3078,1859627,1859630,14528.3359375,14528.359375,0.0072495228782808434,6.6223647814378115
H1,3079,1860317,1860328,14533.7265625,14533.8125,0.023455416602629574,25.45416059662089
H1,3080,1861487,1861489,14542.8671875,14542.8828125,0.0067340979231952924,6.023423576631713
H1,3081,1861738,1861743,14544.828125,14544.8671875,0.009010783898585659,8.669009568561652
H1,3082,1861834,1861839,14545.578125,14545.6171875,0.017198495726594456,18.183407229145935
H1,3083,1863965,1863968,14562.2265625,14562.25,0.008813906714217662,8.440231631364902
H1,3084,1864501,1864505,14566.4140625,14566.4453125,0.00880285337477671,8.42738727763974
H1,3085,1865000,1865004,14570.3125,14570.34375,0.014741040051710074,15.327760741426825
H1,3086,1865178,1865180,14571.703125,14571.71875,0.006805004904309995,6.10581988336652
H1,3087,1865798,1865803,14576.546875,14576.5859375,0.01178359488374426,11.891109577038776
H1,3088,1866600,1866604,14582.8125,14582.84375,0.008088946441671872,7.597803311216799
H1,3089,1866718,1866723,14583.734375,14583.7734375,0.012388875750366013,12.594466385675135
H1,3090,1869099,1869104,14602.3359375,14602.375,0.007837143896447556,7.305200249758781
H1,3091,1870271,1870274,14611.4921875,14611.515625,0.009440602172721016,9.168472918983982
H1,3092,1870475,1870480,14613.0859375,14613.125,0.011630538927089623,11.713253386380988
H1,3093,1870769,1870772,14615.3828125,14615.40625,0.0075781521230169424,7.00424306232952
H1,3094,1872183,1872186,14626.4296875,14626.453125,0.007620932052143076,7.053954784743257
H1,3095,1872337,1872341,14627.6328125,14627.6640625,0.008346078070926211,7.896598948292202
H1,3096,1874579,1874583,14645.1484375,14645.1796875,0.012479399043101337,12.699657508997658
H1,3097,1875607,1875624,14653.1796875,14653.3125,0.008175318639204496,7.698170721722472
H1,3098,1876122,1876126,14657.203125,14657.234375,0.01076906929270793,10.712196577568154
H1,3099,1876302,1876306,14658.609375,14658.640625,0.010644200727500032,10.56709508771962
H1,3100,1877487,1877492,14667.8671875,14667.90625,0.019992772883598367,21.430451654265575
H1,3101,1878991,1878995,14679.6171875,14679.6484375,0.006777110375052045,6.0734054983112165
H1,3102,1879705,1879711,14685.1953125,14685.2421875,0.012154526568147174,12.322144721466662
H1,3103,1881108,1881111,14696.15625,14696.1796875,0.007185880008234309,6.548409617088691
H1,3104,1881380,1881385,14698.28125,14698.3203125,0.009639722552710455,9.399857525250335
H1,3105,1882510,1882514,14707.109375,14707.140625,0.009241221504608679,8.93678584912834
H1,3106,1883741,1883745,14716.7265625,14716.7578125,0.011218070152916178,11.233950740843904
H1,3107,1883942,1883945,14718.296875,14718.3203125,0.009674226243745162,9.439951979495676
H1,3108,1884706,1884710,14724.265625,14724.296875,0.007228003060803172,6.597358026758762
H1,3109,1885510,1885517,14730.546875,14730.6015625,0.014583838450567545,15.145087171866876
H1,3110,1885600,1885605,14731.25,14731.2890625,0.02800639327175349,30.74254918230179
H1,3111,1885671,1885675,14731.8046875,14731.8359375,0.00970199511213621,9.472220342379805
H1,3112,1885825,1885828,14733.0078125,14733.03125,0.008368187912685138,7.9222913311124445
H1,3113,1886029,1886032,14734.6015625,14734.625,0.007822938689752633,7.288693319839245
H1,3114,1886633,1886637,14739.3203125,14739.3515625,0.01117869857714599,11.188199640137114
H1,3115,1886922,1886924,14741.578125,14741.59375,0.007015691668872872,6.350645019128607
H1,3116,1888003,1888006,14750.0234375,14750.046875,0.007085384767557397,6.431630753484158
H1,3117,1889675,1889678,14763.0859375,14763.109375,0.008009911228328113,7.505961724124142
H1,3118,1890030,1890034,14765.859375,14765.890625,0.0076220426461453125,7.055245332480977
H1,3119,1891010,1891013,14773.515625,14773.5390625,0.007484867688394655,6.895843398884714
H1,3120,1891511,1891514,14777.4296875,14777.453125,0.006918001185447184,6.237125378172613
H1,3121,1892312,1892315,14783.6875,14783.7109375,0.010148432735855459,9.990995938289391
H1,3122,1893165,1893168,14790.3515625,14790.375,0.006794689643563603,6.0938332020109245
H1,3123,1893400,1893405,14792.1875,14792.2265625,0.008902022075700193,8.542624657250721
H1,3124,1893614,1893622,14793.859375,14793.921875,0.012724733708507035,12.984744675672388
H1,3125,1894229,1894234,14798.6640625,14798.703125,0.010954891720922719,10.928128514772256
H1,3126,1895466,1895469,14808.328125,14808.3515625,0.009752841145254711,9.531305150042156
H1,3127,1895734,1895738,14810.421875,14810.453125,0.0069208556656090905,6.240442380522613
H1,3128,1896248,1896253,14814.4375,14814.4765625,0.007148418963406301,6.504878617859409
H1,3129,1897324,1897327,14822.84375,14822.8671875,0.009250868785545992,8.947996315386687
H1,3130,1899521,1899527,14840.0078125,14840.0546875,0.010123669823318708,9.962220597625477
H1,3131,1899604,1899607,14840.65625,14840.6796875,0.009113423104908501,8.788279792653036
H1,3132,1900746,1900749,14849.578125,14849.6015625,0.008181627647750128,7.70550200272113
H1,3133,1900939,1900942,14851.0859375,14851.109375,0.006799510543682184,6.099435250760763
H1,3134,1901770,1901778,14857.578125,14857.640625,0.0069188749586134865,6.238140732101034
H1,3135,1901964,1901968,14859.09375,14859.125,0.006783047492712908,6.080304629542226
H1,3136,1905357,1905361,14885.6015625,14885.6328125,0.007780044721070278,7.23884907960982
H1,3137,1908568,1908571,14910.6875,14910.7109375,0.008523464811588069,8.102728331668693
H1,3138,1909362,1909366,14916.890625,14916.921875,0.011113607325312342,11.112561407236438
H1,3139,1910508,1910511,14925.84375,14925.8671875,0.006721028240530062,6.008236163983741
H1,3140,1911388,1911394,14932.71875,14932.765625,0.0342268666546799,37.97094933187509
H1,3141,1913369,1913373,14948.1953125,14948.2265625,0.006838078389149052,6.144252389711412
H1,3142,1914241,1914246,14955.0078125,14955.046875,0.01910690467990144,20.40104288391688
H1,3143,1915602,1915606,14965.640625,14965.671875,0.00773782570643528,7.189789158778058
H1,3144,1916584,1916589,14973.3125,14973.3515625,0.026458963247375674,28.94438323397253
H1,3145,1916669,1916674,14973.9765625,14974.015625,0.011215977811432538,11.231519369377093
H1,3146,1916986,1916990,14976.453125,14976.484375,0.008547257043663378,8.130375708854467
H1,3147,1919675,1919679,14997.4609375,14997.4921875,0.007103598981656917,6.452796285400539
H1,3148,1921304,1921307,15010.1875,15010.2109375,0.008679330059943308,8.283849014158335
H1,3149,1921743,1921747,15013.6171875,15013.6484375,0.011169736677389703,11.1777856099579
H1,3150,1922902,1922909,15022.671875,15022.7265625,0.023705793001781245,25.74510642817851
H1,3151,1923532,1923535,15027.59375,15027.6171875,0.007739835771950707,7.192124922791169
H1,3152,1926520,1926532,15050.9375,15051.03125,0.01658053160325489,17.46531204786293
H1,3153,1927177,1927180,15056.0703125,15056.09375,0.007065225477634168,6.40820497777128
H1,3154,1927485,1927489,15058.4765625,15058.5078125,0.008354451325340346,7.906328952704032
H1,3155,1927809,1927813,15061.0078125,15061.0390625,0.009118889321935013,8.794631721443615
H1,3156,1928133,1928138,15063.5390625,15063.578125,0.011425741375943786,11.47527171550076
H1,3157,1929701,1929705,15075.7890625,15075.8203125,0.007044916560024296,6.3846053296332785
H1,3158,1931427,1931430,15089.2734375,15089.296875,0.0076226492387814265,7.055950213610065
H1,3159,1932348,1932361,15096.46875,15096.5703125,0.007902885912149403,7.381594692251984
H1,3160,1932960,1932964,15101.25,15101.28125,0.009842796751098821,9.635836602025096
H1,3161,1934042,1934047,15109.703125,15109.7421875,0.01956441313124711,20.932683155413752
H1,3162,1934115,1934119,15110.2734375,15110.3046875,0.008235337428148772,7.767914581437842
H1,3163,1934950,1934954,15116.796875,15116.828125,0.011316056552629758,11.347814246520151
H1,3164,1936012,1936015,15125.09375,15125.1171875,0.007754784764577233,7.20949615708246
H1,3165,1936401,1936404,15128.1328125,15128.15625,0.006806382312547111,6.107420478256055
H1,3166,1936522,1936526,15129.078125,15129.109375,0.007432079901585292,6.83450220785643
H1,3167,1936927,1936932,15132.2421875,15132.28125,0.010174507954113088,10.02129622252032
H1,3168,1937008,1937013,15132.875,15132.9140625,0.009492826314836137,9.229159135842078
H1,3169,1937496,1937502,15136.6875,15136.734375,0.010243352323670445,10.101295704966715
H1,3170,1938725,1938730,15146.2890625,15146.328125,0.009024720064094492,8.685203863536858
H1,3171,1941115,1941120,15164.9609375,15165.0,0.018161799057061327,19.30279823195019
H1,3172,1942107,1942111,15172.7109375,15172.7421875,0.010314307919897858,10.183748504104326
H1,3173,1942327,1942330,15174.4296875,15174.453125,0.01050087303552366,10.400543469162157
H1,3174,1942955,1942960,15179.3359375,15179.375,0.009194865058997009,8.882918093771842
H1,3175,1943183,1943188,15181.1171875,15181.15625,0.009540407174910613,9.284449702155435
H1,3176,1944216,1944219,15189.1875,15189.2109375,0.007125315361404115,6.478031452075104
H1,3177,1945880,1945883,15202.1875,15202.2109375,0.006895805232000731,6.211332930663291
H1,3178,1946037,1946040,15203.4140625,15203.4375,0.008527818738500113,8.107787741781857
H1,3179,1948674,1948677,15224.015625,15224.0390625,0.006809160843894585,6.1106492255187295
H1,3180,1949344,1949348,15229.25,15229.28125,0.007588313784028231,7.016051255605537
H1,3181,1949450,1949455,15230.078125,15230.1171875,0.010194336666253672,10.04433785568545
H1,3182,1949584,1949588,15231.125,15231.15625,0.007407635779454015,6.806097312409905
H1,3183,1951210,1951215,15243.828125,15243.8671875,0.010003632563498635,9.82273324780105
H1,3184,1951286,1951289,15244.421875,15244.4453125,0.007370138611248509,6.762524336596007
H1,3185,1952138,1952142,15251.078125,15251.109375,0.009310334342275291,9.017097300584426
H1,3186,1953028,1953033,15258.03125,15258.0703125,0.013688589654957008,14.104777836912026
H1,3187,1953106,1953109,15258.640625,15258.6640625,0.007138212715199106,6.493018612755945
H1,3188,1953183,1953194,15259.2421875,15259.328125,0.023358926076245335,25.34203534627216
H1,3189,1955123,1955128,15274.3984375,15274.4375,0.017924411016854335,19.02694531213079
H1,3190,1955354,1955357,15276.203125,15276.2265625,0.007252240492226502,6.625522740622267
H1,3191,1955491,1955495,15277.2734375,15277.3046875,0.0073477609460131784,6.736520733851216
H1,3192,1955937,1955944,15280.7578125,15280.8125,0.007799450354314343,7.26139908080892
H1,3193,1957783,1957788,15295.1796875,15295.21875,0.012958533461022038,13.256427884009595
H1,3194,1959104,1959109,15305.5,15305.5390625,0.007207915217341761,6.574015274247417
H1,3195,1959562,1959567,15309.078125,15309.1171875,0.014539871138159988,15.093995669979668
H1,3196,1959701,1959704,15310.1640625,15310.1875,0.007778039096633555,7.236518476280145
H1,3197,1961356,1961361,15323.09375,15323.1328125,0.015725008069010102,16.471164808221626
H1,3198,1961924,1961931,15327.53125,15327.5859375,0.011801860420099472,11.912334747149533
H1,3199,1962588,1962591,15332.71875,15332.7421875,0.007221874539143485,6.590236477616998
H1,3200,1962937,1962939,15335.4453125,15335.4609375,0.006838597700421139,6.144855846947822
H1,3201,1963099,1963102,15336.7109375,15336.734375,0.008376604003473894,7.932071112838259
H1,3202,1963617,1963622,15340.7578125,15340.796875,0.007847628957888807,7.317384245256333
H1,3203,1963988,1963991,15343.65625,15343.6796875,0.007316902464614109,6.7006621363089645
H1,3204,1965669,1965672,15356.7890625,15356.8125,0.006743958897336019,6.034882361609302
H1,3205,1966058,1966080,15359.828125,15360.0,0.14360968108927316,165.0774737950979
H1,3206,1966370,1966373,15362.265625,15362.2890625,0.007320377399618804,6.704700128140364
H1,3207,1966540,1966543,15363.59375,15363.6171875,0.008125151059123247,7.6398742994022095
H1,3208,1966913,1966917,15366.5078125,15366.5390625,0.008703857545288428,8.312350780474699
H1,3209,1968542,1968547,15379.234375,15379.2734375,0.00868481346482889,8.290220915821624
H1,3210,1969598,1969602,15387.484375,15387.515625,0.008939274813894891,8.58591359713714
H1,3211,1970703,1970707,15396.1171875,15396.1484375,0.007139838089682242,6.494907352797701
H1,3212,1972635,1972640,15411.2109375,15411.25,0.011287882315370909,11.31507483132147
H1,3213,1972710,1972714,15411.796875,15411.828125,0.007848805329563849,7.318751228871305
H1,3214,1973160,1973172,15415.3125,15415.40625,0.009962214836448149,9.774604450203677
H1,3215,1973381,1973385,15417.0390625,15417.0703125,0.012110237739542286,12.270679606899868
H1,3216,1974219,1974223,15423.5859375,15423.6171875,0.00845630767776699,8.024689474129392
H1,3217,1976471,1976475,15441.1796875,15441.2109375,0.010452821549671703,10.344706019801334
H1,3218,1977081,1977085,15445.9453125,15445.9765625,0.0075580670649954464,6.980903546593426
H1,3219,1978116,1978120,15454.03125,15454.0625,0.006736921584539605,6.026704766474851
H1,3220,1978237,1978241,15454.9765625,15455.0078125,0.006803520354191816,6.104094785992781
H1,3221,1980336,1980340,15471.375,15471.40625,0.00686506660793464,6.175613611389799
H1,3222,1980673,1980679,15474.0078125,15474.0546875,0.027363492220241932,29.995476448309844
H1,3223,1982700,1982704,15489.84375,15489.875,0.00894741354589347,8.595371078581774
H1,3224,1983178,1983181,15493.578125,15493.6015625,0.009029671338012614,8.690957411044764
H1,3225,1984346,1984350,15502.703125,15502.734375,0.007234804845421764,6.605261930196295
H1,3226,1984827,1984831,15506.4609375,15506.4921875,0.009295787281420947,9.000193124586502
H1,3227,1986959,1986962,15523.1171875,15523.140625,0.006895529306064481,6.211012295406762
H1,3228,1987500,1987503,15527.34375,15527.3671875,0.006893531422692524,6.208690687455778
H1,3229,1988043,1988047,15531.5859375,15531.6171875,0.007346676682147984,6.735260782621964
H1,3230,1989335,1989340,15541.6796875,15541.71875,0.01062563273071201,10.545518448371205
H1,3231,1989583,1989586,15543.6171875,15543.640625,0.007495545367092894,6.908251222139981
H1,3232,1990170,1990173,15548.203125,15548.2265625,0.008560435599913077,8.145689636284486
H1,3233,1990652,1990657,15551.96875,15552.0078125,0.011013187913114782,10.9958706588858
H1,3234,1991345,1991349,15557.3828125,15557.4140625,0.0067291273027570205,6.01764754781402
H1,3235,1992900,1992904,15569.53125,15569.5625,0.008824600534932829,8.45265821218899
H1,3236,1994119,1994124,15579.0546875,15579.09375,0.009176324408414142,8.861373231637359
H1,3237,1994285,1994288,15580.3515625,15580.375,0.007355557024816399,6.745580040710717
H1,3238,1996204,1996207,15595.34375,15595.3671875,0.007042851425381115,6.3822055734339145
H1,3239,1996283,1996287,15595.9609375,15595.9921875,0.008813594195631035,8.439868474212824
H1,3240,1997319,1997324,15604.0546875,15604.09375,0.010012820122065263,9.83340950113886
H1,3241,1998095,1998100,15610.1171875,15610.15625,0.016347399499957546,17.194404670464575
H1,3242,1998354,1998357,15612.140625,15612.1640625,0.008069844624589033,7.57560635465756
H1,3243,2000562,2000565,15629.390625,15629.4140625,0.007960215006741005,7.44821303629285
H1,3244,2001295,2001299,15635.1171875,15635.1484375,0.008548628672150147,8.131969587478904
H1,3245,2001410,2001415,15636.015625,15636.0546875,0.006764584203052084,6.0588496634118
H1,3246,2001484,2001497,15636.59375,15636.6953125,0.007176328931156827,6.537310942964475
H1,3247,2002556,2002560,15644.96875,15645.0,0.0068352335611070805,6.140946603450749
H1,3248,2003232,2003236,15650.25,15650.28125,0.008461467569849987,8.030685442990363
H1,3249,2003500,2003508,15652.34375,15652.40625,0.009957873271912103,9.769559405588925
H1,3250,2003847,2003850,15655.0546875,15655.078125,0.01285571378868372,13.136947952313509
H1,3251,2004130,2004135,15657.265625,15657.3046875,0.008554101686729714,8.138329415255702
H1,3252,2004810,2004820,15662.578125,15662.65625,0.007790657976173071,7.251182040471457
H1,3253,2005020,2005023,15664.21875,15664.2421875,0.006934092259878107,6.255823750091143
H1,3254,2007870,2007875,15686.484375,15686.5234375,0.020774538627719413,22.338889850825687
H1,3255,2008371,2008376,15690.3984375,15690.4375,0.008555729500593834,8.140220989940543
H1,3256,2008638,2008642,15692.484375,15692.515625,0.00706391925457192,6.406687102459017
H1,3257,2008733,2008736,15693.2265625,15693.25,0.00796483462709941,7.453581191163718
H1,3258,2009026,2009030,15695.515625,15695.546875,0.007728425649115898,7.178865974713011
H1,3259,2009095,2009100,15696.0546875,15696.09375,0.014920083188361556,15.535814912883273
H1,3260,2010224,2010228,15704.875,15704.90625,0.007287928391926605,6.666993285330044
H1,3261,2010915,2010919,15710.2734375,15710.3046875,0.00995504980085416,9.766278436864974
H1,3262,2011332,2011336,15713.53125,15713.5625,0.008172628776778875,7.695045010741527
H1,3263,2012270,2012274,15720.859375,15720.890625,0.007639993177762019,7.0761044564472115
H1,3264,2013562,2013568,15730.953125,15731.0,0.007789406171647578,7.249727401336733
H1,3265,2015105,2015110,15743.0078125,15743.046875,0.03872924376496294,43.20286358887245
H1,3266,2015261,2015265,15744.2265625,15744.2578125,0.010968677537964062,10.94414809975065
H1,3267,2015474,2015478,15745.890625,15745.921875,0.007703164380697785,7.149511527684417
H1,3268,2015754,2015758,15748.078125,15748.109375,0.008457110889573582,8.025622833374824
H1,3269,2016507,2016512,15753.9609375,15754.0,0.011460664605213352,11.515853687343705
H1,3270,2016899,2016905,15757.0234375,15757.0703125,0.00724953859796786,6.622383048245011
H1,3271,2017008,2017013,15757.875,15757.9140625,0.00835842623373286,7.910947930497242
H1,3272,2017656,2017659,15762.9375,15762.9609375,0.007076123669067429,6.420869044271827
H1,3273,2020000,2020003,15781.25,15781.2734375,0.0067629467098671014,6.056946841029223
H1,3274,2022656,2022665,15802.0,15802.0703125,0.009405725864440754,9.127945470915229
H1,3275,2022803,2022808,15803.1484375,15803.1875,0.008342968217307147,7.892985193360481
H1,3276,2024375,2024378,15815.4296875,15815.453125,0.008120129617066254,7.634039214147209
H1,3277,2024460,2024467,15816.09375,15816.1484375,0.010501485166418882,10.401254785935368
H1,3278,2026162,2026171,15829.390625,15829.4609375,0.009337311442121545,9.048445601679797
H1,3279,2027292,2027296,15838.21875,15838.25,0.011377599400280708,11.41932911392338
H1,3280,2027702,2027707,15841.421875,15841.4609375,0.009378327714246187,9.096107895095354
H1,3281,2027894,2027897,15842.921875,15842.9453125,0.0068578476222422545,6.16722490621475
H1,3282,2028398,2028402,15846.859375,15846.890625,0.010784473370172274,10.730096635810172
H1,3283,2028903,2028913,15850.8046875,15850.8828125,0.009378253382821255,9.096021519469252
H1,3284,2028979,2028982,15851.3984375,15851.421875,0.0077000448298399,7.1458865042336885
H1,3285,2029152,2029156,15852.75,15852.78125,0.010677000803707077,10.605209884000523
H1,3286,2030009,2030023,15859.4453125,15859.5546875,0.012014703386144234,12.159665461853082
H1,3287,2031586,2031616,15871.765625,15872.0,0.18798421954899416,216.64218610781157
H1,3288,2031771,2031775,15873.2109375,15873.2421875,0.018819073552239454,20.06657339290445
H1,3289,2032838,2032841,15881.546875,15881.5703125,0.006751333023126624,6.043451344817893
H1,3290,2033925,2033929,15890.0390625,15890.0703125,0.008488729160250313,8.062364331717417
H1,3291,2034020,2034024,15890.78125,15890.8125,0.008237778180234797,7.770750817791191
H1,3292,2034200,2034203,15892.1875,15892.2109375,0.007870730460790374,7.344228971814828
H1,3293,2034672,2034676,15895.875,15895.90625,0.008775685037801599,8.395816752542153
H1,3294,2036151,2036154,15907.4296875,15907.453125,0.012314786266619597,12.508371903402397
H1,3295,2036643,2036648,15911.2734375,15911.3125,0.01412734469181859,14.61462600743571
H1,3296,2036892,2036896,15913.21875,15913.25,0.008291223320289382,7.832855875490639
H1,3297,2037255,2037259,15916.0546875,15916.0859375,0.009904886619573169,9.707987126099168
H1,3298,2037422,2037425,15917.359375,15917.3828125,0.006865266964411362,6.1758464323822135
H1,3299,2037623,2037626,15918.9296875,15918.953125,0.00882719419078138,8.455672127878278
H1,3300,2037890,2037895,15921.015625,15921.0546875,0.01944214118584463,20.79059902547249
H1,3301,2038401,2038406,15925.0078125,15925.046875,0.016292984606691117,17.13117272678234
H1,3302,2038467,2038476,15925.5234375,15925.59375,0.009185634033738219,8.872191330669777
H1,3303,2038545,2038548,15926.1328125,15926.15625,0.007626913105166938,7.0609049703498625
H1,3304,2039144,2039148,15930.8125,15930.84375,0.014791458151371206,15.386348275959492
H1,3305,2040985,2040990,15945.1953125,15945.234375,0.00836737000387519,7.921340893452766
H1,3306,2041973,2041976,15952.9140625,15952.9375,0.006911492931623478,6.229562567431897
H1,3307,2042321,2042324,15955.6328125,15955.65625,0.00814939558046714,7.66804725199285
H1,3308,2042554,2042558,15957.453125,15957.484375,0.009671241962618834,9.436484144041364
H1,3309,2043251,2043255,15962.8984375,15962.9296875,0.008627222963219402,8.223298807997704
H1,3310,2043919,2043923,15968.1171875,15968.1484375,0.007023622165015479,6.359860523476035
H1,3311,2044595,2044597,15973.3984375,15973.4140625,0.00741104869875661,6.810063239901063
H1,3312,2044674,2044677,15974.015625,15974.0390625,0.007656735422559217,7.0955595103227616
H1,3313,2044998,2045005,15976.546875,15976.6015625,0.011645826398083656,11.731017943966455
H1,3314,2045391,2045395,15979.6171875,15979.6484375,0.008459567860327522,8.028477916368029
H1,3315,2046405,2046407,15987.5390625,15987.5546875,0.007511292170518996,6.926549539524146
H1,3316,2046511,2046516,15988.3671875,15988.40625,0.007598020174631265,7.027330409291713
H1,3317,2048089,2048092,16000.6953125,16000.71875,0.008150902867839347,7.669798770823655
H1,3318,2048955,2048960,16007.4609375,16007.5,0.010402496929649202,10.286227111765765
H1,3319,2049391,2049395,16010.8671875,16010.8984375,0.011043948886078393,11.031615948332979
H1,3320,2051126,2051133,16024.421875,16024.4765625,0.010256340479010589,10.116388380109584
H1,3321,2051943,2051948,16030.8046875,16030.84375,0.014265160540755521,14.774772678234681
H1,3322,2052104,2052108,16032.0625,16032.09375,0.009663275591430452,9.42722695167917
H1,3323,2053424,2053429,16042.375,16042.4140625,0.034211902844684214,37.95356087930042
H1,3324,2053912,2053917,16046.1875,16046.2265625,0.028535932407124587,31.357891541265577
H1,3325,2054194,2054199,16048.390625,16048.4296875,0.010070860405361887,9.900854270473317
H1,3326,2054924,2054927,16054.09375,16054.1171875,0.0068658634549782676,6.176539574565712
H1,3327,2055602,2055607,16059.390625,16059.4296875,0.025635260147657865,27.987212413895307
H1,3328,2055884,2055888,16061.59375,16061.625,0.010797065715480298,10.744729366328372
H1,3329,2056032,2056037,16062.75,16062.7890625,0.008773233148032536,8.39296757382497
H1,3330,2057647,2057650,16075.3671875,16075.390625,0.007304857361151776,6.686665319296979
H1,3331,2057896,2057900,16077.3125,16077.34375,0.006782200102107847,6.0793199330409635
H1,3332,2058631,2058635,16083.0546875,16083.0859375,0.008874178646498088,8.510269652186066
H1,3333,2058702,2058706,16083.609375,16083.640625,0.010616101662281184,10.53444302497014
H1,3334,2058822,2058826,16084.546875,16084.578125,0.008686314439225264,8.291965098761308
H1,3335,2059653,2059658,16091.0390625,16091.078125,0.014133270765103905,14.621512304729341
H1,3336,2060861,2060868,16100.4765625,16100.53125,0.008599381799458215,8.190946435451906
H1,3337,2061560,2061564,16105.9375,16105.96875,0.0070790727777147325,6.424296008117663
H1,3338,2062480,2062485,16113.125,16113.1640625,0.008344819359918397,7.895136283591775
H1,3339,2062606,2062610,16114.109375,16114.140625,0.01023784544940744,10.09489653109425
H1,3340,2062712,2062716,16114.9375,16114.96875,0.009787701138357889,9.571813639324139
H1,3341,2063063,2063067,16117.6796875,16117.7109375,0.010664270333766783,10.590416647994862
H1,3342,2063858,2063863,16123.890625,16123.9296875,0.016199835357169054,17.022930152989478
H1,3343,2065139,2065143,16133.8984375,16133.9296875,0.011442701281685725,11.49497969874497
H1,3344,2065878,2065889,16139.671875,16139.7578125,0.03423592984355828,37.98148106343492
H1,3345,2066084,2066089,16141.28125,16141.3203125,0.011529171113636001,11.595460563741279
H1,3346,2067558,2067562,16152.796875,16152.828125,0.01175582736092828,11.858842777758321
H1,3347,2067772,2067775,16154.46875,16154.4921875,0.00843649569891231,8.001667285607603
H1,3348,2068340,2068345,16158.90625,16158.9453125,0.015044355185582624,15.680223170583742
H1,3349,2069962,2069965,16171.578125,16171.6015625,0.007483959175108928,6.894787675764273
H1,3350,2070321,2070326,16174.3828125,16174.421875,0.014281295751889338,14.793522338492567
H1,3351,2071878,2071881,16186.546875,16186.5703125,0.006967059996672485,6.294133373636782
H1,3352,2072915,2072920,16194.6484375,16194.6875,0.01993823805124872,21.36708033731804
H1,3353,2073018,2073022,16195.453125,16195.484375,0.009397053716392255,9.117868142005994
H1,3354,2073532,2073536,16199.46875,16199.5,0.0078220168990522,7.28762216791451
H1,3355,2074130,2074133,16204.140625,16204.1640625,0.007432005338693746,6.834415563258306
H1,3356,2074235,2074246,16204.9609375,16205.046875,0.010088072603812863,9.92085542636589
H1,3357,2074325,2074329,16205.6640625,16205.6953125,0.009393663032246875,9.11392805251845
H1,3358,2074466,2074470,16206.765625,16206.796875,0.011796986243898194,11.906670789792354
H1,3359,2074863,2074867,16209.8671875,16209.8984375,0.010929140825454054,10.898205104575174
H1,3360,2075964,2075970,16218.46875,16218.515625,0.008689130725790764,8.295237718862404
H1,3361,2076130,2076133,16219.765625,16219.7890625,0.007564620294593445,6.988518620702798
H1,3362,2076430,2076438,16222.109375,16222.171875,0.010690653607605401,10.621074903214593
H1,3363,2076869,2076873,16225.5390625,16225.5703125,0.010538986196816577,10.444832249747025
H1,3364,2077546,2077551,16230.828125,16230.8671875,0.011440210539295932,11.492085371970365
H1,3365,2077868,2077871,16233.34375,16233.3671875,0.007395794250038068,6.792337055314948
H1,3366,2078343,2078348,16237.0546875,16237.09375,0.007334672880084238,6.72131195922997
H1,3367,2078429,2078433,16237.7265625,16237.7578125,0.008746967091014322,8.36244552850921
H1,3368,2079667,2079670,16247.3984375,16247.421875,0.008622712643115628,8.218057663714019
H1,3369,2079815,2079819,16248.5546875,16248.5859375,0.008038804041221266,7.539536148477713
H1,3370,2080650,2080654,16255.078125,16255.109375,0.008653483107148379,8.253813982104074
H1,3371,2080964,2080968,16257.53125,16257.5625,0.009532106826991635,9.274804417553185
H1,3372,2083037,2083041,16273.7265625,16273.7578125,0.010066438970333892,9.895716413649524
H1,3373,2083235,2083240,16275.2734375,16275.3125,0.009754920569545153,9.53372151129423
H1,3374,2083404,2083408,16276.59375,16276.625,0.01067693301312199,10.605131109051218
H1,3375,2083476,2083483,16277.15625,16277.2109375,0.006727510838020945,6.015769161199249
H1,3376,2083788,2083792,16279.59375,16279.625,0.006855449984819105,6.164438770555736
H1,3377,2084923,2084926,16288.4609375,16288.484375,0.008191461417114973,7.716929174830382
H1,3378,2085167,2085170,16290.3671875,16290.390625,0.011531155852772859,11.597766897647169
H1,3379,2085252,2085255,16291.03125,16291.0546875,0.007384039232391763,6.778677327818001
H1,3380,2086333,2086337,16299.4765625,16299.5078125,0.010443723692980581,10.334134003072286
H1,3381,2087006,2087010,16304.734375,16304.765625,0.009134487090059937,8.812756854774571
H1,3382,2088351,2088355,16315.2421875,16315.2734375,0.007980682291334336,7.471996712214022
H1,3383,2088843,2088847,16319.0859375,16319.1171875,0.008013515171432666,7.510149627724454
H1,3384,2088901,2088912,16319.5390625,16319.625,0.013786995228522232,14.219128436760277
H1,3385,2089089,2089113,16321.0078125,16321.1953125,0.02232888415633162,24.1450918486266
H1,3386,2090076,2090079,16328.71875,16328.7421875,0.0068817543929488795,6.195005381158328
H1,3387,2090496,2090500,16332.0,16332.03125,0.009159283635991913,8.841571278579607
H1,3388,2091806,2091812,16342.234375,16342.28125,0.03184038714596308,35.19777954625874
H1,3389,2092575,2092580,16348.2421875,16348.28125,0.007578312718144032,7.004429679290839
H1,3390,2093291,2093294,16353.8359375,16353.859375,0.0067654764202495325,6.059886449927307
H1,3391,2093498,2093501,16355.453125,16355.4765625,0.007947081169450837,7.4329510738040625
H1,3392,2093806,2093809,16357.859375,16357.8828125,0.00882690092551239,8.45533134373152
H1,3393,2094329,2094333,16361.9453125,16361.9765625,0.008190496554167951,7.715807971500468
H1,3394,2094548,2094553,16363.65625,16363.6953125,0.006801083737497335,6.101263355104069
H1,3395,2095941,2095946,16374.5390625,16374.578125,0.011812410664263348,11.924594487172136
H1,3396,2096018,2096022,16375.140625,16375.171875,0.007081803610844008,6.427469328439924
H1,3397,2097127,2097152,16383.8046875,16384.0,0.16587851916325344,190.9546157030752
H1,3398,2098055,2098059,16391.0546875,16391.0859375,0.007191082882137653,6.554455532276492
H1,3399,2098805,2098809,16396.9140625,16396.9453125,0.019076585952380543,20.3658114986097
H1,3400,2100793,2100797,16412.4453125,16412.4765625,0.009563314055986089,9.311068271579218
H1,3401,2101803,2101807,16420.3359375,16420.3671875,0.011082340131566159,11.076227872143756
H1,3402,2102050,2102053,16422.265625,16422.2890625,0.00747173185052518,6.880579111655209
H1,3403,2102459,2102462,16425.4609375,16425.484375,0.007905483700305358,7.384613409822035
H1,3404,2102866,2102870,16428.640625,16428.671875,0.01073075637361081,10.667675671668558
H1,3405,2103813,2103817,16436.0390625,16436.0703125,0.010902135887719405,10.866824454913344
H1,3406,2103891,2103894,16436.6484375,16436.671875,0.008861533830822173,8.495575949328341
H1,3407,2104053,2104057,16437.9140625,16437.9453125,0.007368728879915091,6.76088618117695
H1,3408,2104485,2104488,16441.2890625,16441.3125,0.007673510360730665,7.115052555003314
H1,3409,2104685,2104689,16442.8515625,16442.8828125,0.011847849529848884,11.965775645828375
H1,3410,2104870,2104873,16444.296875,16444.3203125,0.007260272329384652,6.634856006652257
H1,3411,2105094,2105097,16446.046875,16446.0703125,0.007239023983167978,6.61016471074665
H1,3412,2105338,2105342,16447.953125,16447.984375,0.013064696235758311,13.379792613595782
H1,3413,2105508,2105512,16449.28125,16449.3125,0.00686549807772535,6.176114993858256
H1,3414,2105708,2105712,16450.84375,16450.875,0.008950174643897487,8.598579567710592
H1,3415,2105870,2105874,16452.109375,16452.140625,0.006727425631588836,6.015670148447535
H1,3416,2106119,2106122,16454.0546875,16454.078125,0.006843026713977553,6.150002510277581
H1,3417,2106261,2106265,16455.1640625,16455.1953125,0.010563256728517297,10.473035427250723
H1,3418,2107895,2107898,16467.9296875,16467.953125,0.008546304023887346,8.129268267689216
H1,3419,2108047,2108051,16469.1171875,16469.1484375,0.009950152809157883,9.760587967132079
H1,3420,2108237,2108241,16470.6015625,16470.6328125,0.007455104544370876,6.861257620364423
H1,3421,2108333,2108336,16471.3515625,16471.375,0.007121405680156067,6.473488270426622
H1,3422,2108689,2108692,16474.1328125,16474.15625,0.00803859686151365,7.539295398660564
H1,3423,2109346,2109349,16479.265625,16479.2890625,0.007974816981996908,7.465181024679962
H1,3424,2109754,2109758,16482.453125,16482.484375,0.010130411735366203,9.97005492711337
H1,3425,2110164,2110169,16485.65625,16485.6953125,0.013591328363968893,13.991756932063232
H1,3426,2111383,2111386,16495.1796875,16495.203125,0.006945897831247483,6.269542222721605
H1,3427,2112232,2112239,16501.8125,16501.8671875,0.00730539214349891,6.687286754445086
H1,3428,2113407,2113411,16510.9921875,16511.0234375,0.007748105657652985,7.2017348092688405
H1,3429,2114339,2114343,16518.2734375,16518.3046875,0.009317559306062961,9.025492952508088
H1,3430,2114738,2114741,16521.390625,16521.4140625,0.006795775259932722,6.095094724895413
H1,3431,2115002,2115004,16523.453125,16523.46875,0.006722257546795653,6.009664659380645
H1,3432,2115894,2115898,16530.421875,16530.453125,0.00782371360480636,7.289593797302206
H1,3433,2116389,2116400,16534.2890625,16534.375,0.012247865364999904,12.43060755565917
H1,3434,2116587,2116591,16535.8359375,16535.8671875,0.0069394955614916366,6.26210256904705
H1,3435,2118326,2118331,16549.421875,16549.4609375,0.008424649020338664,7.987901045017501
H1,3436,2120578,2120582,16567.015625,16567.046875,0.008161492504685643,7.682104286473604
H1,3437,2120700,2120704,16567.96875,16568.0,0.00992067481570224,9.726333543202102
H1,3438,2120855,2120858,16569.1796875,16569.203125,0.008134842573810901,7.651136166772322
H1,3439,2121755,2121760,16576.2109375,16576.25,0.007557540096483363,6.980291191385538
H1,3440,2121896,2121901,16577.3125,16577.3515625,0.011343613934665413,11.37983685511697
H1,3441,2122255,2122272,16580.1171875,16580.25,0.015346640716773437,16.03148916665261
H1,3442,2122619,2122631,16582.9609375,16583.0546875,0.05155557559159777,58.10749434392069
H1,3443,2122847,2122851,16584.7421875,16584.7734375,0.009361859535521072,9.076971315251358
H1,3444,2123389,2123393,16588.9765625,16589.0078125,0.009458314384014115,9.1890551066856
H1,3445,2125051,2125055,16601.9609375,16601.9921875,0.007107340736691328,6.457144331117549
H1,3446,2125537,2125540,16605.7578125,16605.78125,0.007217879701333559,6.585594341167698
H1,3447,2125704,2125708,16607.0625,16607.09375,0.008597094447579307,8.188288455319878
H1,3448,2125874,2125878,16608.390625,16608.421875,0.007030720389974418,6.368108900600473
H1,3449,2126276,2126282,16611.53125,16611.578125,0.009670606253948392,9.435745429097077
H1,3450,2127028,2127033,16617.40625,16617.4453125,0.013106523698874497,13.428397538339159
H1,3451,2128089,2128101,16625.6953125,16625.7890625,0.010665628695649708,10.59199511037759
H1,3452,2129626,2129629,16637.703125,16637.7265625,0.006779948271656109,6.076703230006941
H1,3453,2129772,2129776,16638.84375,16638.875,0.007189899677520268,6.553080608551754
H1,3454,2129954,2129959,16640.265625,16640.3046875,0.00814644392786502,7.664617331985603
H1,3455,2130176,2130180,16642.0,16642.03125,0.01043188624403483,10.320378487621502
H1,3456,2130371,2130377,16643.5234375,16643.5703125,0.0173808340350493,18.39529050152285
H1,3457,2130732,2130737,16646.34375,16646.3828125,0.011757842531675338,11.861184474223004
H1,3458,2130807,2130810,16646.9296875,16646.953125,0.011209430814782444,11.223911538163685
H1,3459,2131070,2131076,16648.984375,16649.03125,0.006816337749266241,6.1189890319399485
H1,3460,2132431,2132441,16659.6171875,16659.6953125,0.009318388739574539,9.026456782260276
H1,3461,2132581,2132584,16660.7890625,16660.8125,0.006795180127123766,6.094403160472506
H1,3462,2132709,2132714,16661.7890625,16661.828125,0.011029349866840926,11.014651394939122
H1,3463,2132893,2132896,16663.2265625,16663.25,0.009806046498343787,9.593131567189568
H1,3464,2132963,2132967,16663.7734375,16663.8046875,0.008923754687042882,8.56787868558742
H1,3465,2133525,2133529,16668.1640625,16668.1953125,0.007676864369514999,7.11895002648272
H1,3466,2133936,2133941,16671.375,16671.4140625,0.01123388454874469,11.252327602882408
H1,3467,2135283,2135289,16681.8984375,16681.9453125,0.013530691217120177,13.921294519579641
H1,3468,2135539,2135544,16683.8984375,16683.9375,0.00992773473747349,9.734537410728866
H1,3469,2138863,2138869,16709.8671875,16709.9140625,0.018812932723729966,20.059437542787588
H1,3470,2140475,2140478,16722.4609375,16722.484375,0.0074201735669679565,6.820666644928849
H1,3471,2141015,2141019,16726.6796875,16726.7109375,0.010140647727868752,9.981949496092565
H1,3472,2141146,2141150,16727.703125,16727.734375,0.007388228080907864,6.783544911260032
H1,3473,2141332,2141335,16729.15625,16729.1796875,0.008478025792046425,8.049926656388996
H1,3474,2142502,2142507,16738.296875,16738.3359375,0.009156300649606226,8.838104947657648
H1,3475,2143580,2143591,16746.71875,16746.8046875,0.00840691174654975,7.9672897338493325
H1,3476,2144031,2144034,16750.2421875,16750.265625,0.007065069684387823,6.408023940757558
H1,3477,2144168,2144173,16751.3125,16751.3515625,0.023714987297738733,25.755790510592036
H1,3478,2144861,2144865,16756.7265625,16756.7578125,0.007778706252262829,7.237293733652626
H1,3479,2145215,2145225,16759.4921875,16759.5703125,0.007902321507930415,7.38093883548839
H1,3480,2146436,2146440,16769.03125,16769.0625,0.0115237244317503,11.589131335444065
H1,3481,2146967,2146974,16773.1796875,16773.234375,0.007705291037020111,7.151982774152665
H1,3482,2147100,2147103,16774.21875,16774.2421875,0.00767080589039259,7.111909869134757
H1,3483,2148117,2148121,16782.1640625,16782.1953125,0.010173697792950586,10.020354787888628
H1,3484,2148503,2148507,16785.1796875,16785.2109375,0.008409555446591528,7.97036180258125
H1,3485,2148619,2148624,16786.0859375,16786.125,0.008449327778319584,8.016578595245461
H1,3486,2148776,2148782,16787.3125,16787.359375,0.0093959261568164,9.116557879698767
H1,3487,2149536,2149540,16793.25,16793.28125,0.009713224745913523,9.485269556077654
H1,3488,2149827,2149832,16795.5234375,16795.5625,0.009660522540420817,9.424027813429587
H1,3489,2150992,2150995,16804.625,16804.6484375,0.009684068700739963,9.451389246924336
H1,3490,2151292,2151298,16806.96875,16807.015625,0.010832656934734636,10.786087565093066
H1,3491,2151385,2151389,16807.6953125,16807.7265625,0.0067156721925727865,6.00201225537226
H1,3492,2151930,2151934,16811.953125,16811.984375,0.007441803924112155,6.8458018504335625
H1,3493,2152013,2152017,16812.6015625,16812.6328125,0.007416494875938032,6.816391881714859
H1,3494,2152502,2152517,16816.421875,16816.5390625,0.00925108889025297,8.9482520844896
H1,3495,2152703,2152706,16817.9921875,16818.015625,0.006832786808214479,6.138103393957498
H1,3496,2152781,2152785,16818.6015625,16818.6328125,0.008864180457372995,8.498651418762602
H1,3497,2153566,2153569,16824.734375,16824.7578125,0.006870188342297306,6.181565239691077
H1,3498,2154421,2154424,16831.4140625,16831.4375,0.007369320854678707,6.761574075844519
H1,3499,2155308,2155311,16838.34375,16838.3671875,0.007511022303459638,6.926235944887186
H1,3500,2156081,2156084,16844.3828125,16844.40625,0.006877777093753956,6.190383625171977
H1,3501,2156189,2156199,16845.2265625,16845.3046875,0.010600255684462209,10.516029463592124
H1,3502,2158008,2158016,16859.4375,16859.5,0.013664324473588988,14.076580876675617
H1,3503,2158334,2158337,16861.984375,16862.0078125,0.008661636581797147,8.263288595006118
H1,3504,2158639,2158652,16864.3671875,16864.46875,0.011696141774327078,11.789486110418554
H1,3505,2158764,2158768,16865.34375,16865.375,0.0076271670450247225,7.061200057040699
H1,3506,2159456,2159460,16870.75,16870.78125,0.009184348077357218,8.870697005925573
H1,3507,2159587,2159592,16871.7734375,16871.8125,0.018297576352094867,19.460576034267124
H1,3508,2160028,2160032,16875.21875,16875.25,0.008233287346167231,7.765532316939664
H1,3509,2161087,2161091,16883.4921875,16883.5234375,0.01102808677692885,11.013183641804059
H1,3510,2162682,2162688,16895.953125,16896.0,0.020466939884641468,21.981449723105513
H1,3511,2162854,2162864,16897.296875,16897.375,0.0075170528463195056,6.933243639354609
H1,3512,2163297,2163302,16900.7578125,16900.796875,0.0157375426254744,16.485730386151765
H1,3513,2163453,2163457,16901.9765625,16902.0078125,0.007598666655892473,7.0280816423502825
H1,3514,2163573,2163577,16902.9140625,16902.9453125,0.009268676014599988,8.96868891693542
H1,3515,2164484,2164493,16910.03125,16910.1015625,0.008963240214429865,8.613762201921313
H1,3516,2164774,2164781,16912.296875,16912.3515625,0.015147615115641003,15.80021469661898
H1,3517,2165292,2165295,16916.34375,16916.3671875,0.008547909413955607,8.131133785165972
H1,3518,2166373,2166377,16924.7890625,16924.8203125,0.008567350102970784,8.153724522355011
H1,3519,2166813,2166816,16928.2265625,16928.25,0.007632774553198166,7.067716170915714
H1,3520,2167028,2167032,16929.90625,16929.9375,0.009632527922120063,9.391497121526326
H1,3521,2169896,2169899,16952.3125,16952.3359375,0.008281700526291945,7.821790067260617
H1,3522,2170177,2170186,16954.5078125,16954.578125,0.01172217295590777,11.81973522254367
H1,3523,2170822,2170827,16959.546875,16959.5859375,0.02020318381076658,21.67495625765945
H1,3524,2171222,2171225,16962.671875,16962.6953125,0.009484996188547118,9.220060264654222
H1,3525,2171388,2171392,16963.96875,16964.0,0.007311682107619844,6.6945959051790735
H1,3526,2171491,2171494,16964.7734375,16964.796875,0.008827827960082524,8.456408589209945
H1,3527,2172016,2172018,16968.875,16968.890625,0.006953485971662768,6.2783598981518045
H1,3528,2172590,2172595,16973.359375,16973.3984375,0.01430471121369059,14.820731895895555
H1,3529,2172748,2172753,16974.59375,16974.6328125,0.009607158328800915,9.362016797304365
H1,3530,2175139,2175143,16993.2734375,16993.3046875,0.007124780280189576,6.477409669632978
H1,3531,2175298,2175302,16994.515625,16994.546875,0.009164989890268503,8.848202138761346
H1,3532,2175549,2175553,16996.4765625,16996.5078125,0.007581632811240304,7.00828773959531
H1,3533,2175891,2175895,16999.1484375,16999.1796875,0.007296818193829323,6.677323535368514
H1,3534,2177472,2177477,17011.5,17011.5390625,0.0073882036219156105,6.7835164890850015
H1,3535,2177795,2177800,17014.0234375,17014.0625,0.014549620596272581,15.10532486956643
H1,3536,2178099,2178104,17016.3984375,17016.4375,0.023856859802345108,25.92065115228079
H1,3537,2178636,2178639,17020.59375,17020.6171875,0.007073669648587944,6.418017389597176
H1,3538,2179119,2179124,17024.3671875,17024.40625,0.018364100861119535,19.53787976042791
H1,3539,2179710,2179714,17028.984375,17029.015625,0.007328968052606124,6.7146827570362495
H1,3540,2180611,2180616,17036.0234375,17036.0625,0.020388189357962692,21.88993895153204
H1,3541,2180721,2180726,17036.8828125,17036.921875,0.019593445431485976,20.966419668773828
H1,3542,2180806,2180810,17037.546875,17037.578125,0.014916096353264246,15.531182075856302
H1,3543,2180873,2180878,17038.0703125,17038.109375,0.006913859627083441,6.232312747484711
H1,3544,2181188,2181194,17040.53125,17040.578125,0.008640942820531577,8.239241745543206
H1,3545,2181295,2181303,17041.3671875,17041.4296875,0.00880422702350991,8.428983503858758
H1,3546,2181707,2181710,17044.5859375,17044.609375,0.009416292283917884,9.140224007198107
H1,3547,2181909,2181912,17046.1640625,17046.1875,0.007676940611775821,7.119038622564658
H1,3548,2182497,2182500,17050.7578125,17050.78125,0.010977831134171822,10.954784887680475
H1,3549,2182642,2182648,17051.890625,17051.9375,0.010544847839411706,10.4516436764027
H1,3550,2183395,2183405,17057.7734375,17057.8515625,0.008956817024381005,8.606298238159752
H1,3551,2183593,2183595,17059.3203125,17059.3359375,0.007253207946811011,6.626646955522466
H1,3552,2185304,2185310,17072.6875,17072.734375,0.009427522853288958,9.153274308087504
H1,3553,2185522,2185525,17074.390625,17074.4140625,0.00725946518018285,6.6339180720206175
H1,3554,2185780,2185784,17076.40625,17076.4375,0.017429696837884853,18.452070728618512
H1,3555,2186479,2186484,17081.8671875,17081.90625,0.0069798821217927,6.3090331160569
H1,3556,2186612,2186615,17082.90625,17082.9296875,0.006720921357238238,6.0081119619889645
H1,3557,2186811,2186814,17084.4609375,17084.484375,0.007531649287264286,6.95020519668529
H1,3558,2187225,2187230,17087.6953125,17087.734375,0.007023179572386567,6.359346215893944
H1,3559,2187305,2187318,17088.3203125,17088.421875,0.015788728855651298,16.54521051428515
H1,3560,2187763,2187769,17091.8984375,17091.9453125,0.022284337543371297,24.093327179932864
H1,3561,2188670,2188674,17098.984375,17099.015625,0.008893287126237746,8.532474350977541
H1,3562,2188984,2188987,17101.4375,17101.4609375,0.007169560048263899,6.529445272443326
H1,3563,2189949,2189953,17108.9765625,17109.0078125,0.007778248781635343,7.236762137333732
H1,3564,2190887,2190893,17116.3046875,17116.3515625,0.00724246545561471,6.6141638179555935
H1,3565,2191253,2191257,17119.1640625,17119.1953125,0.007207486509038061,6.573517100720126
H1,3566,2191504,2191511,17121.125,17121.1796875,0.014140910323017937,14.630389729029561
H1,3567,2192211,2192214,17126.6484375,17126.671875,0.006894889146924678,6.210268408866776
H1,3568,2195466,2195470,17152.078125,17152.109375,0.008375029212763658,7.930241152848935
H1,3569,2196485,2196487,17160.0390625,17160.0546875,0.007190182687640291,6.553409475869074
H1,3570,2196651,2196655,17161.3359375,17161.3671875,0.009598919257521602,9.352442718226849
H1,3571,2199127,2199131,17180.6796875,17180.7109375,0.008362342608795294,7.915498890584104
H1,3572,2199821,2199825,17186.1015625,17186.1328125,0.010137564290913587,9.97836643821644
H1,3573,2200734,2200739,17193.234375,17193.2734375,0.013679659639512095,14.094400857379428
H1,3574,2201192,2201196,17196.8125,17196.84375,0.010426595305048964,10.314230237833666
H1,3575,2202111,2202115,17203.9921875,17204.0234375,0.010286015410302926,10.150871652456807
H1,3576,2203201,2203205,17212.5078125,17212.5390625,0.011246933995641807,11.267491500884427
H1,3577,2204428,2204431,17222.09375,17222.1171875,0.00743676170135109,6.839942617298621
H1,3578,2205781,2205784,17232.6640625,17232.6875,0.00682106569209765,6.124483061182729
H1,3579,2206072,2206076,17234.9375,17234.96875,0.009368003402280773,9.084110695917575
H1,3580,2206261,2206265,17236.4140625,17236.4453125,0.008796746291687514,8.420290640840912
H1,3581,2206340,2206343,17237.03125,17237.0546875,0.008645021616616106,8.243981444343046
H1,3582,2206476,2206480,17238.09375,17238.125,0.010485407115481571,10.382571547756246
H1,3583,2206888,2206892,17241.3125,17241.34375,0.010583292214616163,10.496317338738573
H1,3584,2206976,2206989,17242.0,17242.1015625,0.020475263353722236,21.991121875278612
H1,3585,2207101,2207105,17242.9765625,17243.0078125,0.009429273950874933,9.155309142620695
H1,3586,2207352,2207355,17244.9375,17244.9609375,0.007448949971272732,6.854105798571361
H1,3587,2208018,2208021,17250.140625,17250.1640625,0.007474051839255183,6.883275016910424
H1,3588,2208175,2208180,17251.3671875,17251.40625,0.036881842706833645,41.056121168664326
H1,3589,2209036,2209040,17258.09375,17258.125,0.008508364827939846,8.085181640710903
H1,3590,2209908,2209911,17264.90625,17264.9296875,0.007374023199516479,6.767038359354194
H1,3591,2210385,2210388,17268.6328125,17268.65625,0.007806398304399924,7.269472833455412
H1,3592,2211192,2211196,17274.9375,17274.96875,0.008480623333943334,8.052945087797717
H1,3593,2212129,2212132,17282.2578125,17282.28125,0.006821588503913981,6.1250905861697715
H1,3594,2212654,2212659,17286.359375,17286.3984375,0.008965683377727388,8.616601240183854
H1,3595,2214525,2214529,17300.9765625,17301.0078125,0.009573912701383898,9.323384255470264
H1,3596,2214626,2214630,17301.765625,17301.796875,0.008137759561214269,7.6545258046479026
H1,3597,2214945,2214950,17304.2578125,17304.296875,0.007594308759377955,7.02301761942498
H1,3598,2215890,2215894,17311.640625,17311.671875,0.008103901723307149,7.61518185354865
H1,3599,2216167,2216171,17313.8046875,17313.8359375,0.007996853183451079,7.490787834979088
H1,3600,2216262,2216265,17314.546875,17314.5703125,0.00696213957077821,6.2884156725743905
H1,3601,2216503,2216506,17316.4296875,17316.453125,0.010324013451313296,10.195026659385498
H1,3602,2217133,2217137,17321.3515625,17321.3828125,0.00895377617819646,8.60276467219747
H1,3603,2217299,2217305,17322.6484375,17322.6953125,0.006798621358261244,6.098401987271947
H1,3604,2217876,2217881,17327.15625,17327.1953125,0.01995914704238903,21.39137729116417
H1,3605,2218158,2218166,17329.359375,17329.421875,0.008221224640600048,7.751515045687381
H1,3606,2218371,2218374,17331.0234375,17331.046875,0.006739982485732907,6.030261637034611
H1,3607,2219374,2219379,17338.859375,17338.8984375,0.011048852600092342,11.037314229626038
H1,3608,2219661,2219664,17341.1015625,17341.125,0.010914920039190347,10.881680070670555
H1,3609,2222384,2222404,17362.375,17362.53125,0.056031733618661886,63.30894114074347
H1,3610,2222675,2222679,17364.6484375,17364.6796875,0.007272274672896137,6.648803135157263
H1,3611,2224293,2224297,17377.2890625,17377.3203125,0.006784347202023619,6.08181493565522
H1,3612,2224612,2224616,17379.78125,17379.8125,0.007286058272183068,6.664820143030133
H1,3613,2224773,2224777,17381.0390625,17381.0703125,0.010773198192670159,10.716994498765995
H1,3614,2226312,2226318,17393.0625,17393.109375,0.018144156215290756,19.28229665397651
H1,3615,2226385,2226388,17393.6328125,17393.65625,0.007272255915978987,6.648781338986074
H1,3616,2226449,2226452,17394.1328125,17394.15625,0.007070352876763993,6.414163188723308
H1,3617,2226816,2226819,17397.0,17397.0234375,0.007560193730314899,6.983374803516639
H1,3618,2226887,2226890,17397.5546875,17397.578125,0.007912275470524562,7.392505676189271
H1,3619,2227335,2227340,17401.0546875,17401.09375,0.007975474640237627,7.465945245766195
H1,3620,2228318,2228325,17408.734375,17408.7890625,0.008081258413528865,7.588869562873566
H1,3621,2228468,2228476,17409.90625,17409.96875,0.00892819915726734,8.57304331008745
H1,3622,2228853,2228856,17412.9140625,17412.9375,0.007391754601458115,6.787642847237521
H1,3623,2230447,2230456,17425.3671875,17425.4375,0.007497234026089687,6.9102135009238586
H1,3624,2230522,2230527,17425.953125,17425.9921875,0.008180448072292183,7.704131296202227
H1,3625,2230597,2230606,17426.5390625,17426.609375,0.009214745049815622,8.906019314492632
H1,3626,2230959,2230963,17429.3671875,17429.3984375,0.007060992510998205,6.403286127584007
H1,3627,2231472,2231477,17433.375,17433.4140625,0.02010701914665265,21.563209670273878
H1,3628,2234010,2234015,17453.203125,17453.2421875,0.007145938901339677,6.501996701981021
H1,3629,2236357,2236362,17471.5390625,17471.578125,0.010636615087466678,10.558280317817669
H1,3630,2237820,2237823,17482.96875,17482.9921875,0.007331788400805334,6.717960096892887
H1,3631,2238708,2238712,17489.90625,17489.9375,0.007711564910088855,7.159273226540579
H1,3632,2239341,2239345,17494.8515625,17494.8828125,0.008685927988727346,8.291516030231472
H1,3633,2239675,2239679,17497.4609375,17497.4921875,0.011645940368426247,11.731150381353567
H1,3634,2240265,2240270,17502.0703125,17502.109375,0.007636573766913152,7.072130985560054
H1,3635,2240474,2240477,17503.703125,17503.7265625,0.006786270260173523,6.08404959417117
H1,3636,2241361,2241364,17510.6328125,17510.65625,0.009064605392796831,8.731551962501335
H1,3637,2242668,2242674,17520.84375,17520.890625,0.013886916317847905,14.335240117104359
H1,3638,2244460,2244462,17534.84375,17534.859375,0.0074854261514938365,6.896492351866449
H1,3639,2244638,2244641,17536.234375,17536.2578125,0.008986888283368664,8.641242056673768
H1,3640,2245044,2245048,17539.40625,17539.4375,0.010838684480529392,10.793091776869609
H1,3641,2246651,2246655,17551.9609375,17551.9921875,0.014439709550738608,14.97760452272624
H1,3642,2246859,2246862,17553.5859375,17553.609375,0.007224725883235543,6.593549835747924
H1,3643,2247892,2247897,17561.65625,17561.6953125,0.016173337821870838,16.992139122094844
H1,3644,2248620,2248633,17567.34375,17567.4453125,0.014850423618289374,15.4548681399076
H1,3645,2248793,2248796,17568.6953125,17568.71875,0.007457402748371047,6.863928211027857
H1,3646,2248893,2248897,17569.4765625,17569.5078125,0.01110913830201087,11.107368251231708
H1,3647,2249076,2249083,17570.90625,17570.9609375,0.01192181035932385,12.05172062749276
H1,3648,2249440,2249453,17573.75,17573.8515625,0.021902804051740245,23.64997237746031
H1,3649,2249949,2249952,17577.7265625,17577.75,0.007499869537063875,6.913276053682676
H1,3650,2250629,2250634,17583.0390625,17583.078125,0.01086820792028253,10.827399010932092
H1,3651,2250768,2250772,17584.125,17584.15625,0.007219226921298303,6.587159856265212
H1,3652,2251023,2251028,17586.1171875,17586.15625,0.010617228732915039,10.53575271911025
H1,3653,2251861,2251865,17592.6640625,17592.6953125,0.009119070110364098,8.794841803703822
H1,3654,2251946,2251951,17593.328125,17593.3671875,0.007770901435636792,7.228224273147917
H1,3655,2252941,2252944,17601.1015625,17601.125,0.00682233071822827,6.125953064269132
H1,3656,2253196,2253208,17603.09375,17603.1875,0.011017855600384313,11.001294669130719
H1,3657,2253688,2253694,17606.9375,17606.984375,0.022648918772129836,24.516982880433595
H1,3658,2254011,2254014,17609.4609375,17609.484375,0.007540926367958639,6.960985477758871
H1,3659,2254669,2254673,17614.6015625,17614.6328125,0.007089168984161257,6.436028140978883
H1,3660,2254838,2254843,17615.921875,17615.9609375,0.007211305399858416,6.577954780825441
H1,3661,2256179,2256190,17626.3984375,17626.484375,0.009864118772786016,9.660613511315624
H1,3662,2257357,2257361,17635.6015625,17635.6328125,0.010627742770653138,10.547970386043332
H1,3663,2258077,2258082,17641.2265625,17641.265625,0.00819176426901687,7.717281098968338
H1,3664,2258268,2258271,17642.71875,17642.7421875,0.006774703532620739,6.070608666121853
H1,3665,2258419,2258423,17643.8984375,17643.9296875,0.006853216270402178,6.161843118965981
H1,3666,2258843,2258849,17647.2109375,17647.2578125,0.009677700851621474,9.443989591192848
H1,3667,2259246,2259249,17650.359375,17650.3828125,0.009012287749018614,8.670757093552973
H1,3668,2260103,2260107,17657.0546875,17657.0859375,0.012387339871063979,12.592681642056261
H1,3669,2261480,2261491,17667.8125,17667.8984375,0.007778011503496497,7.236486412123004
H1,3670,2262537,2262541,17676.0703125,17676.1015625,0.00750334675549637,6.917316698934295
H1,3671,2264707,2264711,17693.0234375,17693.0546875,0.0070592974859738835,6.401316451261147
H1,3672,2264870,2264874,17694.296875,17694.328125,0.008726303983449432,8.33843429968173
H1,3673,2265179,2265185,17696.7109375,17696.7578125,0.008529342549235404,8.109558461318594
H1,3674,2266434,2266441,17706.515625,17706.5703125,0.010138941626828959,9.979966949065664
H1,3675,2268006,2268010,17718.796875,17718.828125,0.012083791334256617,12.23994799080658
H1,3676,2270043,2270047,17734.7109375,17734.7421875,0.009342775380448101,9.054794882544071
H1,3677,2270234,2270250,17736.203125,17736.328125,0.010780622707767105,10.725622036050309
H1,3678,2270348,2270351,17737.09375,17737.1171875,0.007365933553875852,6.75763791791525
H1,3679,2272856,2272860,17756.6875,17756.71875,0.009099069843209986,8.771600817819193
H1,3680,2273054,2273060,17758.234375,17758.28125,0.009727250112013086,9.501567505151781
H1,3681,2273345,2273349,17760.5078125,17760.5390625,0.012318642304771005,12.51285274996094
H1,3682,2273511,2273515,17761.8046875,17761.8359375,0.007275687239581151,6.652768652894883
H1,3683,2273626,2273629,17762.703125,17762.7265625,0.007553373512129263,6.975449479651661
H1,3684,2273844,2273848,17764.40625,17764.4375,0.010289976905360805,10.155475043502173
H1,3685,2275432,2275435,17776.8125,17776.8359375,0.008777738219005422,8.398202618441289
H1,3686,2275929,2275934,17780.6953125,17780.734375,0.01179248946873675,11.9014453851891
H1,3687,2276407,2276411,17784.4296875,17784.4609375,0.012793457403804663,13.064603930553549
H1,3688,2277244,2277248,17790.96875,17791.0,0.01065563910874667,10.580386873026669
H1,3689,2277459,2277463,17792.6484375,17792.6796875,0.012904534531132546,13.193679303819325
H1,3690,2280239,2280244,17814.3671875,17814.40625,0.017636982104470796,18.69294320885558
H1,3691,2281881,2281884,17827.1953125,17827.21875,0.00807193043597773,7.578030137933511
H1,3692,2282161,2282165,17829.3828125,17829.4140625,0.009420516550261509,9.145132747351857
H1,3693,2283533,2283536,17840.1015625,17840.125,0.007369533216201203,6.761820847105559
H1,3694,2284558,2284563,17848.109375,17848.1484375,0.010176988477564163,10.024178674543021
H1,3695,2286415,2286420,17862.6171875,17862.65625,0.008998193506388958,8.65437910762477
H1,3696,2286724,2286728,17865.03125,17865.0625,0.007403654171722322,6.801470549758319
H1,3697,2286817,2286822,17865.7578125,17865.796875,0.007848751419606339,7.318688583680023
H1,3698,2287344,2287348,17869.875,17869.90625,0.007223189726336409,6.591764769551845
H1,3699,2287415,2287419,17870.4296875,17870.4609375,0.011877410805818507,12.000126846852222
H1,3700,2288378,2288382,17877.953125,17877.984375,0.009095457189803619,8.767402792554007
H1,3701,2288936,2288942,17882.3125,17882.359375,0.024033016030697078,26.125350638796174
H1,3702,2289335,2289342,17885.4296875,17885.484375,0.009670305193901985,9.435395587155714
H1,3703,2289731,2289736,17888.5234375,17888.5625,0.027154518219916633,29.752641602435514
H1,3704,2290184,2290188,17892.0625,17892.09375,0.006948050252739379,6.27204340918704
H1,3705,2291745,2291750,17904.2578125,17904.296875,0.02384800240523142,25.910358557701553
H1,3706,2292424,2292427,17909.5625,17909.5859375,0.007320876185403476,6.7052797340672115
H1,3707,2293749,2293760,17919.9140625,17920.0,0.05895948912847157,66.71109191967122
H1,3708,2294046,2294050,17922.234375,17922.265625,0.010031607915173825,9.855241551234732
H1,3709,2294589,2294593,17926.4765625,17926.5078125,0.007267169933186685,6.642871255216966
H1,3710,2294942,2294951,17929.234375,17929.3046875,0.007981595453611642,7.473057837619683
H1,3711,2295869,2295873,17936.4765625,17936.5078125,0.008725938043195996,8.338009064748658
H1,3712,2296037,2296041,17937.7890625,17937.8203125,0.007629739125235912,7.064188901110718
H1,3713,2296200,2296204,17939.0625,17939.09375,0.007327493560934028,6.712969347916554
H1,3714,2297966,2297970,17952.859375,17952.890625,0.008413706404431828,7.9751853557783505
H1,3715,2298265,2298269,17955.1953125,17955.2265625,0.007945216013175218,7.4307836992215
H1,3716,2298469,2298473,17956.7890625,17956.8203125,0.007554067061604322,6.976255407564319
H1,3717,2298645,2298648,17958.1640625,17958.1875,0.0075671811320424075,6.991494400303418
H1,3718,2298729,2298732,17958.8203125,17958.84375,0.0068120867162379485,6.114049187994648
H1,3719,2299443,2299447,17964.3984375,17964.4296875,0.006992593310635541,6.323803946776157
H1,3720,2299593,2299598,17965.5703125,17965.609375,0.014095725189023842,14.57788307733037
H1,3721,2299766,2299775,17966.921875,17966.9921875,0.007969452649496275,7.4589474891493115
H1,3722,2299986,2299992,17968.640625,17968.6875,0.007403722386496839,6.8015498176300655
H1,3723,2300091,2300096,17969.4609375,17969.5,0.0084415949827514,8.007592825642282
H1,3724,2300631,2300635,17973.6796875,17973.7109375,0.015715957194744407,16.46064738665762
H1,3725,2302580,2302584,17988.90625,17988.9375,0.008053811396793351,7.556975202482783
H1,3726,2302838,2302846,17990.921875,17990.984375,0.011132441971837603,11.134447902584853
H1,3727,2306762,2306765,18021.578125,18021.6015625,0.00755829495345961,6.9811683606850625
H1,3728,2307555,2307558,18027.7734375,18027.796875,0.007187691359231952,6.5505144681211265
H1,3729,2308336,2308341,18033.875,18033.9140625,0.0070475561784065326,6.387672655338963
H1,3730,2310093,2310096,18047.6015625,18047.625,0.006995649541524886,6.327355390284992
H1,3731,2310898,2310902,18053.890625,18053.921875,0.0075915296557518015,7.019788207155153
H1,3732,2311759,2311764,18060.6171875,18060.65625,0.030471766323721738,33.60739592957901
H1,3733,2312749,2312752,18068.3515625,18068.375,0.008522905782495236,8.10207872098322
H1,3734,2314924,2314928,18085.34375,18085.375,0.01005561175350392,9.883134822034963
H1,3735,2315350,2315355,18088.671875,18088.7109375,0.015771733134927485,16.525460912822453
H1,3736,2316768,2316771,18099.75,18099.7734375,0.007913271372381766,7.393662947781064
H1,3737,2318254,2318257,18111.359375,18111.3828125,0.008289502276602868,7.830855964603606
H1,3738,2318387,2318390,18112.3984375,18112.421875,0.012221591464617711,12.400076396089581
H1,3739,2319419,2319422,18120.4609375,18120.484375,0.007817372234020091,7.282224910286985
H1,3740,2322354,2322357,18143.390625,18143.4140625,0.00718834486537228,6.551273864326481
H1,3741,2323377,2323381,18151.3828125,18151.4140625,0.007026141561625458,6.3627881474222105
H1,3742,2324498,2324507,18160.140625,18160.2109375,0.0077055788548111535,7.152317228146076
H1,3743,2327309,2327313,18182.1015625,18182.1328125,0.009102665547781108,8.775779147965427
H1,3744,2327540,2327545,18183.90625,18183.9453125,0.009328058789460645,9.037693706806076
H1,3745,2327997,2328005,18187.4765625,18187.5390625,0.009006597099274828,8.66414436636535
H1,3746,2328512,2328515,18191.5,18191.5234375,0.009039251502094982,8.702089885250988
H1,3747,2329225,2329230,18197.0703125,18197.109375,0.00933585478823043,9.046752920664021
H1,3748,2329926,2329932,18202.546875,18202.59375,0.03867865989456194,43.14408342314163
H1,3749,2330418,2330422,18206.390625,18206.421875,0.008070252292872714,7.576080078971022
H1,3750,2330596,2330601,18207.78125,18207.8203125,0.0232203550420007,25.181011124641422
H1,3751,2332152,2332156,18219.9375,18219.96875,0.007586723693818768,7.014203517081414
H1,3752,2332369,2332372,18221.6328125,18221.65625,0.008474304284661161,8.045602139124101
H1,3753,2333272,2333276,18228.6875,18228.71875,0.01212497300289946,12.287802480562078
H1,3754,2333491,2333494,18230.3984375,18230.421875,0.00955000334911654,9.29560078066593
H1,3755,2333847,2333851,18233.1796875,18233.2109375,0.007201974124785084,6.567111524053229
H1,3756,2333930,2333934,18233.828125,18233.859375,0.007452242988974489,6.857932396353011
H1,3757,2334148,2334153,18235.53125,18235.5703125,0.008854011236340551,8.486834440486685
H1,3758,2334798,2334802,18240.609375,18240.640625,0.006888700153107238,6.2030765890354305
H1,3759,2337567,2337572,18262.2421875,18262.28125,0.006831787726751501,6.136942427556412
H1,3760,2337647,2337652,18262.8671875,18262.90625,0.015223867863062518,15.888822964340196
H1,3761,2338185,2338191,18267.0703125,18267.1171875,0.013947804916972993,14.405994725625172
H1,3762,2339150,2339154,18274.609375,18274.640625,0.008562323252908254,8.147883152814936
H1,3763,2339719,2339723,18279.0546875,18279.0859375,0.008101917642991278,7.612876285214998
H1,3764,2340909,2340923,18288.3515625,18288.4609375,0.0084388059620027,8.004351889341132
H1,3765,2343480,2343483,18308.4375,18308.4609375,0.007748379949598857,7.202053545773365
H1,3766,2344020,2344028,18312.65625,18312.71875,0.013585861376204541,13.985404107649254
H1,3767,2344679,2344682,18317.8046875,18317.828125,0.007150925808936293,6.507791657026762
H1,3768,2345252,2345257,18322.28125,18322.3203125,0.007939613767421597,7.424273700456041
H1,3769,2346912,2346915,18335.25,18335.2734375,0.007084327516888617,6.4304021925014325
H1,3770,2348879,2348884,18350.6171875,18350.65625,0.0073905832711504225,6.786281721861667
H1,3771,2348956,2348959,18351.21875,18351.2421875,0.0078028596076438516,7.265360748315542
H1,3772,2349576,2349579,18356.0625,18356.0859375,0.010056848242124918,9.88457166357141
H1,3773,2349972,2349975,18359.15625,18359.1796875,0.008979126720723783,8.632222858755943
H1,3774,2350260,2350266,18361.40625,18361.453125,0.020928572422700964,22.517882322643032
H1,3775,2350377,2350381,18362.3203125,18362.3515625,0.010941223380620516,10.91224544173218
H1,3776,2350466,2350469,18363.015625,18363.0390625,0.008056330654568405,7.559902665098088
H1,3777,2350917,2350922,18366.5390625,18366.578125,0.011018203180897978,11.00169856942613
H1,3778,2351136,2351142,18368.25,18368.296875,0.01659391196003908,17.48086047432926
H1,3779,2354915,2354919,18397.7734375,18397.8046875,0.012689451833556947,12.943745945436447
H1,3780,2355356,2355362,18401.21875,18401.265625,0.0103339960528831,10.206626779543292
H1,3781,2355690,2355694,18403.828125,18403.859375,0.009752773745072066,9.531226828753676
H1,3782,2355763,2355766,18404.3984375,18404.421875,0.006750814214985645,6.0428484722368205
H1,3783,2357589,2357595,18418.6640625,18418.7109375,0.008002994056273482,7.497923736589052
H1,3784,2358973,2358978,18429.4765625,18429.515625,0.00803990164844676,7.540811605142267
H1,3785,2359290,2359296,18431.953125,18432.0,0.09384361259206747,107.24762149539355
H1,3786,2360172,2360175,18438.84375,18438.8671875,0.006830250433219499,6.135156040554554
H1,3787,2361013,2361017,18445.4140625,18445.4453125,0.007726796905304937,7.176973319398533
H1,3788,2361222,2361225,18447.046875,18447.0703125,0.00813832570750212,7.6551836857543485
H1,3789,2362015,2362020,18453.2421875,18453.28125,0.016389688112538017,17.243545466459448
H1,3790,2362944,2362947,18460.5,18460.5234375,0.007592673937016513,7.021117900629558
H1,3791,2363754,2363764,18466.828125,18466.90625,0.009901769517405982,9.70436494810973
H1,3792,2364870,2364873,18475.546875,18475.5703125,0.007604621549443006,7.035001429765419
H1,3793,2365376,2365379,18479.5,18479.5234375,0.008033942743162582,7.53388715595715
H1,3794,2367022,2367026,18492.359375,18492.390625,0.007727273157715314,7.177526740783447
H1,3795,2368245,2368248,18501.9140625,18501.9375,0.008037680562556286,7.538230628326743
H1,3796,2368400,2368404,18503.125,18503.15625,0.007498644764422997,6.911852826510798
H1,3797,2369132,2369137,18508.84375,18508.8828125,0.007123612574953867,6.476052756713197
H1,3798,2371896,2371900,18530.4375,18530.46875,0.008596768413776053,8.187909593029643
H1,3799,2372280,2372285,18533.4375,18533.4765625,0.013653002351666855,14.063424188629966
H1,3800,2373091,2373094,18539.7734375,18539.796875,0.006832478664306945,6.137745320330268
H1,3801,2373656,2373661,18544.1875,18544.2265625,0.011500069343461155,11.56164332396945
H1,3802,2374260,2374272,18548.90625,18549.0,0.01678479256677595,17.702670185801463
H1,3803,2375560,2375563,18559.0625,18559.0859375,0.010177909177459404,10.025248558915283
H1,3804,2375969,2375972,18562.2578125,18562.28125,0.006762496672473076,6.0564238823786445
H1,3805,2376190,2376196,18563.984375,18564.03125,0.011269769741364087,11.294027408625405
H1,3806,2377017,2377021,18570.4453125,18570.4765625,0.010201442380849203,10.052594936020547
H1,3807,2378293,2378297,18580.4140625,18580.4453125,0.007806342906615259,7.269408459358733
H1,3808,2379015,2379018,18586.0546875,18586.078125,0.010439646562764205,10.329396240067501
H1,3809,2379119,2379131,18586.8671875,18586.9609375,0.015723785683071288,16.46974435447815
H1,3810,2380168,2380172,18595.0625,18595.09375,0.01611039733668008,16.919000152669167
H1,3811,2380827,2380831,18600.2109375,18600.2421875,0.008191575543632007,7.71706179369747
H1,3812,2380891,2380896,18600.7109375,18600.75,0.01549713744367744,16.20637144590953
H1,3813,2381330,2381334,18604.140625,18604.171875,0.00762733553257956,7.061395845269602
H1,3814,2381667,2381671,18606.7734375,18606.8046875,0.022854196394385018,24.7555224101559
H1,3815,2382036,2382040,18609.65625,18609.6875,0.008549513794365653,8.132998129385783
H1,3816,2382252,2382263,18611.34375,18611.4296875,0.030956360659952303,34.17051091406007
H1,3817,2382646,2382653,18614.421875,18614.4765625,0.00820595368155929,7.733769675549263
H1,3818,2383052,2383055,18617.59375,18617.6171875,0.009362620088755935,9.07785510379577
H1,3819,2386119,2386123,18641.5546875,18641.5859375,0.006977785388974423,6.306596641710938
H1,3820,2386242,2386245,18642.515625,18642.5390625,0.007853951007456611,7.324730680363178
H1,3821,2386817,2386822,18647.0078125,18647.046875,0.008581792865142232,8.170507499761023
H1,3822,2387531,2387534,18652.5859375,18652.609375,0.007896785005075867,7.3745052321919315
H1,3823,2387942,2387946,18655.796875,18655.828125,0.006815673689650785,6.118217372240084
H1,3824,2388030,2388034,18656.484375,18656.515625,0.009100759450095069,8.773564198081278
H1,3825,2388159,2388163,18657.4921875,18657.5234375,0.013504208015284964,13.890520144653088
H1,3826,2388285,2388290,18658.4765625,18658.515625,0.018499736799895732,19.695493301999907
H1,3827,2388513,2388523,18660.2578125,18660.3359375,0.008165758155063237,7.687061116272451
H1,3828,2389111,2389114,18664.9296875,18664.953125,0.009149209576664902,8.829864881419217
H1,3829,2389383,2389387,18667.0546875,18667.0859375,0.008989883649925198,8.644722773772358
H1,3830,2391473,2391477,18683.3828125,18683.4140625,0.010104481951852793,9.939923642966864
H1,3831,2391687,2391694,18685.0546875,18685.109375,0.01046873771508683,10.36320114153646
H1,3832,2391899,2391903,18686.7109375,18686.7421875,0.0074025482031382485,6.800185376912715
H1,3833,2392550,2392555,18691.796875,18691.8359375,0.008735570392279847,8.349202179689001
H1,3834,2392810,2392813,18693.828125,18693.8515625,0.007376996418256923,6.770493339942508
H1,3835,2393374,2393379,18698.234375,18698.2734375,0.009093141070494831,8.764711383696923
H1,3836,2393836,2393839,18701.84375,18701.8671875,0.006762719777025272,6.056683137403011
H1,3837,2394104,2394108,18703.9375,18703.96875,0.011476430978575985,11.534174745655038
H1,3838,2394208,2394211,18704.75,18704.7734375,0.008291573124937241,7.833262360305098
H1,3839,2395155,2395159,18712.1484375,18712.1796875,0.00996175393946088,9.774068872338997
H1,3840,2396518,2396521,18722.796875,18722.8203125,0.007619585892928844,7.052390502273662
H1,3841,2398029,2398032,18734.6015625,18734.625,0.007297272558265962,6.6778515221887425
H1,3842,2400558,2400563,18754.359375,18754.3984375,0.01770903826770757,18.77667490402656
H1,3843,2403461,2403466,18777.0390625,18777.078125,0.007768960217241562,7.225968511813588
H1,3844,2403766,2403769,18779.421875,18779.4453125,0.007395151624819557,6.791590303108218
H1,3845,2404665,2404669,18786.4453125,18786.4765625,0.008411661591145004,7.9728092136813675
H1,3846,2404962,2404965,18788.765625,18788.7890625,0.009365618806125946,9.081339714652785
H1,3847,2405358,2405363,18791.859375,18791.8984375,0.007225674569669305,6.594652241423112
H1,3848,2406933,2406936,18804.1640625,18804.1875,0.0068099841594611524,6.111605946012199
H1,3849,2407417,2407420,18807.9453125,18807.96875,0.008292041151363257,7.833806222818376
H1,3850,2407644,2407648,18809.71875,18809.75,0.01480478771345941,15.401837677273639
H1,3851,2408786,2408790,18818.640625,18818.671875,0.00835400744816809,7.905813152439195
H1,3852,2409354,2409358,18823.078125,18823.109375,0.009884411644902252,9.684194514048132
H1,3853,2409543,2409547,18824.5546875,18824.5859375,0.007989205482492975,7.481900948186649
H1,3854,2409814,2409819,18826.671875,18826.7109375,0.010561801685244591,10.471344617827935
H1,3855,2409949,2409953,18827.7265625,18827.7578125,0.009507324683376589,9.246006729726815
H1,3856,2410039,2410045,18828.4296875,18828.4765625,0.024435054013483924,26.592532352472023
H1,3857,2410194,2410198,18829.640625,18829.671875,0.007637973479599933,7.073757498973365
H1,3858,2410550,2410555,18832.421875,18832.4609375,0.00683277376030564,6.138088231846772
H1,3859,2411022,2411025,18836.109375,18836.1328125,0.011011257651697255,10.993627629929602
H1,3860,2411938,2411941,18843.265625,18843.2890625,0.009019530434741171,8.679173338963482
H1,3861,2412284,2412287,18845.96875,18845.9921875,0.008088583909588607,7.597382036692566
H1,3862,2414207,2414210,18860.9921875,18861.015625,0.007349148636816396,6.738133277429824
H1,3863,2415034,2415037,18867.453125,18867.4765625,0.0069377303152509786,6.260051293299285
H1,3864,2415194,2415198,18868.703125,18868.734375,0.014039152914603658,14.512144183888118
H1,3865,2415770,2415774,18873.203125,18873.234375,0.007307132991810649,6.689309678975476
H1,3866,2416568,2416571,18879.4375,18879.4609375,0.00713243113342877,6.486300219482504
H1,3867,2417206,2417210,18884.421875,18884.453125,0.0069931925227932805,6.324500251540119
H1,3868,2417458,2417462,18886.390625,18886.421875,0.007704614050934306,7.151196093457701
H1,3869,2417593,2417597,18887.4453125,18887.4765625,0.007333266366780886,6.719677543270531
H1,3870,2417743,2417746,18888.6171875,18888.640625,0.006968490843962657,6.295796066510716
H1,3871,2418706,2418710,18896.140625,18896.171875,0.010100001115027278,9.934716759248229
H1,3872,2419967,2419971,18905.9921875,18906.0234375,0.008212564099074674,7.741451203949994
H1,3873,2422574,2422578,18926.359375,18926.390625,0.00993339950601868,9.741120063089655
H1,3874,2423031,2423044,18929.9296875,18930.03125,0.007414024363787277,6.813521063161233
H1,3875,2423380,2423384,18932.65625,18932.6875,0.010309905768510496,10.178633055522198
H1,3876,2424802,2424832,18943.765625,18944.0,0.2645095145636926,305.56716333682044
H1,3877,2425583,2425587,18949.8671875,18949.8984375,0.013775366877751147,14.205615900450145
H1,3878,2426278,2426281,18955.296875,18955.3203125,0.0073058888655431215,6.68786396223582
H1,3879,2427165,2427169,18962.2265625,18962.2578125,0.008986349155248468,8.640615571590597
H1,3880,2428532,2428536,18972.90625,18972.9375,0.0102479236175145,10.10660770279582
H1,3881,2429742,2429754,18982.359375,18982.453125,0.01901207110271097,20.29084306449
H1,3882,2429972,2429977,18984.15625,18984.1953125,0.02528387422105127,27.578890100128547
H1,3883,2430277,2430281,18986.5390625,18986.5703125,0.009218468838583103,8.910346482800708
H1,3884,2430729,2430734,18990.0703125,18990.109375,0.012963074248957191,13.261704432942308
H1,3885,2431520,2431524,18996.25,18996.28125,0.008556159738057208,8.14072094040302
H1,3886,2431775,2431779,18998.2421875,18998.2734375,0.012100196148297219,12.259010938747211
H1,3887,2432564,2432569,19004.40625,19004.4453125,0.00888803375938083,8.526369761272436
H1,3888,2433004,2433011,19007.84375,19007.8984375,0.008514172688698108,8.09193057105581
H1,3889,2434617,2434622,19020.4453125,19020.484375,0.008411296515267548,7.972384983182375
H1,3890,2434717,2434720,19021.2265625,19021.25,0.007028571780931644,6.365612144329672
H1,3891,2434805,2434808,19021.9140625,19021.9375,0.007513772465506239,6.929431726064157
H1,3892,2437418,2437437,19042.328125,19042.4765625,0.019137820261680198,20.436967834028724
H1,3893,2438253,2438257,19048.8515625,19048.8828125,0.009077509149548399,8.74654656363396
H1,3894,2438382,2438386,19049.859375,19049.890625,0.008188273537572338,7.713224751140369
H1,3895,2438657,2438661,19052.0078125,19052.0390625,0.007046974715578585,6.386996975895652
H1,3896,2438784,2438789,19053.0,19053.0390625,0.012039057157260334,12.187965366368623
H1,3897,2439251,2439254,19056.6484375,19056.671875,0.008405839843262373,7.966044146028946
H1,3898,2439442,2439446,19058.140625,19058.171875,0.0068837940873441575,6.197375574930458
H1,3899,2442311,2442314,19080.5546875,19080.578125,0.007685534432139011,7.129024932058273
H1,3900,2443986,2443990,19093.640625,19093.671875,0.01435039249179881,14.8738150838112
H1,3901,2444493,2444496,19097.6015625,19097.625,0.007704609040210235,7.151190270827106
H1,3902,2445664,2445677,19106.75,19106.8515625,0.010738548148964813,10.67672997777473
H1,3903,2445858,2445862,19108.265625,19108.296875,0.011608238525324725,11.68733956639819
H1,3904,2446380,2446385,19112.34375,19112.3828125,0.011812525600465106,11.924728046920219
H1,3905,2446609,2446613,19114.1328125,19114.1640625,0.009589223004877754,9.341175345191628
H1,3906,2447569,2447573,19121.6328125,19121.6640625,0.006987749557517592,6.3181753420692575
H1,3907,2447712,2447716,19122.75,19122.78125,0.008611867462565459,8.205455197649915
H1,3908,2448562,2448566,19129.390625,19129.421875,0.010165363123133266,10.01066962008138
H1,3909,2449193,2449197,19134.3203125,19134.3515625,0.0067924285868296375,6.091205777725362
H1,3910,2449348,2449352,19135.53125,19135.5625,0.013397014203395341,13.76595731507439
H1,3911,2449801,2449804,19139.0703125,19139.09375,0.009447755453037911,9.176785272293701
H1,3912,2450413,2450416,19143.8515625,19143.875,0.007052338401576718,6.3932297601685635
H1,3913,2451038,2451041,19148.734375,19148.7578125,0.00789567556312984,7.373216023182434
H1,3914,2451953,2451957,19155.8828125,19155.9140625,0.006933202077500041,6.254789328104479
H1,3915,2453258,2453263,19166.078125,19166.1171875,0.010724296531859837,10.660169117391336
H1,3916,2454114,2454119,19172.765625,19172.8046875,0.00845890198477363,8.027704146486373
H1,3917,2454710,2454714,19177.421875,19177.453125,0.009098820202915515,8.771310727366135
H1,3918,2456299,2456303,19189.8359375,19189.8671875,0.010387123086796998,10.268362187164142
H1,3919,2457395,2457399,19198.3984375,19198.4296875,0.008356122197366436,7.9082705624272505
H1,3920,2458433,2458440,19206.5078125,19206.5625,0.009675461405566623,9.441387279246255
H1,3921,2459843,2459847,19217.5234375,19217.5546875,0.008291019405869023,7.832618920047558
H1,3922,2460157,2460159,19219.9765625,19219.9921875,0.007035712078292432,6.373909411005932
H1,3923,2460993,2460996,19226.5078125,19226.53125,0.00796082348587233,7.448920109593085
H1,3924,2461890,2461895,19233.515625,19233.5546875,0.007613931833002023,7.0458202936890695
H1,3925,2462734,2462739,19240.109375,19240.1484375,0.01382415497332529,14.262309315185027
H1,3926,2467070,2467074,19273.984375,19274.015625,0.007744283388492725,7.197293203418463
H1,3927,2467450,2467454,19276.953125,19276.984375,0.00704970753109618,6.390172599820088
H1,3928,2468492,2468497,19285.09375,19285.1328125,0.006850724041506956,6.158947064821864
H1,3929,2469055,2469061,19289.4921875,19289.5390625,0.026161222659660126,28.598398615714327
H1,3930,2471443,2471448,19308.1484375,19308.1875,0.020424080032837664,21.93164512784116
H1,3931,2472546,2472550,19316.765625,19316.796875,0.0076405312517932675,7.0767297166434275
H1,3932,2473883,2473886,19327.2109375,19327.234375,0.006738849686595146,6.028945286179496
H1,3933,2473979,2473987,19327.9609375,19328.0234375,0.008274260199811282,7.81314415661444
H1,3934,2474064,2474067,19328.625,19328.6484375,0.007023160722947745,6.359324312209448
H1,3935,2474333,2474336,19330.7265625,19330.75,0.007253649395698891,6.6271599340388505
H1,3936,2474780,2474783,19334.21875,19334.2421875,0.007845648152325533,7.315082482295793
H1,3937,2475259,2475267,19337.9609375,19338.0234375,0.019555214986961184,20.921994601112615
H1,3938,2476324,2476328,19346.28125,19346.3125,0.008981350865797034,8.63480739044517
H1,3939,2476401,2476417,19346.8828125,19347.0078125,0.008840960693328395,8.471669268761973
H1,3940,2476477,2476481,19347.4765625,19347.5078125,0.008729766683838566,8.342458074476658
H1,3941,2476575,2476579,19348.2421875,19348.2734375,0.010902691414722878,10.867469996052707
H1,3942,2476972,2476976,19351.34375,19351.375,0.00923578827471666,8.930472252502089
H1,3943,2477060,2477072,19352.03125,19352.125,0.009506683058054825,9.245261139433875
H1,3944,2477140,2477143,19352.65625,19352.6796875,0.007311358934482233,6.694220367078927
H1,3945,2477393,2477396,19354.6328125,19354.65625,0.006791426646335606,6.090041489033637
H1,3946,2477469,2477472,19355.2265625,19355.25,0.006965797574494529,6.292666396431317
H1,3947,2477670,2477673,19356.796875,19356.8203125,0.008147925647686466,7.666339140458951
H1,3948,2477882,2477885,19358.453125,19358.4765625,0.007448038852747549,6.853047048074687
H1,3949,2477978,2477983,19359.203125,19359.2421875,0.01823676760949194,19.389914221721988
H1,3950,2478293,2478298,19361.6640625,19361.703125,0.011719417425073897,11.816533202654574
H1,3951,2478445,2478449,19362.8515625,19362.8828125,0.007899215855804663,7.37732996283379
H1,3952,2478977,2478981,19367.0078125,19367.0390625,0.011003085151672832,10.984130908898518
H1,3953,2479825,2479827,19373.6328125,19373.6484375,0.006730893963110184,6.019700466808272
H1,3954,2480018,2480020,19375.140625,19375.15625,0.00676341702539017,6.057493363550583
H1,3955,2481678,2481682,19388.109375,19388.140625,0.008121177816230564,7.635257256976051
H1,3956,2481938,2481943,19390.140625,19390.1796875,0.009401829782451358,9.123418092064577
H1,3957,2482379,2482383,19393.5859375,19393.6171875,0.007438114987338453,6.8415151813192825
H1,3958,2482603,2482607,19395.3359375,19395.3671875,0.008580387031045567,8.168873873062692
H1,3959,2482950,2482954,19398.046875,19398.078125,0.011805668955798484,11.916760394254135
H1,3960,2484447,2484451,19409.7421875,19409.7734375,0.00803622953227139,7.536544482131316
H1,3961,2484979,2484983,19413.8984375,19413.9296875,0.008747304336451005,8.362837419096131
H1,3962,2485715,2485718,19419.6484375,19419.671875,0.007780342667579431,7.239195303515742
H1,3963,2486727,2486733,19427.5546875,19427.6015625,0.008787256294924075,8.409262944104427
H1,3964,2490342,2490368,19455.796875,19456.0,0.21442278008199114,247.3646863335599
H1,3965,2493128,2493131,19477.5625,19477.5859375,0.007594060773957134,7.022729451990993
H1,3966,2493238,2493242,19478.421875,19478.453125,0.008368560083156625,7.9227238057693
H1,3967,2494095,2494103,19485.1171875,19485.1796875,0.010018803550705568,9.840362447292003
H1,3968,2494436,2494440,19487.78125,19487.8125,0.009852577111110006,9.647201710661646
H1,3969,2494820,2494824,19490.78125,19490.8125,0.008198340871345236,7.724923332979744
H1,3970,2496459,2496462,19503.5859375,19503.609375,0.006951764327641976,6.276359289656064
H1,3971,2497254,2497257,19509.796875,19509.8203125,0.006881909138129101,6.195185200283819
H1,3972,2498273,2498279,19517.7578125,19517.8046875,0.009462892537102953,9.194375075188795
H1,3973,2498589,2498593,19520.2265625,19520.2578125,0.008542325377506784,8.124644946227654
H1,3974,2498665,2498668,19520.8203125,19520.84375,0.008008689640262946,7.504542197536792
H1,3975,2499129,2499133,19524.4453125,19524.4765625,0.013318498866626904,13.674719842119595
H1,3976,2499468,2499471,19527.09375,19527.1171875,0.007506455673587884,6.920929366751409
H1,3977,2500085,2500090,19531.9140625,19531.953125,0.009511964647036774,9.25139852420139
H1,3978,2500321,2500326,19533.7578125,19533.796875,0.008965743839030826,8.616671498260356
H1,3979,2500694,2500699,19536.671875,19536.7109375,0.007761740820352799,7.2175793288144625
H1,3980,2500760,2500765,19537.1875,19537.2265625,0.007143295866480923,6.4989254062142425
H1,3981,2501089,2501094,19539.7578125,19539.796875,0.007024661422673908,6.36106817597307
H1,3982,2502739,2502743,19552.6484375,19552.6796875,0.008716232469396576,8.326730860215866
H1,3983,2503178,2503183,19556.078125,19556.1171875,0.009435693580623348,9.1627689691929
H1,3984,2504647,2504650,19567.5546875,19567.578125,0.007783505371872766,7.242870472715846
H1,3985,2504884,2504888,19569.40625,19569.4375,0.00818090145437918,7.704658141498993
H1,3986,2505638,2505643,19575.296875,19575.3359375,0.014651742258570712,15.223993690022537
H1,3987,2506927,2506930,19585.3671875,19585.390625,0.008324743807697604,7.871807813917128
H1,3988,2508007,2508011,19593.8046875,19593.8359375,0.007952887678118106,7.439698432973573
H1,3989,2508196,2508200,19595.28125,19595.3125,0.011196136426546136,11.208463010053338
H1,3990,2508591,2508595,19598.3671875,19598.3984375,0.0074268184607849475,6.828388235956385
H1,3991,2509497,2509502,19605.4453125,19605.484375,0.014505492579657935,15.054046623963261
H1,3992,2509704,2509708,19607.0625,19607.09375,0.011740037059376316,11.840493914082879
H1,3993,2509905,2509908,19608.6328125,19608.65625,0.007694975062844845,7.139995263768625
H1,3994,2510032,2510036,19609.625,19609.65625,0.007919336279774274,7.400710574995978
H1,3995,2510589,2510594,19613.9765625,19614.015625,0.009274149138321463,8.9750488715388
H1,3996,2511068,2511074,19617.71875,19617.765625,0.0077239705705141265,7.173689022920276
H1,3997,2513607,2513612,19637.5546875,19637.59375,0.00792713523618016,7.409773225726959
H1,3998,2514850,2514854,19647.265625,19647.296875,0.008040390599839251,7.541379783173269
H1,3999,2515221,2515226,19650.1640625,19650.203125,0.019121384952005955,20.417869449131903
H1,4000,2515745,2515749,19654.2578125,19654.2890625,0.009131545974965228,8.809339179706809
H1,4001,2516345,2516348,19658.9453125,19658.96875,0.009812271636442329,9.600365387896224
H1,4002,2516538,2516542,19660.453125,19660.484375,0.009027500981153113,8.688435383076458
H1,4003,2516962,2516965,19663.765625,19663.7890625,0.007034434412889984,6.3724247206588105
H1,4004,2517837,2517842,19670.6015625,19670.640625,0.009214356345791527,8.905567627289273
H1,4005,2517951,2517954,19671.4921875,19671.515625,0.006887804494931949,6.202035803987464
H1,4006,2518103,2518115,19672.6796875,19672.7734375,0.018594659169899257,19.805796301674274
H1,4007,2518863,2518869,19678.6171875,19678.6640625,0.014588260747246737,15.15022602995846
H1,4008,2519382,2519386,19682.671875,19682.703125,0.007333599151005004,6.720064249777787
H1,4009,2519453,2519458,19683.2265625,19683.265625,0.00882655242935193,8.454926379423611
H1,4010,2519536,2519539,19683.875,19683.8984375,0.009116050761720274,8.791333218609873
H1,4011,2522270,2522275,19705.234375,19705.2734375,0.01044157388751129,10.331635856513467
H1,4012,2523438,2523444,19714.359375,19714.40625,0.030471215316199885,33.60675564022993
H1,4013,2524161,2524164,19720.0078125,19720.03125,0.007919482078711888,7.400879998285426
H1,4014,2524326,2524329,19721.296875,19721.3203125,0.007405215847883507,6.8032852701987405
H1,4015,2525072,2525082,19727.125,19727.203125,0.009391326093862873,9.111212451192861
H1,4016,2526344,2526348,19737.0625,19737.09375,0.011597262921266352,11.674585543812874
H1,4017,2526661,2526665,19739.5390625,19739.5703125,0.006729385543546505,6.01794763233274
H1,4018,2527305,2527309,19744.5703125,19744.6015625,0.011650115987365074,11.736002591580014
H1,4019,2528018,2528021,19750.140625,19750.1640625,0.006925313918078874,6.245623020457168
H1,4020,2528722,2528730,19755.640625,19755.703125,0.010883755924934338,10.84546631742667
H1,4021,2529657,2529660,19762.9453125,19762.96875,0.007404059793163297,6.801941895571431
H1,4022,2530325,2530330,19768.1640625,19768.203125,0.010331392563733364,10.203601437225933
H1,4023,2530790,2530793,19771.796875,19771.8203125,0.009749698468166711,9.527653253131014
H1,4024,2530975,2530980,19773.2421875,19773.28125,0.009379175907168334,9.097093523916167
H1,4025,2531383,2531386,19776.4296875,19776.453125,0.007058470500531224,6.400355466247719
H1,4026,2531945,2531948,19780.8203125,19780.84375,0.008255675606335729,7.791548231354609
H1,4027,2532384,2532389,19784.25,19784.2890625,0.01307775008123311,13.394961622893616
H1,4028,2533007,2533010,19789.1171875,19789.140625,0.007120281312992178,6.472181717809915
H1,4029,2533751,2533763,19794.9296875,19795.0234375,0.008153737094024078,7.673092237368157
H1,4030,2534167,2534170,19798.1796875,19798.203125,0.008873316526652972,8.509267839810422
H1,4031,2534375,2534379,19799.8046875,19799.8359375,0.007228105863282536,6.597477486711642
H1,4032,2534964,2534968,19804.40625,19804.4375,0.008555836458161145,8.140345278245944
H1,4033,2535687,2535691,19810.0546875,19810.0859375,0.012868136805935093,13.151383917911312
H1,4034,2537921,2537933,19827.5078125,19827.6015625,0.00901373282588945,8.672436321680204
H1,4035,2538045,2538048,19828.4765625,19828.5,0.0067315405512976415,6.020451824118755
H1,4036,2538132,2538137,19829.15625,19829.1953125,0.008849822911104123,8.481967465113307
H1,4037,2539073,2539077,19836.5078125,19836.5390625,0.008033698507526572,7.533603345899749
H1,4038,2539667,2539670,19841.1484375,19841.171875,0.00810368662333495,7.614931900116572
H1,4039,2540100,2540107,19844.53125,19844.5859375,0.009996341516330158,9.814260804757115
H1,4040,2540462,2540466,19847.359375,19847.390625,0.011523252915808831,11.588583417995983
H1,4041,2541519,2541526,19855.6171875,19855.671875,0.008075112149393476,7.581727396375835
H1,4042,2542200,2542204,19860.9375,19860.96875,0.009445937160166734,9.174672354569777
H1,4043,2542344,2542347,19862.0625,19862.0859375,0.007207230946091333,6.573220127945123
H1,4044,2542567,2542570,19863.8046875,19863.828125,0.00683584758228567,6.1416601167970715
H1,4045,2543344,2543348,19869.875,19869.90625,0.015826764377668088,16.589409075409115
H1,4046,2544178,2544182,19876.390625,19876.421875,0.010920263648475564,10.887889525125026
H1,4047,2544611,2544614,19879.7734375,19879.796875,0.007155988429456997,6.513674593047281
H1,4048,2545129,2545132,19883.8203125,19883.84375,0.00736427481001887,6.755710401534131
H1,4049,2545736,2545740,19888.5625,19888.59375,0.007606869594828485,7.0376137344246175
H1,4050,2546018,2546021,19890.765625,19890.7890625,0.010763441381156078,10.705656754278362
H1,4051,2546392,2546395,19893.6875,19893.7109375,0.0068965378499453635,6.212184257457021
H1,4052,2546518,2546522,19894.671875,19894.703125,0.007513302868477744,6.928886038457757
H1,4053,2548080,2548084,19906.875,19906.90625,0.010943553000265473,10.91495253843583
H1,4054,2549908,2549912,19921.15625,19921.1875,0.009755881569921503,9.534838226186574
H1,4055,2552167,2552174,19938.8046875,19938.859375,0.013209536475378859,13.548101863597726
H1,4056,2552825,2552829,19943.9453125,19943.9765625,0.010106676763997298,9.942474088802252
H1,4057,2552923,2552927,19944.7109375,19944.7421875,0.007435201326666864,6.8381294092183795
H1,4058,2553347,2553351,19948.0234375,19948.0546875,0.007105872652525293,6.455438367736293
H1,4059,2554951,2554955,19960.5546875,19960.5859375,0.01032352831040947,10.194462909271012
H1,4060,2555399,2555402,19964.0546875,19964.078125,0.0076268526830305435,7.06083475778679
H1,4061,2555885,2555904,19967.8515625,19968.0,0.11199136513271908,128.3359228358218
H1,4062,2555982,2555985,19968.609375,19968.6328125,0.008530963525950534,8.111442091005406
H1,4063,2556187,2556192,19970.2109375,19970.25,0.011532699299849881,11.599560435276159
H1,4064,2556876,2556879,19975.59375,19975.6171875,0.007884113519040606,7.359780537475931
H1,4065,2557602,2557606,19981.265625,19981.296875,0.0088864104375636,8.524483406497785
H1,4066,2558138,2558143,19985.453125,19985.4921875,0.013327800240705956,13.685528352926633
H1,4067,2558632,2558635,19989.3125,19989.3359375,0.006948276265047774,6.2723060431223105
H1,4068,2558901,2558905,19991.4140625,19991.4453125,0.007636906406099796,7.072517523528865
H1,4069,2559653,2559656,19997.2890625,19997.3125,0.006755538452496485,6.048338195771962
H1,4070,2559979,2559984,19999.8359375,19999.875,0.018470930327141557,19.66201920780372
H1,4071,2560317,2560321,20002.4765625,20002.5078125,0.008605142847642615,8.197640968005027
H1,4072,2560732,2560735,20005.71875,20005.7421875,0.00783472673789451,7.302391429887556
H1,4073,2561670,2561675,20013.046875,20013.0859375,0.0072629307884504776,6.637945225868561
H1,4074,2561818,2561822,20014.203125,20014.234375,0.011483167188792168,11.542002449422384
H1,4075,2561897,2561900,20014.8203125,20014.84375,0.007736671292888738,7.1884476912499755
H1,4076,2562011,2562015,20015.7109375,20015.7421875,0.011088516122841953,11.083404582582586
H1,4077,2562119,2562123,20016.5546875,20016.5859375,0.007836570014849992,7.304533379961209
H1,4078,2562458,2562463,20019.203125,20019.2421875,0.015562691628323994,16.28254762237303
H1,4079,2562741,2562744,20021.4140625,20021.4375,0.008334788537088649,7.883480128701392
H1,4080,2563548,2563551,20027.71875,20027.7421875,0.007429090623115634,6.831028565320397
H1,4081,2563807,2563811,20029.7421875,20029.7734375,0.00733983580262984,6.727311449590832
H1,4082,2565505,2565509,20043.0078125,20043.0390625,0.007186404291080293,6.549018851461871
H1,4083,2565678,2565682,20044.359375,20044.390625,0.010005959979737784,9.825437784072736
H1,4084,2566061,2566066,20047.3515625,20047.390625,0.014310419167711499,14.827364731237594
H1,4085,2567487,2567491,20058.4921875,20058.5234375,0.010776383255995165,10.720695649916014
H1,4086,2568180,2568186,20063.90625,20063.953125,0.01628526979998955,17.122207860849688
H1,4087,2568614,2568618,20067.296875,20067.328125,0.008885039726319582,8.522890593740403
H1,4088,2569176,2569180,20071.6875,20071.71875,0.006914595992407957,6.233168428860422
H1,4089,2569632,2569635,20075.25,20075.2734375,0.008500111556689892,8.075591060787936
H1,4090,2570403,2570407,20081.2734375,20081.3046875,0.013620950434263339,14.026178778145677
H1,4091,2570469,2570475,20081.7890625,20081.8359375,0.01780402324598717,18.88705065663214
H1,4092,2570597,2570601,20082.7890625,20082.8203125,0.006756472144136778,6.049423176990736
H1,4093,2570885,2570889,20085.0390625,20085.0703125,0.007032297381508433,6.369941418021354
H1,4094,2571140,2571145,20087.03125,20087.0703125,0.007534955203215812,6.954046782668775
H1,4095,2571768,2571772,20091.9375,20091.96875,0.00822279837456819,7.753343777706705
H1,4096,2573938,2573941,20108.890625,20108.9140625,0.007644026917927708,7.0807917987477245
H1,4097,2574380,2574383,20112.34375,20112.3671875,0.007547698862496711,6.96885534513365
H1,4098,2574534,2574538,20113.546875,20113.578125,0.0087447741147344,8.359897216010468
H1,4099,2575670,2575673,20122.421875,20122.4453125,0.006926931722326159,6.2475029636292
H1,4100,2575734,2575738,20122.921875,20122.953125,0.010178882468672755,10.026379556175312
H1,4101,2575893,2575897,20124.1640625,20124.1953125,0.009493654553702718,9.230121577376432
H1,4102,2577134,2577138,20133.859375,20133.890625,0.012214261754057026,12.391559024878154
H1,4103,2578899,2578903,20147.6484375,20147.6796875,0.009758624447860194,9.538025542984153
H1,4104,2581843,2581847,20170.6484375,20170.6796875,0.011846138054754322,11.96378685396834
H1,4105,2582482,2582486,20175.640625,20175.671875,0.009682473491535984,9.449535559955706
H1,4106,2582641,2582645,20176.8828125,20176.9140625,0.010349196847396635,10.22429061613117
H1,4107,2583249,2583259,20181.6328125,20181.7109375,0.0095867314288745,9.338280049730027
H1,4108,2584763,2584768,20193.4609375,20193.5,0.011127498101482116,11.12870295826676
H1,4109,2584837,2584841,20194.0390625,20194.0703125,0.00834874425615997,7.8996971455765745
H1,4110,2585061,2585066,20195.7890625,20195.828125,0.007910687883070398,7.390660845951328
H1,4111,2585128,2585133,20196.3125,20196.3515625,0.009722532334592256,9.496085288459401
H1,4112,2585832,2585836,20201.8125,20201.84375,0.008937977764196536,8.584406381583525
H1,4113,2585895,2585900,20202.3046875,20202.34375,0.009779576383742465,9.562372400070776
H1,4114,2586854,2586858,20209.796875,20209.828125,0.008098845322133974,7.609306144620002
H1,4115,2587554,2587557,20215.265625,20215.2890625,0.00692637963491419,6.246861419411327
H1,4116,2588004,2588008,20218.78125,20218.8125,0.008717091530464925,8.327729118189607
H1,4117,2589168,2589174,20227.875,20227.921875,0.034699563664404506,38.5202392211582
H1,4118,2590183,2590188,20235.8046875,20235.84375,0.006722295420405478,6.009708669794334
H1,4119,2591095,2591101,20242.9296875,20242.9765625,0.008149927285874556,7.66866511163309
H1,4120,2592288,2592293,20252.25,20252.2890625,0.013154847225510974,13.484551108278989
H1,4121,2592535,2592546,20254.1796875,20254.265625,0.008891891581631312,8.530852681014355
H1,4122,2592620,2592625,20254.84375,20254.8828125,0.007890015226441916,7.366638520789461
H1,4123,2593653,2593676,20262.9140625,20263.09375,0.010621352382633013,10.540544539346955
H1,4124,2594209,2594214,20267.2578125,20267.296875,0.009828796318266693,9.619567626249777
H1,4125,2594590,2594596,20270.234375,20270.28125,0.008140335597897987,7.657519246272619
H1,4126,2594848,2594854,20272.25,20272.296875,0.02996202814894466,33.01506295554603
H1,4127,2595000,2595004,20273.4375,20273.46875,0.009373184638579234,9.090131467477754
H1,4128,2595217,2595220,20275.1328125,20275.15625,0.007538389144821026,6.958037138785544
H1,4129,2595495,2595498,20277.3046875,20277.328125,0.007228461311533094,6.597890529583032
H1,4130,2596284,2596288,20283.46875,20283.5,0.007655423966782728,7.094035554419833
H1,4131,2596713,2596718,20286.8203125,20286.859375,0.02296428391342573,24.88344782517081
H1,4132,2597579,2597584,20293.5859375,20293.625,0.012986822428856005,13.28930062001126
H1,4133,2599294,2599296,20306.984375,20307.0,0.007223956469692441,6.592655751226108
H1,4134,2600240,2600246,20314.375,20314.421875,0.013234477826283024,13.57708455567082
H1,4135,2600458,2600461,20316.078125,20316.1015625,0.006792863966354199,6.0917117034365935
H1,4136,2602320,2602323,20330.625,20330.6484375,0.006772233874576915,6.067738840069326
H1,4137,2604683,2604687,20349.0859375,20349.1171875,0.008365993817935275,7.919741718913858
H1,4138,2605195,2605199,20353.0859375,20353.1171875,0.00923345682667682,8.927763031141835
H1,4139,2605896,2605899,20358.5625,20358.5859375,0.006889547616079715,6.204061369630075
H1,4140,2606424,2606428,20362.6875,20362.71875,0.007836276651639593,7.304192482003225
H1,4141,2606795,2606799,20365.5859375,20365.6171875,0.007893140966763114,7.37027073660559
H1,4142,2607259,2607264,20369.2109375,20369.25,0.011190849538124211,11.202319467157597
H1,4143,2607636,2607639,20372.15625,20372.1796875,0.00713446534072978,6.488664037065783
H1,4144,2607719,2607730,20372.8046875,20372.890625,0.03481196564090781,38.650854113908785
H1,4145,2608227,2608232,20376.7734375,20376.8125,0.009137802923256163,8.816609964931324
H1,4146,2608725,2608729,20380.6640625,20380.6953125,0.007836983292703666,7.3050136227844495
H1,4147,2609138,2609141,20383.890625,20383.9140625,0.007755416733401694,7.210230526199414
H1,4148,2609293,2609296,20385.1015625,20385.125,0.0067580973531261275,6.051311724723122
H1,4149,2609396,2609399,20385.90625,20385.9296875,0.006952353948486533,6.277044448990188
H1,4150,2610150,2610154,20391.796875,20391.828125,0.0068352590376209435,6.140976208020253
H1,4151,2611117,2611122,20399.3515625,20399.390625,0.008170211907556981,7.692236527082874
H1,4152,2611587,2611593,20403.0234375,20403.0703125,0.01712871796327528,18.102323111625616
H1,4153,2611954,2611958,20405.890625,20405.921875,0.008801009397626049,8.425244513915642
H1,4154,2612013,2612022,20406.3515625,20406.421875,0.012418363794222682,12.628732488510527
H1,4155,2612281,2612285,20408.4453125,20408.4765625,0.00923461344680156,8.929107062788304
H1,4156,2612595,2612598,20410.8984375,20410.921875,0.007398147893101372,6.795072068042038
H1,4157,2612824,2612828,20412.6875,20412.71875,0.010041815618904616,9.86710324770577
H1,4158,2612989,2612993,20413.9765625,20414.0078125,0.006892167688888006,6.207105982718739
H1,4159,2613203,2613208,20415.6484375,20415.6875,0.00860986949906901,8.203133496591565
H1,4160,2613408,2613411,20417.25,20417.2734375,0.007586242615434474,7.013644487751825
H1,4161,2613899,2613909,20421.0859375,20421.1640625,0.008546320916286957,8.129287897228055
H1,4162,2618295,2618299,20455.4296875,20455.4609375,0.008680121197995355,8.284768343293228
H1,4163,2618947,2618951,20460.5234375,20460.5546875,0.007851647582543907,7.322054022823059
H1,4164,2621042,2621047,20476.890625,20476.9296875,0.01326244024175776,13.60957782680269
H1,4165,2621133,2621136,20477.6015625,20477.625,0.007838436951029896,7.306702822852662
H1,4166,2621346,2621350,20479.265625,20479.296875,0.010642417666546354,10.565023110673687
H1,4167,2621410,2621440,20479.765625,20480.0,0.27605023970784526,318.9778757091532
H1,4168,2621950,2621955,20483.984375,20484.0234375,0.012761570066339815,13.02754976751621
H1,4169,2622893,2622897,20491.3515625,20491.3828125,0.009354419859915046,9.068326160943492
H1,4170,2623586,2623589,20496.765625,20496.7890625,0.007116962340169188,6.46832495930083
H1,4171,2623723,2623727,20497.8359375,20497.8671875,0.009735300257512269,9.510922046092363
H1,4172,2624112,2624115,20500.875,20500.8984375,0.008186540083861346,7.711210419385778
H1,4173,2624531,2624538,20504.1484375,20504.203125,0.007878575993290015,7.353345745539725
H1,4174,2625319,2625323,20510.3046875,20510.3359375,0.010670446759803392,10.597593863640443
H1,4175,2626270,2626274,20517.734375,20517.765625,0.011011177013430042,10.993533925539774
H1,4176,2626503,2626507,20519.5546875,20519.5859375,0.007168675124874087,6.528416961578619
H1,4177,2626623,2626627,20520.4921875,20520.5234375,0.013319413889730172,13.675783129867868
H1,4178,2627952,2627955,20530.875,20530.8984375,0.007238571648678586,6.609639082793678
H1,4179,2628068,2628073,20531.78125,20531.8203125,0.00872116893638791,8.332467201574783
H1,4180,2628854,2628859,20537.921875,20537.9609375,0.012683070753071178,12.936330914409329
H1,4181,2630239,2630243,20548.7421875,20548.7734375,0.007146505527602883,6.502655140835041
H1,4182,2630317,2630321,20549.3515625,20549.3828125,0.007011981669873974,6.346333874997333
H1,4183,2631516,2631521,20558.71875,20558.7578125,0.013301137547553408,13.654545403027532
H1,4184,2632098,2632103,20563.265625,20563.3046875,0.010704169728724266,10.636781092422865
H1,4185,2632563,2632566,20566.8984375,20566.921875,0.00746797311558126,6.876211334709901
H1,4186,2633915,2633917,20577.4609375,20577.4765625,0.006752849731395147,6.045213811048378
H1,4187,2634064,2634077,20578.625,20578.7265625,0.008898829052779937,8.53891425678221
H1,4188,2634175,2634180,20579.4921875,20579.53125,0.012434861165720401,12.64790299134219
H1,4189,2635031,2635034,20586.1796875,20586.203125,0.008129730607660247,7.645195889463295
H1,4190,2635223,2635227,20587.6796875,20587.7109375,0.00698970292376893,6.320445219622646
H1,4191,2635327,2635331,20588.4921875,20588.5234375,0.007666979412764756,7.107463372902929
H1,4192,2637104,2637108,20602.375,20602.40625,0.010338435120550223,10.211785126089241
H1,4193,2637198,2637202,20603.109375,20603.140625,0.007165914113748549,6.5252085734055285
H1,4194,2637583,2637587,20606.1171875,20606.1484375,0.007678129141513543,7.120419734259068
H1,4195,2638623,2638627,20614.2421875,20614.2734375,0.01011610078051923,9.953425114269814
H1,4196,2639153,2639158,20618.3828125,20618.421875,0.007470287913156792,6.8789012076683065
H1,4197,2639398,2639401,20620.296875,20620.3203125,0.007385941640266149,6.780887990016398
H1,4198,2640376,2640379,20627.9375,20627.9609375,0.006944971494929187,6.2684657886354
H1,4199,2641622,2641626,20637.671875,20637.703125,0.008288066553982544,7.8291876064313835
H1,4200,2643757,2643762,20654.3515625,20654.390625,0.02252384941003223,24.37164805781788
H1,4201,2643910,2643914,20655.546875,20655.578125,0.007953486985658235,7.440394848575093
H1,4202,2643990,2643993,20656.171875,20656.1953125,0.00674811890971102,6.039716436481515
H1,4203,2644345,2644350,20658.9453125,20658.984375,0.030091606774997132,33.165637695164726
H1,4204,2644838,2644841,20662.796875,20662.8203125,0.0071500251381105585,6.506745047109692
H1,4205,2645656,2645659,20669.1875,20669.2109375,0.0078607299310503,7.332608018517708
H1,4206,2645997,2646002,20671.8515625,20671.890625,0.010099228560187905,9.933819024434058
H1,4207,2646764,2646768,20677.84375,20677.875,0.014976072822029746,15.60087675809469
H1,4208,2647641,2647647,20684.6953125,20684.7421875,0.008820115279960345,8.447446194434365
H1,4209,2648239,2648243,20689.3671875,20689.3984375,0.00810623593621058,7.61789428777377
H1,4210,2648332,2648336,20690.09375,20690.125,0.009684425401828631,9.451803745635923
H1,4211,2648736,2648741,20693.25,20693.2890625,0.015041121175187019,15.676465141284641
H1,4212,2649334,2649339,20697.921875,20697.9609375,0.009899516345244901,9.701746685964137
H1,4213,2649737,2649740,20701.0703125,20701.09375,0.009364217298162458,9.079711115067306
H1,4214,2650142,2650147,20704.234375,20704.2734375,0.008813078719610862,8.439269473668663
H1,4215,2650219,2650222,20704.8359375,20704.859375,0.00746429940873517,6.871942363285854
H1,4216,2650483,2650487,20706.8984375,20706.9296875,0.010293258604975658,10.159288489284608
H1,4217,2650593,2650598,20707.7578125,20707.796875,0.010339664189886376,10.213213346166137
H1,4218,2651655,2651659,20716.0546875,20716.0859375,0.008433353073352662,7.998015448574144
H1,4219,2651848,2651851,20717.5625,20717.5859375,0.0074398305715652245,6.843508748129716
H1,4220,2652835,2652841,20725.2734375,20725.3203125,0.007249728122896502,6.622603282612754
H1,4221,2652942,2652944,20726.109375,20726.125,0.006733813855346511,6.023093480197853
H1,4222,2654636,2654640,20739.34375,20739.375,0.011755234377516362,11.85815371100736
H1,4223,2654897,2654901,20741.3828125,20741.4140625,0.0077004832537883395,7.146395967668283
H1,4224,2655761,2655764,20748.1328125,20748.15625,0.007978786849256566,7.469794144506543
H1,4225,2655826,2655829,20748.640625,20748.6640625,0.009390065267154751,9.109747327977225
H1,4226,2656790,2656793,20756.171875,20756.1953125,0.007697488052967845,7.142915443160569
H1,4227,2656854,2656858,20756.671875,20756.703125,0.006935976951474866,6.25801382537662
H1,4228,2658183,2658188,20767.0546875,20767.09375,0.012507525877033677,12.732341839930026
H1,4229,2658278,2658281,20767.796875,20767.8203125,0.008982702182464157,8.636377666049203
H1,4230,2658473,2658483,20769.3203125,20769.3984375,0.009316473831863471,9.024231594829509
H1,4231,2659751,2659757,20779.3046875,20779.3515625,0.00737007354464728,6.762448727007942
H1,4232,2662510,2662519,20800.859375,20800.9296875,0.0192713008943428,20.592076837107456
H1,4233,2662795,2662800,20803.0859375,20803.125,0.01130883097096174,11.339417876598658
H1,4234,2663493,2663496,20808.5390625,20808.5625,0.0078079455898636945,7.271270831419435
H1,4235,2664443,2664446,20815.9609375,20815.984375,0.007235260019636589,6.605790858006122
H1,4236,2664745,2664748,20818.3203125,20818.34375,0.00826812469217665,7.806014489533858
H1,4237,2664824,2664840,20818.9375,20819.0625,0.012384451504590579,12.589325262667893
H1,4238,2665066,2665069,20820.828125,20820.8515625,0.006890499404245948,6.2051673796231475
H1,4239,2665183,2665187,20821.7421875,20821.7734375,0.008509390185565326,8.086373140900218
H1,4240,2665277,2665289,20822.4765625,20822.5703125,0.015910815101321238,16.687078854865728
H1,4241,2666643,2666647,20833.1484375,20833.1796875,0.009067158464887128,8.734518718492932
H1,4242,2666815,2666820,20834.4921875,20834.53125,0.013755214207199227,14.182197816670278
H1,4243,2666923,2666926,20835.3359375,20835.359375,0.006784744574120288,6.082276695451651
H1,4244,2667970,2667975,20843.515625,20843.5546875,0.012000885164490938,12.143608221621223
H1,4245,2668722,2668727,20849.390625,20849.4296875,0.020344862244094066,21.839591381967935
H1,4246,2668984,2668988,20851.4375,20851.46875,0.0073483568200845,6.737213159646025
H1,4247,2670204,2670208,20860.96875,20861.0,0.009833850917482423,9.625441241243019
H1,4248,2670545,2670551,20863.6328125,20863.6796875,0.011590255621934071,11.666442825337366
H1,4249,2670611,2670615,20864.1484375,20864.1796875,0.007379497218142972,6.773399353867426
H1,4250,2671806,2671810,20873.484375,20873.515625,0.009142133206296884,8.821641900067508
H1,4251,2672324,2672329,20877.53125,20877.5703125,0.008136491796264238,7.653052618960848
H1,4252,2672697,2672701,20880.4453125,20880.4765625,0.008353051975096906,7.904702860462122
H1,4253,2673263,2673268,20884.8671875,20884.90625,0.010124259545606739,9.962905874840343
H1,4254,2674324,2674329,20893.15625,20893.1953125,0.011100211804034421,11.096995359116256
H1,4255,2674412,2674416,20893.84375,20893.875,0.008630542370737704,8.227156071637422
H1,4256,2674573,2674579,20895.1015625,20895.1484375,0.008756830425910215,8.37390705676403
H1,4257,2675600,2675603,20903.125,20903.1484375,0.006939291556720056,6.261865508612798
H1,4258,2675848,2675851,20905.0625,20905.0859375,0.009198390693829708,8.887015000515623
H1,4259,2676250,2676255,20908.203125,20908.2421875,0.016672722292189565,17.572440741880612
H1,4260,2677055,2677060,20914.4921875,20914.53125,0.013408412138504968,13.77920210060428
H1,4261,2677236,2677241,20915.90625,20915.9453125,0.012714657913139327,12.973036261174078
H1,4262,2677532,2677535,20918.21875,20918.2421875,0.007766429170401797,7.223027349906948
H1,4263,2678804,2678807,20928.15625,20928.1796875,0.007220097336155738,6.588171307725312
H1,4264,2679146,2679150,20930.828125,20930.859375,0.007524951579945625,6.942422234585189
H1,4265,2679679,2679683,20934.9921875,20935.0234375,0.0074535225515029975,6.859419291224685
H1,4266,2680269,2680273,20939.6015625,20939.6328125,0.007937109927287663,7.421364153660405
H1,4267,2680363,2680367,20940.3359375,20940.3671875,0.009479553865645078,9.213736101643237
H1,4268,2680602,2680607,20942.203125,20942.2421875,0.031053363343815164,34.2832313086956
H1,4269,2681188,2681196,20946.78125,20946.84375,0.007214141309322935,6.581250203397905
H1,4270,2681287,2681291,20947.5546875,20947.5859375,0.009452387018936935,9.182167308286196
H1,4271,2682238,2682242,20954.984375,20955.015625,0.007849275822638625,7.319297957713746
H1,4272,2682571,2682575,20957.5859375,20957.6171875,0.008125724522403217,7.6405406831006095
H1,4273,2682827,2682832,20959.5859375,20959.625,0.018486238323209944,19.679807616218763
H1,4274,2682947,2682952,20960.5234375,20960.5625,0.021634802419168687,23.33854542942717
H1,4275,2683583,2683588,20965.4921875,20965.53125,0.007764305004616219,7.22055899752651
H1,4276,2683756,2683760,20966.84375,20966.875,0.008629373612594547,8.225797935203625
H1,4277,2684132,2684156,20969.78125,20969.96875,0.03331818472796875,36.91503024491592
H1,4278,2684256,2684259,20970.75,20970.7734375,0.007599843331550716,7.029448979204
H1,4279,2684362,2684367,20971.578125,20971.6171875,0.013031628057829871,13.341366274060253
H1,4280,2684615,2684619,20973.5546875,20973.5859375,0.010881481351318638,10.842823186068038
H1,4281,2685454,2685469,20980.109375,20980.2265625,0.0076510352146764715,7.088935676254872
H1,4282,2685689,2685694,20981.9453125,20981.984375,0.012874441144598054,13.158709772348594
H1,4283,2686115,2686117,20985.2734375,20985.2890625,0.006850382753005501,6.158550476057135
H1,4284,2686360,2686364,20987.1875,20987.21875,0.010226853875657402,10.082123951187887
H1,4285,2686956,2686975,20991.84375,20991.9921875,0.08858110497435094,101.13240991753496
H1,4286,2687513,2687518,20996.1953125,20996.234375,0.011290991081015963,11.318687321990648
H1,4287,2688426,2688430,21003.328125,21003.359375,0.008515291016315124,8.093230105515085
H1,4288,2688505,2688509,21003.9453125,21003.9765625,0.007330166565987651,6.716075470061928
H1,4289,2688767,2688771,21005.9921875,21006.0234375,0.010042656394524438,9.868080257370785
H1,4290,2689321,2689325,21010.3203125,21010.3515625,0.008281883495633512,7.82200268381478
H1,4291,2689515,2689519,21011.8359375,21011.8671875,0.008811976716419237,8.437988908743003
H1,4292,2690412,2690419,21018.84375,21018.8984375,0.007923109316940666,7.405094971606813
H1,4293,2691860,2691864,21030.15625,21030.1875,0.012027865428837372,12.174960199972677
H1,4294,2691927,2691931,21030.6796875,21030.7109375,0.008900958656495308,8.541388928220718
H1,4295,2692002,2692006,21031.265625,21031.296875,0.011471675243818964,11.528648421256104
H1,4296,2692234,2692243,21033.078125,21033.1484375,0.009401251860583427,9.122746527336393
H1,4297,2692490,2692494,21035.078125,21035.109375,0.010899357328897626,10.863595675724596
H1,4298,2694362,2694365,21049.703125,21049.7265625,0.008372356775476339,7.92713569046718
H1,4299,2694439,2694452,21050.3046875,21050.40625,0.011447726592973632,11.500819280176968
H1,4300,2694689,2694693,21052.2578125,21052.2890625,0.010328267666390606,10.199970200979221
H1,4301,2695170,2695175,21056.015625,21056.0546875,0.015658515648109057,16.393898369544175
H1,4302,2696154,2696157,21063.703125,21063.7265625,0.007480254842977309,6.890483116724159
H1,4303,2696532,2696535,21066.65625,21066.6796875,0.007174435989718942,6.535111281084997
H1,4304,2696690,2696693,21067.890625,21067.9140625,0.007065114545708952,6.4080760711277716
H1,4305,2697225,2697230,21072.0703125,21072.109375,0.012004946143640938,12.148327216541425
H1,4306,2697343,2697348,21072.9921875,21073.03125,0.019130599620152736,20.4285772047174
H1,4307,2697641,2697644,21075.3203125,21075.34375,0.006980992976183194,6.31032396637457
H1,4308,2698159,2698165,21079.3671875,21079.4140625,0.009776561340954643,9.558868818526921
H1,4309,2698602,2698605,21082.828125,21082.8515625,0.0076594111509778046,7.098668797110199
H1,4310,2699902,2699907,21092.984375,21093.0234375,0.01719754621002548,18.18230385882559
H1,4311,2700171,2700175,21095.0859375,21095.1171875,0.015079341535733762,15.720878491022802
H1,4312,2700235,2700244,21095.5859375,21095.65625,0.009967432492595591,9.780667542858346
H1,4313,2700745,2700750,21099.5703125,21099.609375,0.013348481219244068,13.709560348428539
H1,4314,2701224,2701231,21103.3125,21103.3671875,0.013582345665246316,13.981318732782762
H1,4315,2702205,2702208,21110.9765625,21111.0,0.007862493064482456,7.334656839110639
H1,4316,2703640,2703645,21122.1875,21122.2265625,0.01053258238660614,10.43739080601221
H1,4317,2704270,2704274,21127.109375,21127.140625,0.006779099222239159,6.075716605910241
H1,4318,2704499,2704504,21128.8984375,21128.9375,0.01073596900235016,10.673732922305238
H1,4319,2705436,2705441,21136.21875,21136.2578125,0.017601404535244558,18.651600871884533
H1,4320,2705753,2705758,21138.6953125,21138.734375,0.007010099791679627,6.344147068980475
H1,4321,2706554,2706558,21144.953125,21144.984375,0.009227470115936411,8.920806271077529
H1,4322,2707269,2707274,21150.5390625,21150.578125,0.009031876598045097,8.69351999767883
H1,4323,2707447,2707450,21151.9296875,21151.953125,0.007781288565765443,7.2402944691528806
H1,4324,2707861,2707864,21155.1640625,21155.1875,0.006806187711457397,6.107194345217713
H1,4325,2708087,2708091,21156.9296875,21156.9609375,0.007571605616541452,6.996635800715557
H1,4326,2708194,2708198,21157.765625,21157.796875,0.007281649651986451,6.659697177473186
H1,4327,2709538,2709543,21168.265625,21168.3046875,0.016579755519588395,17.464410212432465
H1,4328,2710682,2710687,21177.203125,21177.2421875,0.006719284632365656,6.006210032411346
H1,4329,2712376,2712384,21190.4375,21190.5,0.008105493266662774,7.61703128067769
H1,4330,2712525,2712530,21191.6015625,21191.640625,0.008832252353628474,8.461549883931516
H1,4331,2713248,2713256,21197.25,21197.3125,0.0157572508556299,16.508632015181295
H1,4332,2714080,2714086,21203.75,21203.796875,0.009970270111344276,9.783964951676737
H1,4333,2714220,2714224,21204.84375,21204.875,0.007868530401002946,7.34167242804114
H1,4334,2714779,2714784,21209.2109375,21209.25,0.009527494360983107,9.26944457627849
H1,4335,2714859,2714865,21209.8359375,21209.8828125,0.0073247069844667645,6.709731251952981
H1,4336,2715424,2715428,21214.25,21214.28125,0.01584137621023289,16.60638851832207
H1,4337,2715642,2715645,21215.953125,21215.9765625,0.0075681826903186145,6.992658244845123
H1,4338,2716347,2716351,21221.4609375,21221.4921875,0.009970949931762108,9.78475492596124
H1,4339,2717210,2717215,21228.203125,21228.2421875,0.023949780588997997,26.028628244503988
H1,4340,2717720,2717723,21232.1875,21232.2109375,0.007103281208811549,6.4524270226223575
H1,4341,2718267,2718270,21236.4609375,21236.484375,0.0080484457302915,7.550740116797666
H1,4342,2719417,2719420,21245.4453125,21245.46875,0.007382648361348273,6.777061088692793
H1,4343,2719549,2719552,21246.4765625,21246.5,0.007843299778844869,7.312353593001696
H1,4344,2719712,2719717,21247.75,21247.7890625,0.009267991859510204,8.96789390561572
H1,4345,2719868,2719872,21248.96875,21249.0,0.009536949228539723,9.280431451690259
H1,4346,2719940,2719944,21249.53125,21249.5625,0.016645451012815077,17.540750594238368
H1,4347,2721209,2721213,21259.4453125,21259.4765625,0.009516648323710903,9.256841114674447
H1,4348,2721985,2721988,21265.5078125,21265.53125,0.0077307761776349996,7.181597368234553
H1,4349,2722657,2722660,21270.7578125,21270.78125,0.006828680010998841,6.133331156897653
H1,4350,2722858,2722862,21272.328125,21272.359375,0.007646019976649853,7.083107800292689
H1,4351,2723750,2723760,21279.296875,21279.375,0.019186290802405755,20.493292239305045
H1,4352,2725361,2725366,21291.8828125,21291.921875,0.007365790356093448,6.757471517256003
H1,4353,2725753,2725758,21294.9453125,21294.984375,0.009051163625507846,8.715932174954473
H1,4354,2727714,2727718,21310.265625,21310.296875,0.013978824180605625,14.44204015755278
H1,4355,2727949,2727952,21312.1015625,21312.125,0.008047839548110086,7.550035712630802
H1,4356,2729599,2729602,21324.9921875,21325.015625,0.008361259552173081,7.914240342211968
H1,4357,2730344,2730347,21330.8125,21330.8359375,0.007413105856688973,6.812453726893067
H1,4358,2730750,2730762,21333.984375,21334.078125,0.009545654239880894,9.290546968855441
H1,4359,2730835,2730848,21334.6484375,21334.75,0.015194343644388451,15.854514825145289
H1,4360,2731658,2731661,21341.078125,21341.1015625,0.007640386232790879,7.076561199665052
H1,4361,2731726,2731730,21341.609375,21341.640625,0.00770257063133751,7.148821570875598
H1,4362,2732277,2732281,21345.9140625,21345.9453125,0.009724655442146218,9.498552411138961
H1,4363,2733253,2733256,21353.5390625,21353.5625,0.006779697449881115,6.076411766633614
H1,4364,2733743,2733747,21357.3671875,21357.3984375,0.006799747058897378,6.099710089428441
H1,4365,2734124,2734127,21360.34375,21360.3671875,0.007421255211379509,6.821923552264506
H1,4366,2734307,2734310,21361.7734375,21361.796875,0.0071428640141308,6.498423579198827
H1,4367,2735353,2735356,21369.9453125,21369.96875,0.007680456288413662,7.123123957549705
H1,4368,2735538,2735551,21371.390625,21371.4921875,0.01107073172533922,11.06273851206749
H1,4369,2735754,2735761,21373.078125,21373.1328125,0.017035086224091542,17.99351986855119
H1,4370,2735866,2735870,21373.953125,21373.984375,0.010601952445834206,10.518001157609625
H1,4371,2736911,2736916,21382.1171875,21382.15625,0.00944294084407017,9.171190534073604
H1,4372,2737310,2737314,21385.234375,21385.265625,0.009530145313095198,9.272525072161029
H1,4373,2737511,2737514,21386.8046875,21386.828125,0.006756090457514144,6.048979644244866
H1,4374,2737820,2737838,21389.21875,21389.359375,0.011412144399553384,11.459471569736309
H1,4375,2738092,2738097,21391.34375,21391.3828125,0.01802936323781196,19.148903337343214
H1,4376,2738917,2738921,21397.7890625,21397.8203125,0.009685182851707538,9.452683927975906
H1,4377,2739508,2739523,21402.40625,21402.5234375,0.010453129823682577,10.34506424461304
H1,4378,2739665,2739669,21403.6328125,21403.6640625,0.009276311567180862,8.977561686903242
H1,4379,2740008,2740011,21406.3125,21406.3359375,0.007833965365572237,7.3015066895359135
H1,4380,2740218,2740223,21407.953125,21407.9921875,0.008057555637584502,7.561326136733073
H1,4381,2740519,2740523,21410.3046875,21410.3359375,0.009772557672642823,9.554216420736196
H1,4382,2741172,2741174,21415.40625,21415.421875,0.007360894768037006,6.7517826786
H1,4383,2741464,2741469,21417.6875,21417.7265625,0.017742935642789445,18.816064798658132
H1,4384,2741857,2741861,21420.7578125,21420.7890625,0.007886116469679325,7.362108033762025
H1,4385,2742165,2742171,21423.1640625,21423.2109375,0.027213078411702146,29.82069052299247
H1,4386,2742386,2742389,21424.890625,21424.9140625,0.007586479050370918,7.013919233132882
H1,4387,2742519,2742524,21425.9296875,21425.96875,0.007227037697216463,6.596236241668625
H1,4388,2742654,2742657,21426.984375,21427.0078125,0.007552625761134296,6.9745805677423665
H1,4389,2742842,2742848,21428.453125,21428.5,0.02495720840333664,27.199293387744888
H1,4390,2743241,2743243,21431.5703125,21431.5859375,0.006844025475293404,6.151163104656893
H1,4391,2744077,2744080,21438.1015625,21438.125,0.006863113386045422,6.173343901590071
H1,4392,2744916,2744922,21444.65625,21444.703125,0.011159712272751298,11.166136913222612
H1,4393,2745494,2745498,21449.171875,21449.203125,0.006863461821463673,6.173748795313483
H1,4394,2747107,2747110,21461.7734375,21461.796875,0.007161220429937378,6.519754354301264
H1,4395,2747788,2747791,21467.09375,21467.1171875,0.009512759727250679,9.252322434261497
H1,4396,2749571,2749574,21481.0234375,21481.046875,0.007297832195970546,6.6785018401016245
H1,4397,2749648,2749652,21481.625,21481.65625,0.007156796351114319,6.514613425298321
H1,4398,2749763,2749767,21482.5234375,21482.5546875,0.008071948112678893,7.578050678857243
H1,4399,2750575,2750580,21488.8671875,21488.90625,0.007774338411587893,7.232218155277083
H1,4400,2751192,2751196,21493.6875,21493.71875,0.006943349833621342,6.266581363428733
H1,4401,2751996,2752000,21499.96875,21500.0,0.008885573597407093,8.523510969974053
H1,4402,2752222,2752226,21501.734375,21501.765625,0.010509663819713544,10.410758657274277
H1,4403,2752292,2752295,21502.28125,21502.3046875,0.008252919355677362,7.788345375005141
H1,4404,2752492,2752512,21503.84375,21504.0,0.1301768463867539,149.4680662153802
H1,4405,2754188,2754192,21517.09375,21517.125,0.007891885731228369,7.368812110522244
H1,4406,2754806,2754810,21521.921875,21521.953125,0.006830435603220529,6.135371214349336
H1,4407,2755125,2755128,21524.4140625,21524.4375,0.00675682549747374,6.049833785501779
H1,4408,2755389,2755391,21526.4765625,21526.4921875,0.007498480427297715,6.911661861221207
H1,4409,2756265,2756268,21533.3203125,21533.34375,0.008104692701000104,7.616100996340863
H1,4410,2756855,2756858,21537.9296875,21537.953125,0.008261033185428215,7.797773919196916
H1,4411,2757277,2757280,21541.2265625,21541.25,0.006976030971375718,6.304557949210829
H1,4412,2757528,2757532,21543.1875,21543.21875,0.00810915930150695,7.621291336976415
H1,4413,2758042,2758051,21547.203125,21547.2734375,0.010351579458940984,10.227059291211562
H1,4414,2758139,2758142,21547.9609375,21547.984375,0.006977460429866268,6.306219028252701
H1,4415,2758696,2758700,21552.3125,21552.34375,0.008802400109514096,8.426860568096851
H1,4416,2758767,2758771,21552.8671875,21552.8984375,0.007058775353027887,6.400709715144358
H1,4417,2759417,2759420,21557.9453125,21557.96875,0.007971794046489854,7.461668271529806
H1,4418,2759538,2759542,21558.890625,21558.921875,0.009075816873407238,8.744580081606166
H1,4419,2759644,2759648,21559.71875,21559.75,0.010913085727423414,10.879548538448772
H1,4420,2759868,2759871,21561.46875,21561.4921875,0.006796062188287249,6.095428145333554
H1,4421,2760546,2760551,21566.765625,21566.8046875,0.018523066817440342,19.722603570291046
H1,4422,2760962,2760966,21570.015625,21570.046875,0.00931322699261223,9.0204586579669
H1,4423,2761135,2761144,21571.3671875,21571.4375,0.02055088928554269,22.079001762102504
H1,4424,2761214,2761218,21571.984375,21572.015625,0.009796380805935532,9.58189970618019
H1,4425,2761778,2761782,21576.390625,21576.421875,0.01649552240322769,17.36652848648988
H1,4426,2762700,2762705,21583.59375,21583.6328125,0.01016263781584636,10.007502720974573
H1,4427,2763351,2763355,21588.6796875,21588.7109375,0.006795891048461545,6.0952292750763295
H1,4428,2763478,2763484,21589.671875,21589.71875,0.01396637288420496,14.427571330628453
H1,4429,2763849,2763860,21592.5703125,21592.65625,0.03608241495044703,40.12715911736791
H1,4430,2764076,2764081,21594.34375,21594.3828125,0.015057764957324114,15.695805778223859
